user_device,user_osName,user_browserName,user_lat_lng,dest_lat_lng,booked_flight,booked_hotel,booked_rental,subscriber_id,subscriber_name,subscriber_tier,avg_daily_rate,commission_rate,mobile_optimized,p_conversion_ground_truth
mobile,iOS,Safari,"31.911,-86.7503","35.593,-96.7147",0.0,0,0.0,SUB_1,BudgetInns Global,1,85.0,0.1,1,0.029312230751356333
mobile,iOS,Safari,"31.911,-86.7503","35.593,-96.7147",0.0,0,0.0,SUB_2,Urban Stay Suites,2,180.0,0.12,1,0.029312230751356333
mobile,iOS,Safari,"31.911,-86.7503","35.593,-96.7147",0.0,0,0.0,SUB_3,Grand Horizon Resorts,3,450.0,0.15,0,0.013386917827664779
mobile,iOS,Safari,"31.911,-86.7503","35.593,-96.7147",0.0,0,0.0,SUB_4,EcoLodge Boutique,2,220.0,0.14,1,0.029312230751356333
mobile,iOS,Safari,"31.911,-86.7503","35.593,-96.7147",0.0,0,0.0,SUB_5,Express Stop Motel,1,-99.0,0.08,0,0.013386917827664779
tablet,Android,Samsung Internet,"32.8087,-95.098","42.0114,-111.0755",1.0,0,0.0,SUB_1,BudgetInns Global,1,85.0,0.1,1,0.06913842034334684
tablet,Android,Samsung Internet,"32.8087,-95.098","42.0114,-111.0755",1.0,0,0.0,SUB_2,Urban Stay Suites,2,180.0,0.12,1,0.06913842034334684
tablet,Android,Samsung Internet,"32.8087,-95.098","42.0114,-111.0755",1.0,0,0.0,SUB_3,Grand Horizon Resorts,3,450.0,0.15,0,0.06913842034334684
tablet,Android,Samsung Internet,"32.8087,-95.098","42.0114,-111.0755",1.0,0,0.0,SUB_4,EcoLodge Boutique,2,220.0,0.14,1,0.06913842034334684
tablet,Android,Samsung Internet,"32.8087,-95.098","42.0114,-111.0755",1.0,0,0.0,SUB_5,Express Stop Motel,1,-99.0,0.08,0,0.06913842034334684
desktop,macOS,Safari,"41.0669,-82.8588","51.3274,-87.1283",0.0,0,0.0,SUB_1,BudgetInns Global,1,85.0,0.1,1,0.029312230751356333
desktop,macOS,Safari,"41.0669,-82.8588","51.3274,-87.1283",0.0,0,0.0,SUB_2,Urban Stay Suites,2,180.0,0.12,1,0.029312230751356333
desktop,macOS,Safari,"41.0669,-82.8588","51.3274,-87.1283",0.0,0,0.0,SUB_3,Grand Horizon Resorts,3,450.0,0.15,0,0.057324175898868755
desktop,macOS,Safari,"41.0669,-82.8588","51.3274,-87.1283",0.0,0,0.0,SUB_4,EcoLodge Boutique,2,220.0,0.14,1,0.029312230751356333
desktop,macOS,Safari,"41.0669,-82.8588","51.3274,-87.1283",0.0,0,0.0,SUB_5,Express Stop Motel,1,-99.0,0.08,0,0.029312230751356333
desktop,Linux,Firefox,"29.896,-103.6478","29.3774,-98.9793",0.0,0,1.0,SUB_1,BudgetInns Global,1,85.0,0.1,1,0.025332703226871745
desktop,Linux,Firefox,"29.896,-103.6478","29.3774,-98.9793",0.0,0,1.0,SUB_2,Urban Stay Suites,2,180.0,0.12,1,0.025332703226871745
desktop,Linux,Firefox,"29.896,-103.6478","29.3774,-98.9793",0.0,0,1.0,SUB_3,Grand Horizon Resorts,3,450.0,0.15,0,0.025332703226871745
desktop,Linux,Firefox,"29.896,-103.6478","29.3774,-98.9793",0.0,0,1.0,SUB_4,EcoLodge Boutique,2,220.0,0.14,1,0.025332703226871745
desktop,Linux,Firefox,"29.896,-103.6478","29.3774,-98.9793",0.0,0,1.0,SUB_5,Express Stop Motel,1,-99.0,0.08,0,0.025332703226871745
mobile,Android,Samsung Internet,"47.4239,-75.4971","55.7476,-61.0651",1.0,0,0.0,SUB_1,BudgetInns Global,1,85.0,0.1,1,0.06913842034334684
mobile,Android,Samsung Internet,"47.4239,-75.4971","55.7476,-61.0651",1.0,0,0.0,SUB_2,Urban Stay Suites,2,180.0,0.12,1,0.06913842034334684
mobile,Android,Samsung Internet,"47.4239,-75.4971","55.7476,-61.0651",1.0,0,0.0,SUB_3,Grand Horizon Resorts,3,450.0,0.15,0,0.03229546469845053
mobile,Android,Samsung Internet,"47.4239,-75.4971","55.7476,-61.0651",1.0,1,0.0,SUB_4,EcoLodge Boutique,2,220.0,0.14,1,0.06913842034334684
mobile,Android,Samsung Internet,"47.4239,-75.4971","55.7476,-61.0651",1.0,0,0.0,SUB_5,Express Stop Motel,1,-99.0,0.08,0,0.03229546469845053
mobile,iOS,Chrome,"38.0048,-115.7849","43.1902,-121.937",0.0,0,1.0,SUB_1,BudgetInns Global,1,85.0,0.1,1,0.025332703226871745
mobile,iOS,Chrome,"38.0048,-115.7849","43.1902,-121.937",0.0,0,1.0,SUB_2,Urban Stay Suites,2,180.0,0.12,1,0.025332703226871745
mobile,iOS,Chrome,"38.0048,-115.7849","43.1902,-121.937",0.0,0,1.0,SUB_3,Grand Horizon Resorts,3,450.0,0.15,0,0.011543752483922297
mobile,iOS,Chrome,"38.0048,-115.7849","43.1902,-121.937",0.0,0,1.0,SUB_4,EcoLodge Boutique,2,220.0,0.14,1,0.025332703226871745
mobile,iOS,Chrome,"38.0048,-115.7849","43.1902,-121.937",0.0,0,1.0,SUB_5,Express Stop Motel,1,-99.0,0.08,0,0.011543752483922297
mobile,iOS,Chrome,"36.1901,-79.6405","42.9177,-73.489",0.0,0,1.0,SUB_1,BudgetInns Global,1,85.0,0.1,1,0.025332703226871745
mobile,iOS,Chrome,"36.1901,-79.6405","42.9177,-73.489",0.0,0,1.0,SUB_2,Urban Stay Suites,2,180.0,0.12,1,0.025332703226871745
mobile,iOS,Chrome,"36.1901,-79.6405","42.9177,-73.489",0.0,0,1.0,SUB_3,Grand Horizon Resorts,3,450.0,0.15,0,0.011543752483922297
mobile,iOS,Chrome,"36.1901,-79.6405","42.9177,-73.489",0.0,0,1.0,SUB_4,EcoLodge Boutique,2,220.0,0.14,1,0.025332703226871745
mobile,iOS,Chrome,"36.1901,-79.6405","42.9177,-73.489",0.0,0,1.0,SUB_5,Express Stop Motel,1,-99.0,0.08,0,0.011543752483922297
desktop,Windows,Chrome,"38.9455,-76.934","38.7235,-82.9261",0.0,0,0.0,SUB_1,BudgetInns Global,1,85.0,0.1,1,0.016302499371440946
desktop,Windows,Chrome,"38.9455,-76.934","38.7235,-82.9261",0.0,0,0.0,SUB_2,Urban Stay Suites,2,180.0,0.12,1,0.016302499371440946
desktop,Windows,Chrome,"38.9455,-76.934","38.7235,-82.9261",0.0,0,0.0,SUB_3,Grand Horizon Resorts,3,450.0,0.15,0,0.016302499371440946
desktop,Windows,Chrome,"38.9455,-76.934","38.7235,-82.9261",0.0,0,0.0,SUB_4,EcoLodge Boutique,2,220.0,0.14,1,0.016302499371440946
desktop,Windows,Chrome,"38.9455,-76.934","38.7235,-82.9261",0.0,0,0.0,SUB_5,Express Stop Motel,1,-99.0,0.08,0,0.016302499371440946
desktop,Linux,Firefox,"29.1509,-79.1374","33.1533,-74.4486",0.0,0,0.0,SUB_1,BudgetInns Global,1,85.0,0.1,1,0.016302499371440946
desktop,Linux,Firefox,"29.1509,-79.1374","33.1533,-74.4486",0.0,0,0.0,SUB_2,Urban Stay Suites,2,180.0,0.12,1,0.016302499371440946
desktop,Linux,Firefox,"29.1509,-79.1374","33.1533,-74.4486",0.0,0,0.0,SUB_3,Grand Horizon Resorts,3,450.0,0.15,0,0.016302499371440946
desktop,Linux,Firefox,"29.1509,-79.1374","33.1533,-74.4486",0.0,0,0.0,SUB_4,EcoLodge Boutique,2,220.0,0.14,1,0.016302499371440946
desktop,Linux,Firefox,"29.1509,-79.1374","33.1533,-74.4486",0.0,0,0.0,SUB_5,Express Stop Motel,1,-99.0,0.08,0,0.016302499371440946
desktop,Windows,Edge,"40.3368,-94.3637","49.5026,-78.9714",0.0,0,0.0,SUB_1,BudgetInns Global,1,85.0,0.1,1,0.029312230751356333
desktop,Windows,Edge,"40.3368,-94.3637","49.5026,-78.9714",0.0,0,0.0,SUB_2,Urban Stay Suites,2,180.0,0.12,1,0.029312230751356333
desktop,Windows,Edge,"40.3368,-94.3637","49.5026,-78.9714",0.0,0,0.0,SUB_3,Grand Horizon Resorts,3,450.0,0.15,0,0.029312230751356333
desktop,Windows,Edge,"40.3368,-94.3637","49.5026,-78.9714",0.0,0,0.0,SUB_4,EcoLodge Boutique,2,220.0,0.14,1,0.029312230751356333
desktop,Windows,Edge,"40.3368,-94.3637","49.5026,-78.9714",0.0,0,0.0,SUB_5,Express Stop Motel,1,-99.0,0.08,0,0.029312230751356333
mobile,Android,Samsung Internet,"34.0775,-98.0808","31.014,-108.8265",0.0,0,0.0,SUB_1,BudgetInns Global,1,85.0,0.1,1,0.029312230751356333
mobile,Android,Samsung Internet,"34.0775,-98.0808","31.014,-108.8265",0.0,0,0.0,SUB_2,Urban Stay Suites,2,180.0,0.12,1,0.029312230751356333
mobile,Android,Samsung Internet,"34.0775,-98.0808","31.014,-108.8265",0.0,0,0.0,SUB_3,Grand Horizon Resorts,3,450.0,0.15,0,0.013386917827664779
mobile,Android,Samsung Internet,"34.0775,-98.0808","31.014,-108.8265",0.0,0,0.0,SUB_4,EcoLodge Boutique,2,220.0,0.14,1,0.029312230751356333
mobile,Android,Samsung Internet,"34.0775,-98.0808","31.014,-108.8265",0.0,0,0.0,SUB_5,Express Stop Motel,1,-99.0,0.08,0,0.013386917827664779
tablet,Android,Samsung Internet,"47.4297,-70.1869","56.6091,-74.0172",0.0,0,0.0,SUB_1,BudgetInns Global,1,85.0,0.1,1,0.029312230751356333
tablet,Android,Samsung Internet,"47.4297,-70.1869","56.6091,-74.0172",0.0,0,0.0,SUB_2,Urban Stay Suites,2,180.0,0.12,1,0.029312230751356333
tablet,Android,Samsung Internet,"47.4297,-70.1869","56.6091,-74.0172",0.0,0,0.0,SUB_3,Grand Horizon Resorts,3,450.0,0.15,0,0.029312230751356333
tablet,Android,Samsung Internet,"47.4297,-70.1869","56.6091,-74.0172",0.0,0,0.0,SUB_4,EcoLodge Boutique,2,220.0,0.14,1,0.029312230751356333
tablet,Android,Samsung Internet,"47.4297,-70.1869","56.6091,-74.0172",0.0,0,0.0,SUB_5,Express Stop Motel,1,-99.0,0.08,0,0.029312230751356333
desktop,macOS,Safari,"29.2214,-108.5414","31.9819,-88.8108",0.0,0,1.0,SUB_1,BudgetInns Global,1,85.0,0.1,1,0.045217473483287515
desktop,macOS,Safari,"29.2214,-108.5414","31.9819,-88.8108",0.0,0,1.0,SUB_2,Urban Stay Suites,2,180.0,0.12,1,0.045217473483287515
desktop,macOS,Safari,"29.2214,-108.5414","31.9819,-88.8108",0.0,0,1.0,SUB_3,Grand Horizon Resorts,3,450.0,0.15,0,0.08706577244027129
desktop,macOS,Safari,"29.2214,-108.5414","31.9819,-88.8108",0.0,0,1.0,SUB_4,EcoLodge Boutique,2,220.0,0.14,1,0.045217473483287515
desktop,macOS,Safari,"29.2214,-108.5414","31.9819,-88.8108",0.0,0,1.0,SUB_5,Express Stop Motel,1,-99.0,0.08,0,0.045217473483287515
mobile,Android,Samsung Internet,"37.6763,-92.6562","27.6533,-77.9139",0.0,0,0.0,SUB_1,BudgetInns Global,1,85.0,0.1,1,0.029312230751356333
mobile,Android,Samsung Internet,"37.6763,-92.6562","27.6533,-77.9139",0.0,0,0.0,SUB_2,Urban Stay Suites,2,180.0,0.12,1,0.029312230751356333
mobile,Android,Samsung Internet,"37.6763,-92.6562","27.6533,-77.9139",0.0,0,0.0,SUB_3,Grand Horizon Resorts,3,450.0,0.15,0,0.013386917827664779
mobile,Android,Samsung Internet,"37.6763,-92.6562","27.6533,-77.9139",0.0,0,0.0,SUB_4,EcoLodge Boutique,2,220.0,0.14,1,0.029312230751356333
mobile,Android,Samsung Internet,"37.6763,-92.6562","27.6533,-77.9139",0.0,0,0.0,SUB_5,Express Stop Motel,1,-99.0,0.08,0,0.013386917827664779
mobile,iOS,Safari,"39.9528,-86.4662","25.6933,-83.8806",0.0,0,0.0,SUB_1,BudgetInns Global,1,85.0,0.1,1,0.029312230751356333
mobile,iOS,Safari,"39.9528,-86.4662","25.6933,-83.8806",0.0,0,0.0,SUB_2,Urban Stay Suites,2,180.0,0.12,1,0.029312230751356333
mobile,iOS,Safari,"39.9528,-86.4662","25.6933,-83.8806",0.0,0,0.0,SUB_3,Grand Horizon Resorts,3,450.0,0.15,0,0.013386917827664779
mobile,iOS,Safari,"39.9528,-86.4662","25.6933,-83.8806",0.0,0,0.0,SUB_4,EcoLodge Boutique,2,220.0,0.14,1,0.029312230751356333
mobile,iOS,Safari,"39.9528,-86.4662","25.6933,-83.8806",0.0,0,0.0,SUB_5,Express Stop Motel,1,-99.0,0.08,0,0.013386917827664779
mobile,Android,Chrome,"0.0,0.0","21.7172,-84.2915",0.0,0,0.0,SUB_1,BudgetInns Global,1,85.0,0.1,1,0.029312230751356333
mobile,Android,Chrome,"0.0,0.0","21.7172,-84.2915",0.0,0,0.0,SUB_2,Urban Stay Suites,2,180.0,0.12,1,0.029312230751356333
mobile,Android,Chrome,"0.0,0.0","21.7172,-84.2915",0.0,0,0.0,SUB_3,Grand Horizon Resorts,3,450.0,0.15,0,0.013386917827664779
mobile,Android,Chrome,"0.0,0.0","21.7172,-84.2915",0.0,0,0.0,SUB_4,EcoLodge Boutique,2,220.0,0.14,1,0.029312230751356333
mobile,Android,Chrome,"0.0,0.0","21.7172,-84.2915",0.0,0,0.0,SUB_5,Express Stop Motel,1,-99.0,0.08,0,0.013386917827664779
mobile,iOS,,"34.0923,-109.7988","35.4932,-118.4148",0.0,0,0.0,SUB_1,BudgetInns Global,1,85.0,0.1,1,0.016302499371440946
mobile,iOS,,"34.0923,-109.7988","35.4932,-118.4148",0.0,0,0.0,SUB_2,Urban Stay Suites,2,180.0,0.12,1,0.016302499371440946
mobile,iOS,,"34.0923,-109.7988","35.4932,-118.4148",0.0,0,0.0,SUB_3,Grand Horizon Resorts,3,450.0,0.15,0,0.007391541344281977
mobile,iOS,,"34.0923,-109.7988","35.4932,-118.4148",0.0,0,0.0,SUB_4,EcoLodge Boutique,2,220.0,0.14,1,0.016302499371440946
mobile,iOS,,"34.0923,-109.7988","35.4932,-118.4148",0.0,0,0.0,SUB_5,Express Stop Motel,1,-99.0,0.08,0,0.007391541344281977
mobile,Android,Samsung Internet,"43.3159,-87.3003","53.5105,-86.6119",0.0,0,0.0,SUB_1,BudgetInns Global,1,85.0,0.1,1,0.029312230751356333
mobile,Android,Samsung Internet,"43.3159,-87.3003","53.5105,-86.6119",0.0,0,0.0,SUB_2,Urban Stay Suites,2,180.0,0.12,1,0.029312230751356333
mobile,Android,Samsung Internet,"43.3159,-87.3003","53.5105,-86.6119",0.0,0,0.0,SUB_3,Grand Horizon Resorts,3,450.0,0.15,0,0.013386917827664779
mobile,Android,Samsung Internet,"43.3159,-87.3003","53.5105,-86.6119",0.0,0,0.0,SUB_4,EcoLodge Boutique,2,220.0,0.14,1,0.029312230751356333
mobile,Android,Samsung Internet,"43.3159,-87.3003","53.5105,-86.6119",0.0,0,0.0,SUB_5,Express Stop Motel,1,-99.0,0.08,0,0.013386917827664779
mobile,iOS,Chrome,"45.5094,-79.0815","34.334,-65.1542",1.0,0,0.0,SUB_1,BudgetInns Global,1,85.0,0.1,1,0.06913842034334684
mobile,iOS,Chrome,"45.5094,-79.0815","34.334,-65.1542",1.0,0,0.0,SUB_2,Urban Stay Suites,2,180.0,0.12,1,0.06913842034334684
mobile,iOS,Chrome,"45.5094,-79.0815","34.334,-65.1542",1.0,0,0.0,SUB_3,Grand Horizon Resorts,3,450.0,0.15,0,0.03229546469845053
mobile,iOS,Chrome,"45.5094,-79.0815","34.334,-65.1542",1.0,0,0.0,SUB_4,EcoLodge Boutique,2,220.0,0.14,1,0.06913842034334684
mobile,iOS,Chrome,"45.5094,-79.0815","34.334,-65.1542",1.0,0,0.0,SUB_5,Express Stop Motel,1,-99.0,0.08,0,0.03229546469845053
mobile,iOS,Safari,"32.829,-117.4991","41.8352,-110.0921",0.0,0,0.0,SUB_1,BudgetInns Global,1,85.0,0.1,1,0.029312230751356333
mobile,iOS,Safari,"32.829,-117.4991","41.8352,-110.0921",0.0,0,0.0,SUB_2,Urban Stay Suites,2,180.0,0.12,1,0.029312230751356333
mobile,iOS,Safari,"32.829,-117.4991","41.8352,-110.0921",0.0,0,0.0,SUB_3,Grand Horizon Resorts,3,450.0,0.15,0,0.013386917827664779
mobile,iOS,Safari,"32.829,-117.4991","41.8352,-110.0921",0.0,0,0.0,SUB_4,EcoLodge Boutique,2,220.0,0.14,1,0.029312230751356333
mobile,iOS,Safari,"32.829,-117.4991","41.8352,-110.0921",0.0,0,0.0,SUB_5,Express Stop Motel,1,-99.0,0.08,0,0.013386917827664779
desktop,macOS,Firefox,"44.9648,-74.4239","55.8551,-82.8221",0.0,0,0.0,SUB_1,BudgetInns Global,1,85.0,0.1,1,0.029312230751356333
desktop,macOS,Firefox,"44.9648,-74.4239","55.8551,-82.8221",0.0,0,0.0,SUB_2,Urban Stay Suites,2,180.0,0.12,1,0.029312230751356333
desktop,macOS,Firefox,"44.9648,-74.4239","55.8551,-82.8221",0.0,0,0.0,SUB_3,Grand Horizon Resorts,3,450.0,0.15,0,0.057324175898868755
desktop,macOS,Firefox,"44.9648,-74.4239","55.8551,-82.8221",0.0,0,0.0,SUB_4,EcoLodge Boutique,2,220.0,0.14,1,0.029312230751356333
desktop,macOS,Firefox,"44.9648,-74.4239","55.8551,-82.8221",0.0,0,0.0,SUB_5,Express Stop Motel,1,-99.0,0.08,0,0.029312230751356333
mobile,iOS,Chrome,"49.1939,-118.5248","38.7145,-130.4662",0.0,0,0.0,SUB_1,BudgetInns Global,1,85.0,0.1,1,0.029312230751356333
mobile,iOS,Chrome,"49.1939,-118.5248","38.7145,-130.4662",0.0,0,0.0,SUB_2,Urban Stay Suites,2,180.0,0.12,1,0.029312230751356333
mobile,iOS,Chrome,"49.1939,-118.5248","38.7145,-130.4662",0.0,0,0.0,SUB_3,Grand Horizon Resorts,3,450.0,0.15,0,0.013386917827664779
mobile,iOS,Chrome,"49.1939,-118.5248","38.7145,-130.4662",0.0,0,0.0,SUB_4,EcoLodge Boutique,2,220.0,0.14,1,0.029312230751356333
mobile,iOS,Chrome,"49.1939,-118.5248","38.7145,-130.4662",0.0,0,0.0,SUB_5,Express Stop Motel,1,-99.0,0.08,0,0.013386917827664779
mobile,iOS,Safari,"46.4218,-102.2014","56.9696,-111.5931",0.0,0,0.0,SUB_1,BudgetInns Global,1,85.0,0.1,1,0.029312230751356333
mobile,iOS,Safari,"46.4218,-102.2014","56.9696,-111.5931",0.0,0,0.0,SUB_2,Urban Stay Suites,2,180.0,0.12,1,0.029312230751356333
mobile,iOS,Safari,"46.4218,-102.2014","56.9696,-111.5931",0.0,0,0.0,SUB_3,Grand Horizon Resorts,3,450.0,0.15,0,0.013386917827664779
mobile,iOS,Safari,"46.4218,-102.2014","56.9696,-111.5931",0.0,0,0.0,SUB_4,EcoLodge Boutique,2,220.0,0.14,1,0.029312230751356333
mobile,iOS,Safari,"46.4218,-102.2014","56.9696,-111.5931",0.0,0,0.0,SUB_5,Express Stop Motel,1,-99.0,0.08,0,0.013386917827664779
mobile,Android,CHROME_v118,"27.9411,-119.2093","42.6847,-132.4189",0.0,0,0.0,SUB_1,BudgetInns Global,1,85.0,0.1,1,0.029312230751356333
mobile,Android,CHROME_v118,"27.9411,-119.2093","42.6847,-132.4189",0.0,0,0.0,SUB_2,Urban Stay Suites,2,180.0,0.12,1,0.029312230751356333
mobile,Android,CHROME_v118,"27.9411,-119.2093","42.6847,-132.4189",0.0,0,0.0,SUB_3,Grand Horizon Resorts,3,450.0,0.15,0,0.013386917827664779
mobile,Android,CHROME_v118,"27.9411,-119.2093","42.6847,-132.4189",0.0,0,0.0,SUB_4,EcoLodge Boutique,2,220.0,0.14,1,0.029312230751356333
mobile,Android,CHROME_v118,"27.9411,-119.2093","42.6847,-132.4189",0.0,0,0.0,SUB_5,Express Stop Motel,1,-99.0,0.08,0,0.013386917827664779
mobile,iOS,Safari,"43.4933,-116.1427","50.2985,-132.3171",0.0,0,0.0,SUB_1,BudgetInns Global,1,85.0,0.1,1,0.029312230751356333
mobile,iOS,Safari,"43.4933,-116.1427","50.2985,-132.3171",0.0,0,0.0,SUB_2,Urban Stay Suites,2,180.0,0.12,1,0.029312230751356333
mobile,iOS,Safari,"43.4933,-116.1427","50.2985,-132.3171",0.0,0,0.0,SUB_3,Grand Horizon Resorts,3,450.0,0.15,0,0.013386917827664779
mobile,iOS,Safari,"43.4933,-116.1427","50.2985,-132.3171",0.0,0,0.0,SUB_4,EcoLodge Boutique,2,220.0,0.14,1,0.029312230751356333
mobile,iOS,Safari,"43.4933,-116.1427","50.2985,-132.3171",0.0,0,0.0,SUB_5,Express Stop Motel,1,-99.0,0.08,0,0.013386917827664779
desktop,macOS,Chrome,"32.9917,-74.4416","41.5348,-77.6762",0.0,0,0.0,SUB_1,BudgetInns Global,1,85.0,0.1,1,0.016302499371440946
desktop,macOS,Chrome,"32.9917,-74.4416","41.5348,-77.6762",0.0,0,0.0,SUB_2,Urban Stay Suites,2,180.0,0.12,1,0.016302499371440946
desktop,macOS,Chrome,"32.9917,-74.4416","41.5348,-77.6762",0.0,0,0.0,SUB_3,Grand Horizon Resorts,3,450.0,0.15,0,0.03229546469845053
desktop,macOS,Chrome,"32.9917,-74.4416","41.5348,-77.6762",0.0,0,0.0,SUB_4,EcoLodge Boutique,2,220.0,0.14,1,0.016302499371440946
desktop,macOS,Chrome,"32.9917,-74.4416","41.5348,-77.6762",0.0,0,0.0,SUB_5,Express Stop Motel,1,-99.0,0.08,0,0.016302499371440946
mobile,Android,Chrome,"49.7104,-102.257","64.5429,-117.725",0.0,0,0.0,SUB_1,BudgetInns Global,1,85.0,0.1,1,0.029312230751356333
mobile,Android,Chrome,"49.7104,-102.257","64.5429,-117.725",0.0,0,0.0,SUB_2,Urban Stay Suites,2,180.0,0.12,1,0.029312230751356333
mobile,Android,Chrome,"49.7104,-102.257","64.5429,-117.725",0.0,1,0.0,SUB_3,Grand Horizon Resorts,3,450.0,0.15,0,0.013386917827664779
mobile,Android,Chrome,"49.7104,-102.257","64.5429,-117.725",0.0,0,0.0,SUB_4,EcoLodge Boutique,2,220.0,0.14,1,0.029312230751356333
mobile,Android,Chrome,"49.7104,-102.257","64.5429,-117.725",0.0,0,0.0,SUB_5,Express Stop Motel,1,-99.0,0.08,0,0.013386917827664779
mobile,iOS,safari_mobile,"37.134,-98.7614","40.2984,-111.8849",1.0,0,0.0,SUB_1,BudgetInns Global,1,85.0,0.1,1,0.06913842034334684
mobile,iOS,safari_mobile,"37.134,-98.7614","40.2984,-111.8849",1.0,0,0.0,SUB_2,Urban Stay Suites,2,180.0,0.12,1,0.06913842034334684
mobile,iOS,safari_mobile,"37.134,-98.7614","40.2984,-111.8849",1.0,0,0.0,SUB_3,Grand Horizon Resorts,3,450.0,0.15,0,0.03229546469845053
mobile,iOS,safari_mobile,"37.134,-98.7614","40.2984,-111.8849",1.0,1,0.0,SUB_4,EcoLodge Boutique,2,220.0,0.14,1,0.06913842034334684
mobile,iOS,safari_mobile,"37.134,-98.7614","40.2984,-111.8849",1.0,0,0.0,SUB_5,Express Stop Motel,1,-99.0,0.08,0,0.03229546469845053
desktop,Windows,Edge,"28.0608,-109.2328","22.2974,-107.3398",1.0,0,0.0,SUB_1,BudgetInns Global,1,85.0,0.1,1,0.03916572279676437
desktop,Windows,Edge,"28.0608,-109.2328","22.2974,-107.3398",1.0,0,0.0,SUB_2,Urban Stay Suites,2,180.0,0.12,1,0.03916572279676437
desktop,Windows,Edge,"28.0608,-109.2328","22.2974,-107.3398",1.0,0,0.0,SUB_3,Grand Horizon Resorts,3,450.0,0.15,0,0.03916572279676437
desktop,Windows,Edge,"28.0608,-109.2328","22.2974,-107.3398",1.0,0,0.0,SUB_4,EcoLodge Boutique,2,220.0,0.14,1,0.03916572279676437
desktop,Windows,Edge,"28.0608,-109.2328","22.2974,-107.3398",1.0,0,0.0,SUB_5,Express Stop Motel,1,-99.0,0.08,0,0.03916572279676437
mobile,iOS,Safari,"43.1296,-90.1452","53.2555,-103.5612",0.0,0,0.0,SUB_1,BudgetInns Global,1,85.0,0.1,1,0.029312230751356333
mobile,iOS,Safari,"43.1296,-90.1452","53.2555,-103.5612",0.0,0,0.0,SUB_2,Urban Stay Suites,2,180.0,0.12,1,0.029312230751356333
mobile,iOS,Safari,"43.1296,-90.1452","53.2555,-103.5612",0.0,0,0.0,SUB_3,Grand Horizon Resorts,3,450.0,0.15,0,0.013386917827664779
mobile,iOS,Safari,"43.1296,-90.1452","53.2555,-103.5612",0.0,0,0.0,SUB_4,EcoLodge Boutique,2,220.0,0.14,1,0.029312230751356333
mobile,iOS,Safari,"43.1296,-90.1452","53.2555,-103.5612",0.0,0,0.0,SUB_5,Express Stop Motel,1,-99.0,0.08,0,0.013386917827664779
desktop,macOS,Firefox,"33.0753,-90.2598","36.5099,-107.7046",0.0,0,0.0,SUB_1,BudgetInns Global,1,85.0,0.1,1,0.029312230751356333
desktop,macOS,Firefox,"33.0753,-90.2598","36.5099,-107.7046",0.0,0,0.0,SUB_2,Urban Stay Suites,2,180.0,0.12,1,0.029312230751356333
desktop,macOS,Firefox,"33.0753,-90.2598","36.5099,-107.7046",0.0,1,0.0,SUB_3,Grand Horizon Resorts,3,450.0,0.15,0,0.057324175898868755
desktop,macOS,Firefox,"33.0753,-90.2598","36.5099,-107.7046",0.0,0,0.0,SUB_4,EcoLodge Boutique,2,220.0,0.14,1,0.029312230751356333
desktop,macOS,Firefox,"33.0753,-90.2598","36.5099,-107.7046",0.0,0,0.0,SUB_5,Express Stop Motel,1,-99.0,0.08,0,0.029312230751356333
mobile,iOS, chrome ,"49.927,-101.39","52.3629,-108.6944",0.0,0,0.0,SUB_1,BudgetInns Global,1,85.0,0.1,1,0.016302499371440946
mobile,iOS, chrome ,"49.927,-101.39","52.3629,-108.6944",0.0,0,0.0,SUB_2,Urban Stay Suites,2,180.0,0.12,1,0.016302499371440946
mobile,iOS, chrome ,"49.927,-101.39","52.3629,-108.6944",0.0,0,0.0,SUB_3,Grand Horizon Resorts,3,450.0,0.15,0,0.007391541344281977
mobile,iOS, chrome ,"49.927,-101.39","52.3629,-108.6944",0.0,0,0.0,SUB_4,EcoLodge Boutique,2,220.0,0.14,1,0.016302499371440946
mobile,iOS, chrome ,"49.927,-101.39","52.3629,-108.6944",0.0,0,0.0,SUB_5,Express Stop Motel,1,-99.0,0.08,0,0.007391541344281977
mobile,Android,,"49.4946,-103.3483","42.1037,-114.5355",0.0,0,0.0,SUB_1,BudgetInns Global,1,85.0,0.1,1,0.029312230751356333
mobile,Android,,"49.4946,-103.3483","42.1037,-114.5355",0.0,0,0.0,SUB_2,Urban Stay Suites,2,180.0,0.12,1,0.029312230751356333
mobile,Android,,"49.4946,-103.3483","42.1037,-114.5355",0.0,0,0.0,SUB_3,Grand Horizon Resorts,3,450.0,0.15,0,0.013386917827664779
mobile,Android,,"49.4946,-103.3483","42.1037,-114.5355",0.0,0,0.0,SUB_4,EcoLodge Boutique,2,220.0,0.14,1,0.029312230751356333
mobile,Android,,"49.4946,-103.3483","42.1037,-114.5355",0.0,0,0.0,SUB_5,Express Stop Motel,1,-99.0,0.08,0,0.013386917827664779
tablet,Android,Samsung Internet,"41.4034,-75.7518","49.0934,-75.1396",0.0,0,0.0,SUB_1,BudgetInns Global,1,85.0,0.1,1,0.016302499371440946
tablet,Android,Samsung Internet,"41.4034,-75.7518","49.0934,-75.1396",0.0,0,0.0,SUB_2,Urban Stay Suites,2,180.0,0.12,1,0.016302499371440946
tablet,Android,Samsung Internet,"41.4034,-75.7518","49.0934,-75.1396",0.0,0,0.0,SUB_3,Grand Horizon Resorts,3,450.0,0.15,0,0.016302499371440946
tablet,Android,Samsung Internet,"41.4034,-75.7518","49.0934,-75.1396",0.0,0,0.0,SUB_4,EcoLodge Boutique,2,220.0,0.14,1,0.016302499371440946
tablet,Android,Samsung Internet,"41.4034,-75.7518","49.0934,-75.1396",0.0,0,0.0,SUB_5,Express Stop Motel,1,-99.0,0.08,0,0.016302499371440946
tablet,iOS,Chrome,"28.2457,-100.8358","15.6957,-116.7411",0.0,0,1.0,SUB_1,BudgetInns Global,1,85.0,0.1,1,0.045217473483287515
tablet,iOS,Chrome,"28.2457,-100.8358","15.6957,-116.7411",0.0,0,1.0,SUB_2,Urban Stay Suites,2,180.0,0.12,1,0.045217473483287515
tablet,iOS,Chrome,"28.2457,-100.8358","15.6957,-116.7411",0.0,0,1.0,SUB_3,Grand Horizon Resorts,3,450.0,0.15,0,0.045217473483287515
tablet,iOS,Chrome,"28.2457,-100.8358","15.6957,-116.7411",0.0,0,1.0,SUB_4,EcoLodge Boutique,2,220.0,0.14,1,0.045217473483287515
tablet,iOS,Chrome,"28.2457,-100.8358","15.6957,-116.7411",0.0,0,1.0,SUB_5,Express Stop Motel,1,-99.0,0.08,0,0.045217473483287515
desktop,macOS,Safari,"42.1715,-95.325","54.9001,-85.2542",1.0,0,0.0,SUB_1,BudgetInns Global,1,85.0,0.1,1,0.06913842034334684
desktop,macOS,Safari,"42.1715,-95.325","54.9001,-85.2542",1.0,0,0.0,SUB_2,Urban Stay Suites,2,180.0,0.12,1,0.06913842034334684
desktop,macOS,Safari,"42.1715,-95.325","54.9001,-85.2542",1.0,0,0.0,SUB_3,Grand Horizon Resorts,3,450.0,0.15,0,0.13010847436299788
desktop,macOS,Safari,"42.1715,-95.325","54.9001,-85.2542",1.0,0,0.0,SUB_4,EcoLodge Boutique,2,220.0,0.14,1,0.06913842034334684
desktop,macOS,Safari,"42.1715,-95.325","54.9001,-85.2542",1.0,0,0.0,SUB_5,Express Stop Motel,1,-99.0,0.08,0,0.06913842034334684
mobile,iOS,Safari,"27.3258,-105.8348","22.1005,-89.5855",0.0,0,0.0,SUB_1,BudgetInns Global,1,85.0,0.1,1,0.029312230751356333
mobile,iOS,Safari,"27.3258,-105.8348","22.1005,-89.5855",0.0,0,0.0,SUB_2,Urban Stay Suites,2,180.0,0.12,1,0.029312230751356333
mobile,iOS,Safari,"27.3258,-105.8348","22.1005,-89.5855",0.0,0,0.0,SUB_3,Grand Horizon Resorts,3,450.0,0.15,0,0.013386917827664779
mobile,iOS,Safari,"27.3258,-105.8348","22.1005,-89.5855",0.0,0,0.0,SUB_4,EcoLodge Boutique,2,220.0,0.14,1,0.029312230751356333
mobile,iOS,Safari,"27.3258,-105.8348","22.1005,-89.5855",0.0,0,0.0,SUB_5,Express Stop Motel,1,-99.0,0.08,0,0.013386917827664779
mobile,iOS,Safari,"25.7341,-80.6615","14.5673,-70.9241",0.0,0,0.0,SUB_1,BudgetInns Global,1,85.0,0.1,1,0.029312230751356333
mobile,iOS,Safari,"25.7341,-80.6615","14.5673,-70.9241",0.0,0,0.0,SUB_2,Urban Stay Suites,2,180.0,0.12,1,0.029312230751356333
mobile,iOS,Safari,"25.7341,-80.6615","14.5673,-70.9241",0.0,0,0.0,SUB_3,Grand Horizon Resorts,3,450.0,0.15,0,0.013386917827664779
mobile,iOS,Safari,"25.7341,-80.6615","14.5673,-70.9241",0.0,0,0.0,SUB_4,EcoLodge Boutique,2,220.0,0.14,1,0.029312230751356333
mobile,iOS,Safari,"25.7341,-80.6615","14.5673,-70.9241",0.0,0,0.0,SUB_5,Express Stop Motel,1,-99.0,0.08,0,0.013386917827664779
desktop,Linux,Firefox,"45.574,-100.1276","43.845,-98.8145",0.0,0,0.0,SUB_1,BudgetInns Global,1,85.0,0.1,1,0.016302499371440946
desktop,Linux,Firefox,"45.574,-100.1276","43.845,-98.8145",0.0,0,0.0,SUB_2,Urban Stay Suites,2,180.0,0.12,1,0.016302499371440946
desktop,Linux,Firefox,"45.574,-100.1276","43.845,-98.8145",0.0,0,0.0,SUB_3,Grand Horizon Resorts,3,450.0,0.15,0,0.016302499371440946
desktop,Linux,Firefox,"45.574,-100.1276","43.845,-98.8145",0.0,0,0.0,SUB_4,EcoLodge Boutique,2,220.0,0.14,1,0.016302499371440946
desktop,Linux,Firefox,"45.574,-100.1276","43.845,-98.8145",0.0,0,0.0,SUB_5,Express Stop Motel,1,-99.0,0.08,0,0.016302499371440946
mobile,iOS,Chrome,"30.2438,-94.3194","16.5179,-79.8927",0.0,0,1.0,SUB_1,BudgetInns Global,1,85.0,0.1,1,0.045217473483287515
mobile,iOS,Chrome,"30.2438,-94.3194","16.5179,-79.8927",0.0,0,1.0,SUB_2,Urban Stay Suites,2,180.0,0.12,1,0.045217473483287515
mobile,iOS,Chrome,"30.2438,-94.3194","16.5179,-79.8927",0.0,0,1.0,SUB_3,Grand Horizon Resorts,3,450.0,0.15,0,0.02083634451868043
mobile,iOS,Chrome,"30.2438,-94.3194","16.5179,-79.8927",0.0,0,1.0,SUB_4,EcoLodge Boutique,2,220.0,0.14,1,0.045217473483287515
mobile,iOS,Chrome,"30.2438,-94.3194","16.5179,-79.8927",0.0,0,1.0,SUB_5,Express Stop Motel,1,-99.0,0.08,0,0.02083634451868043
mobile,iOS,Chrome,"34.4757,-107.3321","40.0145,-99.5354",0.0,0,0.0,SUB_1,BudgetInns Global,1,85.0,0.1,1,0.016302499371440946
mobile,iOS,Chrome,"34.4757,-107.3321","40.0145,-99.5354",0.0,0,0.0,SUB_2,Urban Stay Suites,2,180.0,0.12,1,0.016302499371440946
mobile,iOS,Chrome,"34.4757,-107.3321","40.0145,-99.5354",0.0,0,0.0,SUB_3,Grand Horizon Resorts,3,450.0,0.15,0,0.007391541344281977
mobile,iOS,Chrome,"34.4757,-107.3321","40.0145,-99.5354",0.0,0,0.0,SUB_4,EcoLodge Boutique,2,220.0,0.14,1,0.016302499371440946
mobile,iOS,Chrome,"34.4757,-107.3321","40.0145,-99.5354",0.0,0,0.0,SUB_5,Express Stop Motel,1,-99.0,0.08,0,0.007391541344281977
mobile,Android,Chrome,"49.3364,-70.617","61.4176,-90.195",0.0,0,1.0,SUB_1,BudgetInns Global,1,85.0,0.1,1,0.045217473483287515
mobile,Android,Chrome,"49.3364,-70.617","61.4176,-90.195",0.0,0,1.0,SUB_2,Urban Stay Suites,2,180.0,0.12,1,0.045217473483287515
mobile,Android,Chrome,"49.3364,-70.617","61.4176,-90.195",0.0,0,1.0,SUB_3,Grand Horizon Resorts,3,450.0,0.15,0,0.02083634451868043
mobile,Android,Chrome,"49.3364,-70.617","61.4176,-90.195",0.0,0,1.0,SUB_4,EcoLodge Boutique,2,220.0,0.14,1,0.045217473483287515
mobile,Android,Chrome,"49.3364,-70.617","61.4176,-90.195",0.0,0,1.0,SUB_5,Express Stop Motel,1,-99.0,0.08,0,0.02083634451868043
mobile,Android,Chrome,"33.421,-105.4252","43.5389,-109.6616",1.0,0,0.0,SUB_1,BudgetInns Global,1,85.0,0.1,1,0.06913842034334684
mobile,Android,Chrome,"33.421,-105.4252","43.5389,-109.6616",1.0,0,0.0,SUB_2,Urban Stay Suites,2,180.0,0.12,1,0.06913842034334684
mobile,Android,Chrome,"33.421,-105.4252","43.5389,-109.6616",1.0,0,0.0,SUB_3,Grand Horizon Resorts,3,450.0,0.15,0,0.03229546469845053
mobile,Android,Chrome,"33.421,-105.4252","43.5389,-109.6616",1.0,0,0.0,SUB_4,EcoLodge Boutique,2,220.0,0.14,1,0.06913842034334684
mobile,Android,Chrome,"33.421,-105.4252","43.5389,-109.6616",1.0,0,0.0,SUB_5,Express Stop Motel,1,-99.0,0.08,0,0.03229546469845053
tablet,Android,Chrome,"32.4122,-81.4629","21.2333,-67.4248",0.0,0,0.0,SUB_1,BudgetInns Global,1,85.0,0.1,1,0.029312230751356333
tablet,Android,Chrome,"32.4122,-81.4629","21.2333,-67.4248",0.0,0,0.0,SUB_2,Urban Stay Suites,2,180.0,0.12,1,0.029312230751356333
tablet,Android,Chrome,"32.4122,-81.4629","21.2333,-67.4248",0.0,0,0.0,SUB_3,Grand Horizon Resorts,3,450.0,0.15,0,0.029312230751356333
tablet,Android,Chrome,"32.4122,-81.4629","21.2333,-67.4248",0.0,0,0.0,SUB_4,EcoLodge Boutique,2,220.0,0.14,1,0.029312230751356333
tablet,Android,Chrome,"32.4122,-81.4629","21.2333,-67.4248",0.0,0,0.0,SUB_5,Express Stop Motel,1,-99.0,0.08,0,0.029312230751356333
mobile,iOS,Chrome,"47.9552,-98.6252","36.7433,-104.7908",0.0,0,0.0,SUB_1,BudgetInns Global,1,85.0,0.1,1,0.029312230751356333
mobile,iOS,Chrome,"47.9552,-98.6252","36.7433,-104.7908",0.0,0,0.0,SUB_2,Urban Stay Suites,2,180.0,0.12,1,0.029312230751356333
mobile,iOS,Chrome,"47.9552,-98.6252","36.7433,-104.7908",0.0,0,0.0,SUB_3,Grand Horizon Resorts,3,450.0,0.15,0,0.013386917827664779
mobile,iOS,Chrome,"47.9552,-98.6252","36.7433,-104.7908",0.0,0,0.0,SUB_4,EcoLodge Boutique,2,220.0,0.14,1,0.029312230751356333
mobile,iOS,Chrome,"47.9552,-98.6252","36.7433,-104.7908",0.0,0,0.0,SUB_5,Express Stop Motel,1,-99.0,0.08,0,0.013386917827664779
desktop,Linux,Firefox,"27.7687,-109.6891","37.1717,-128.2805",1.0,0,0.0,SUB_1,BudgetInns Global,1,85.0,0.1,1,0.06913842034334684
desktop,Linux,Firefox,"27.7687,-109.6891","37.1717,-128.2805",1.0,0,0.0,SUB_2,Urban Stay Suites,2,180.0,0.12,1,0.06913842034334684
desktop,Linux,Firefox,"27.7687,-109.6891","37.1717,-128.2805",1.0,0,0.0,SUB_3,Grand Horizon Resorts,3,450.0,0.15,0,0.06913842034334684
desktop,Linux,Firefox,"27.7687,-109.6891","37.1717,-128.2805",1.0,0,0.0,SUB_4,EcoLodge Boutique,2,220.0,0.14,1,0.06913842034334684
desktop,Linux,Firefox,"27.7687,-109.6891","37.1717,-128.2805",1.0,0,0.0,SUB_5,Express Stop Motel,1,-99.0,0.08,0,0.06913842034334684
mobile,iOS,,"43.9896,-80.0141","56.7172,-70.1669",0.0,0,0.0,SUB_1,BudgetInns Global,1,85.0,0.1,1,0.029312230751356333
mobile,iOS,,"43.9896,-80.0141","56.7172,-70.1669",0.0,0,0.0,SUB_2,Urban Stay Suites,2,180.0,0.12,1,0.029312230751356333
mobile,iOS,,"43.9896,-80.0141","56.7172,-70.1669",0.0,0,0.0,SUB_3,Grand Horizon Resorts,3,450.0,0.15,0,0.013386917827664779
mobile,iOS,,"43.9896,-80.0141","56.7172,-70.1669",0.0,0,0.0,SUB_4,EcoLodge Boutique,2,220.0,0.14,1,0.029312230751356333
mobile,iOS,,"43.9896,-80.0141","56.7172,-70.1669",0.0,0,0.0,SUB_5,Express Stop Motel,1,-99.0,0.08,0,0.013386917827664779
mobile,Android,Chrome,"49.7016,-103.3197","999.9999,-800.0000",0.0,0,0.0,SUB_1,BudgetInns Global,1,85.0,0.1,1,0.029312230751356333
mobile,Android,Chrome,"49.7016,-103.3197","999.9999,-800.0000",0.0,0,0.0,SUB_2,Urban Stay Suites,2,180.0,0.12,1,0.029312230751356333
mobile,Android,Chrome,"49.7016,-103.3197","999.9999,-800.0000",0.0,0,0.0,SUB_3,Grand Horizon Resorts,3,450.0,0.15,0,0.013386917827664779
mobile,Android,Chrome,"49.7016,-103.3197","999.9999,-800.0000",0.0,0,0.0,SUB_4,EcoLodge Boutique,2,220.0,0.14,1,0.029312230751356333
mobile,Android,Chrome,"49.7016,-103.3197","999.9999,-800.0000",0.0,0,0.0,SUB_5,Express Stop Motel,1,-99.0,0.08,0,0.013386917827664779
mobile,iOS,Chrome,"47.5324,-76.7403","47.5015,-90.3166",1.0,0,0.0,SUB_1,BudgetInns Global,1,85.0,0.1,1,0.06913842034334684
mobile,iOS,Chrome,"47.5324,-76.7403","47.5015,-90.3166",1.0,0,0.0,SUB_2,Urban Stay Suites,2,180.0,0.12,1,0.06913842034334684
mobile,iOS,Chrome,"47.5324,-76.7403","47.5015,-90.3166",1.0,0,0.0,SUB_3,Grand Horizon Resorts,3,450.0,0.15,0,0.03229546469845053
mobile,iOS,Chrome,"47.5324,-76.7403","47.5015,-90.3166",1.0,0,0.0,SUB_4,EcoLodge Boutique,2,220.0,0.14,1,0.06913842034334684
mobile,iOS,Chrome,"47.5324,-76.7403","47.5015,-90.3166",1.0,0,0.0,SUB_5,Express Stop Motel,1,-99.0,0.08,0,0.03229546469845053
mobile,Android,Chrome,"41.2917,-74.2371","35.8396,-72.7435",0.0,0,0.0,SUB_1,BudgetInns Global,1,85.0,0.1,1,0.016302499371440946
mobile,Android,Chrome,"41.2917,-74.2371","35.8396,-72.7435",0.0,0,0.0,SUB_2,Urban Stay Suites,2,180.0,0.12,1,0.016302499371440946
mobile,Android,Chrome,"41.2917,-74.2371","35.8396,-72.7435",0.0,0,0.0,SUB_3,Grand Horizon Resorts,3,450.0,0.15,0,0.007391541344281977
mobile,Android,Chrome,"41.2917,-74.2371","35.8396,-72.7435",0.0,0,0.0,SUB_4,EcoLodge Boutique,2,220.0,0.14,1,0.016302499371440946
mobile,Android,Chrome,"41.2917,-74.2371","35.8396,-72.7435",0.0,0,0.0,SUB_5,Express Stop Motel,1,-99.0,0.08,0,0.007391541344281977
tablet,Android,Samsung Internet,"32.8515,-77.0088","44.6795,-89.3306",0.0,0,1.0,SUB_1,BudgetInns Global,1,85.0,0.1,1,0.045217473483287515
tablet,Android,Samsung Internet,"32.8515,-77.0088","44.6795,-89.3306",0.0,0,1.0,SUB_2,Urban Stay Suites,2,180.0,0.12,1,0.045217473483287515
tablet,Android,Samsung Internet,"32.8515,-77.0088","44.6795,-89.3306",0.0,0,1.0,SUB_3,Grand Horizon Resorts,3,450.0,0.15,0,0.045217473483287515
tablet,Android,Samsung Internet,"32.8515,-77.0088","44.6795,-89.3306",0.0,0,1.0,SUB_4,EcoLodge Boutique,2,220.0,0.14,1,0.045217473483287515
tablet,Android,Samsung Internet,"32.8515,-77.0088","44.6795,-89.3306",0.0,0,1.0,SUB_5,Express Stop Motel,1,-99.0,0.08,0,0.045217473483287515
desktop,Linux,Firefox,"31.358,-118.2496","35.7051,-109.4802",0.0,0,0.0,SUB_1,BudgetInns Global,1,85.0,0.1,1,0.016302499371440946
desktop,Linux,Firefox,"31.358,-118.2496","35.7051,-109.4802",0.0,0,0.0,SUB_2,Urban Stay Suites,2,180.0,0.12,1,0.016302499371440946
desktop,Linux,Firefox,"31.358,-118.2496","35.7051,-109.4802",0.0,0,0.0,SUB_3,Grand Horizon Resorts,3,450.0,0.15,0,0.016302499371440946
desktop,Linux,Firefox,"31.358,-118.2496","35.7051,-109.4802",0.0,0,0.0,SUB_4,EcoLodge Boutique,2,220.0,0.14,1,0.016302499371440946
desktop,Linux,Firefox,"31.358,-118.2496","35.7051,-109.4802",0.0,0,0.0,SUB_5,Express Stop Motel,1,-99.0,0.08,0,0.016302499371440946
tablet,iOS,Safari,"45.4814,-80.6313","39.1289,-89.7693",1.0,0,0.0,SUB_1,BudgetInns Global,1,85.0,0.1,1,0.06913842034334684
tablet,iOS,Safari,"45.4814,-80.6313","39.1289,-89.7693",1.0,0,0.0,SUB_2,Urban Stay Suites,2,180.0,0.12,1,0.06913842034334684
tablet,iOS,Safari,"45.4814,-80.6313","39.1289,-89.7693",1.0,0,0.0,SUB_3,Grand Horizon Resorts,3,450.0,0.15,0,0.06913842034334684
tablet,iOS,Safari,"45.4814,-80.6313","39.1289,-89.7693",1.0,0,0.0,SUB_4,EcoLodge Boutique,2,220.0,0.14,1,0.06913842034334684
tablet,iOS,Safari,"45.4814,-80.6313","39.1289,-89.7693",1.0,0,0.0,SUB_5,Express Stop Motel,1,-99.0,0.08,0,0.06913842034334684
desktop,macOS,Safari,"46.9955,-99.433","40.959,-106.7844",0.0,0,0.0,SUB_1,BudgetInns Global,1,85.0,0.1,1,0.016302499371440946
desktop,macOS,Safari,"46.9955,-99.433","40.959,-106.7844",0.0,0,0.0,SUB_2,Urban Stay Suites,2,180.0,0.12,1,0.016302499371440946
desktop,macOS,Safari,"46.9955,-99.433","40.959,-106.7844",0.0,0,0.0,SUB_3,Grand Horizon Resorts,3,450.0,0.15,0,0.03229546469845053
desktop,macOS,Safari,"46.9955,-99.433","40.959,-106.7844",0.0,0,0.0,SUB_4,EcoLodge Boutique,2,220.0,0.14,1,0.016302499371440946
desktop,macOS,Safari,"46.9955,-99.433","40.959,-106.7844",0.0,0,0.0,SUB_5,Express Stop Motel,1,-99.0,0.08,0,0.016302499371440946
desktop,Linux,Chrome,"38.1359,-76.3139","49.8719,-62.5151",0.0,0,0.0,SUB_1,BudgetInns Global,1,85.0,0.1,1,0.029312230751356333
desktop,Linux,Chrome,"38.1359,-76.3139","49.8719,-62.5151",0.0,0,0.0,SUB_2,Urban Stay Suites,2,180.0,0.12,1,0.029312230751356333
desktop,Linux,Chrome,"38.1359,-76.3139","49.8719,-62.5151",0.0,0,0.0,SUB_3,Grand Horizon Resorts,3,450.0,0.15,0,0.029312230751356333
desktop,Linux,Chrome,"38.1359,-76.3139","49.8719,-62.5151",0.0,0,0.0,SUB_4,EcoLodge Boutique,2,220.0,0.14,1,0.029312230751356333
desktop,Linux,Chrome,"38.1359,-76.3139","49.8719,-62.5151",0.0,0,0.0,SUB_5,Express Stop Motel,1,-99.0,0.08,0,0.029312230751356333
tablet,Android,Chrome,"31.1085,-88.1023","16.5175,-89.0494",0.0,0,0.0,SUB_1,BudgetInns Global,1,85.0,0.1,1,0.029312230751356333
tablet,Android,Chrome,"31.1085,-88.1023","16.5175,-89.0494",0.0,0,0.0,SUB_2,Urban Stay Suites,2,180.0,0.12,1,0.029312230751356333
tablet,Android,Chrome,"31.1085,-88.1023","16.5175,-89.0494",0.0,0,0.0,SUB_3,Grand Horizon Resorts,3,450.0,0.15,0,0.029312230751356333
tablet,Android,Chrome,"31.1085,-88.1023","16.5175,-89.0494",0.0,0,0.0,SUB_4,EcoLodge Boutique,2,220.0,0.14,1,0.029312230751356333
tablet,Android,Chrome,"31.1085,-88.1023","16.5175,-89.0494",0.0,0,0.0,SUB_5,Express Stop Motel,1,-99.0,0.08,0,0.029312230751356333
mobile,iOS,Chrome,"27.8236,-78.3178","22.5054,-71.5276",0.0,0,0.0,SUB_1,BudgetInns Global,1,85.0,0.1,1,0.016302499371440946
mobile,iOS,Chrome,"27.8236,-78.3178","22.5054,-71.5276",0.0,0,0.0,SUB_2,Urban Stay Suites,2,180.0,0.12,1,0.016302499371440946
mobile,iOS,Chrome,"27.8236,-78.3178","22.5054,-71.5276",0.0,0,0.0,SUB_3,Grand Horizon Resorts,3,450.0,0.15,0,0.007391541344281977
mobile,iOS,Chrome,"27.8236,-78.3178","22.5054,-71.5276",0.0,0,0.0,SUB_4,EcoLodge Boutique,2,220.0,0.14,1,0.016302499371440946
mobile,iOS,Chrome,"27.8236,-78.3178","22.5054,-71.5276",0.0,0,0.0,SUB_5,Express Stop Motel,1,-99.0,0.08,0,0.007391541344281977
mobile,iOS,Chrome,"27.1795,-95.0284","28.8102,-98.9335",0.0,0,0.0,SUB_1,BudgetInns Global,1,85.0,0.1,1,0.016302499371440946
mobile,iOS,Chrome,"27.1795,-95.0284","28.8102,-98.9335",0.0,0,0.0,SUB_2,Urban Stay Suites,2,180.0,0.12,1,0.016302499371440946
mobile,iOS,Chrome,"27.1795,-95.0284","28.8102,-98.9335",0.0,0,0.0,SUB_3,Grand Horizon Resorts,3,450.0,0.15,0,0.007391541344281977
mobile,iOS,Chrome,"27.1795,-95.0284","28.8102,-98.9335",0.0,0,0.0,SUB_4,EcoLodge Boutique,2,220.0,0.14,1,0.016302499371440946
mobile,iOS,Chrome,"27.1795,-95.0284","28.8102,-98.9335",0.0,0,0.0,SUB_5,Express Stop Motel,1,-99.0,0.08,0,0.007391541344281977
mobile,Android,Chrome,"42.9769,-93.2487","32.4234,-101.3284",0.0,0,0.0,SUB_1,BudgetInns Global,1,85.0,0.1,1,0.029312230751356333
mobile,Android,Chrome,"42.9769,-93.2487","32.4234,-101.3284",0.0,0,0.0,SUB_2,Urban Stay Suites,2,180.0,0.12,1,0.029312230751356333
mobile,Android,Chrome,"42.9769,-93.2487","32.4234,-101.3284",0.0,0,0.0,SUB_3,Grand Horizon Resorts,3,450.0,0.15,0,0.013386917827664779
mobile,Android,Chrome,"42.9769,-93.2487","32.4234,-101.3284",0.0,0,0.0,SUB_4,EcoLodge Boutique,2,220.0,0.14,1,0.029312230751356333
mobile,Android,Chrome,"42.9769,-93.2487","32.4234,-101.3284",0.0,0,0.0,SUB_5,Express Stop Motel,1,-99.0,0.08,0,0.013386917827664779
mobile,iOS,Safari,"35.503,-112.7806","23.266,-107.7615",0.0,0,0.0,SUB_1,BudgetInns Global,1,85.0,0.1,1,0.029312230751356333
mobile,iOS,Safari,"35.503,-112.7806","23.266,-107.7615",0.0,0,0.0,SUB_2,Urban Stay Suites,2,180.0,0.12,1,0.029312230751356333
mobile,iOS,Safari,"35.503,-112.7806","23.266,-107.7615",0.0,0,0.0,SUB_3,Grand Horizon Resorts,3,450.0,0.15,0,0.013386917827664779
mobile,iOS,Safari,"35.503,-112.7806","23.266,-107.7615",0.0,0,0.0,SUB_4,EcoLodge Boutique,2,220.0,0.14,1,0.029312230751356333
mobile,iOS,Safari,"35.503,-112.7806","23.266,-107.7615",0.0,0,0.0,SUB_5,Express Stop Motel,1,-99.0,0.08,0,0.013386917827664779
mobile,Android,Chrome,"47.634,-80.8006","57.0923,-94.6063",0.0,0,0.0,SUB_1,BudgetInns Global,1,85.0,0.1,1,0.029312230751356333
mobile,Android,Chrome,"47.634,-80.8006","57.0923,-94.6063",0.0,0,0.0,SUB_2,Urban Stay Suites,2,180.0,0.12,1,0.029312230751356333
mobile,Android,Chrome,"47.634,-80.8006","57.0923,-94.6063",0.0,0,0.0,SUB_3,Grand Horizon Resorts,3,450.0,0.15,0,0.013386917827664779
mobile,Android,Chrome,"47.634,-80.8006","57.0923,-94.6063",0.0,0,0.0,SUB_4,EcoLodge Boutique,2,220.0,0.14,1,0.029312230751356333
mobile,Android,Chrome,"47.634,-80.8006","57.0923,-94.6063",0.0,0,0.0,SUB_5,Express Stop Motel,1,-99.0,0.08,0,0.013386917827664779
mobile,iOS,Chrome,"43.4918,-99.0305","55.3239,-104.1105",1.0,0,0.0,SUB_1,BudgetInns Global,1,85.0,0.1,1,0.06913842034334684
mobile,iOS,Chrome,"43.4918,-99.0305","55.3239,-104.1105",1.0,0,0.0,SUB_2,Urban Stay Suites,2,180.0,0.12,1,0.06913842034334684
mobile,iOS,Chrome,"43.4918,-99.0305","55.3239,-104.1105",1.0,0,0.0,SUB_3,Grand Horizon Resorts,3,450.0,0.15,0,0.03229546469845053
mobile,iOS,Chrome,"43.4918,-99.0305","55.3239,-104.1105",1.0,0,0.0,SUB_4,EcoLodge Boutique,2,220.0,0.14,1,0.06913842034334684
mobile,iOS,Chrome,"43.4918,-99.0305","55.3239,-104.1105",1.0,0,0.0,SUB_5,Express Stop Motel,1,-99.0,0.08,0,0.03229546469845053
desktop,Windows,Firefox,"29.7815,-94.996","39.4897,-106.6345",0.0,0,0.0,SUB_1,BudgetInns Global,1,85.0,0.1,1,0.029312230751356333
desktop,Windows,Firefox,"29.7815,-94.996","39.4897,-106.6345",0.0,0,0.0,SUB_2,Urban Stay Suites,2,180.0,0.12,1,0.029312230751356333
desktop,Windows,Firefox,"29.7815,-94.996","39.4897,-106.6345",0.0,0,0.0,SUB_3,Grand Horizon Resorts,3,450.0,0.15,0,0.029312230751356333
desktop,Windows,Firefox,"29.7815,-94.996","39.4897,-106.6345",0.0,0,0.0,SUB_4,EcoLodge Boutique,2,220.0,0.14,1,0.029312230751356333
desktop,Windows,Firefox,"29.7815,-94.996","39.4897,-106.6345",0.0,0,0.0,SUB_5,Express Stop Motel,1,-99.0,0.08,0,0.029312230751356333
mobile,Android,Samsung Internet,"40.3444,-80.7451","52.308,-72.9133",0.0,0,0.0,SUB_1,BudgetInns Global,1,85.0,0.1,1,0.029312230751356333
mobile,Android,Samsung Internet,"40.3444,-80.7451","52.308,-72.9133",0.0,0,0.0,SUB_2,Urban Stay Suites,2,180.0,0.12,1,0.029312230751356333
mobile,Android,Samsung Internet,"40.3444,-80.7451","52.308,-72.9133",0.0,0,0.0,SUB_3,Grand Horizon Resorts,3,450.0,0.15,0,0.013386917827664779
mobile,Android,Samsung Internet,"40.3444,-80.7451","52.308,-72.9133",0.0,0,0.0,SUB_4,EcoLodge Boutique,2,220.0,0.14,1,0.029312230751356333
mobile,Android,Samsung Internet,"40.3444,-80.7451","52.308,-72.9133",0.0,0,0.0,SUB_5,Express Stop Motel,1,-99.0,0.08,0,0.013386917827664779
mobile,iOS,Chrome,"35.8876,-90.0577","37.481,-72.2893",1.0,0,0.0,SUB_1,BudgetInns Global,1,85.0,0.1,1,0.06913842034334684
mobile,iOS,Chrome,"35.8876,-90.0577","37.481,-72.2893",1.0,0,0.0,SUB_2,Urban Stay Suites,2,180.0,0.12,1,0.06913842034334684
mobile,iOS,Chrome,"35.8876,-90.0577","37.481,-72.2893",1.0,0,0.0,SUB_3,Grand Horizon Resorts,3,450.0,0.15,0,0.03229546469845053
mobile,iOS,Chrome,"35.8876,-90.0577","37.481,-72.2893",1.0,0,0.0,SUB_4,EcoLodge Boutique,2,220.0,0.14,1,0.06913842034334684
mobile,iOS,Chrome,"35.8876,-90.0577","37.481,-72.2893",1.0,0,0.0,SUB_5,Express Stop Motel,1,-99.0,0.08,0,0.03229546469845053
mobile,iOS,Safari,"39.4312,-109.9451","48.7989,-90.1247",0.0,0,0.0,SUB_1,BudgetInns Global,1,85.0,0.1,1,0.029312230751356333
mobile,iOS,Safari,"39.4312,-109.9451","48.7989,-90.1247",0.0,0,0.0,SUB_2,Urban Stay Suites,2,180.0,0.12,1,0.029312230751356333
mobile,iOS,Safari,"39.4312,-109.9451","48.7989,-90.1247",0.0,0,0.0,SUB_3,Grand Horizon Resorts,3,450.0,0.15,0,0.013386917827664779
mobile,iOS,Safari,"39.4312,-109.9451","48.7989,-90.1247",0.0,0,0.0,SUB_4,EcoLodge Boutique,2,220.0,0.14,1,0.029312230751356333
mobile,iOS,Safari,"39.4312,-109.9451","48.7989,-90.1247",0.0,0,0.0,SUB_5,Express Stop Motel,1,-99.0,0.08,0,0.013386917827664779
mobile,iOS,Safari,"43.4517,-90.4884","39.973,-92.4773",0.0,0,0.0,SUB_1,BudgetInns Global,1,85.0,0.1,1,0.016302499371440946
mobile,iOS,Safari,"43.4517,-90.4884","39.973,-92.4773",0.0,0,0.0,SUB_2,Urban Stay Suites,2,180.0,0.12,1,0.016302499371440946
mobile,iOS,Safari,"43.4517,-90.4884","39.973,-92.4773",0.0,0,0.0,SUB_3,Grand Horizon Resorts,3,450.0,0.15,0,0.007391541344281977
mobile,iOS,Safari,"43.4517,-90.4884","39.973,-92.4773",0.0,0,0.0,SUB_4,EcoLodge Boutique,2,220.0,0.14,1,0.016302499371440946
mobile,iOS,Safari,"43.4517,-90.4884","39.973,-92.4773",0.0,0,0.0,SUB_5,Express Stop Motel,1,-99.0,0.08,0,0.007391541344281977
desktop,macOS,Safari,"45.1549,-99.6184","50.1429,-109.5172",1.0,0,0.0,SUB_1,BudgetInns Global,1,85.0,0.1,1,0.03916572279676437
desktop,macOS,Safari,"45.1549,-99.6184","50.1429,-109.5172",1.0,0,0.0,SUB_2,Urban Stay Suites,2,180.0,0.12,1,0.03916572279676437
desktop,macOS,Safari,"45.1549,-99.6184","50.1429,-109.5172",1.0,0,0.0,SUB_3,Grand Horizon Resorts,3,450.0,0.15,0,0.07585818002124355
desktop,macOS,Safari,"45.1549,-99.6184","50.1429,-109.5172",1.0,0,0.0,SUB_4,EcoLodge Boutique,2,220.0,0.14,1,0.03916572279676437
desktop,macOS,Safari,"45.1549,-99.6184","50.1429,-109.5172",1.0,0,0.0,SUB_5,Express Stop Motel,1,-99.0,0.08,0,0.03916572279676437
mobile,iOS,Safari,"46.0934,-96.5237","60.7585,-98.8105",0.0,0,0.0,SUB_1,BudgetInns Global,1,85.0,0.1,1,0.029312230751356333
mobile,iOS,Safari,"46.0934,-96.5237","60.7585,-98.8105",0.0,0,0.0,SUB_2,Urban Stay Suites,2,180.0,0.12,1,0.029312230751356333
mobile,iOS,Safari,"46.0934,-96.5237","60.7585,-98.8105",0.0,0,0.0,SUB_3,Grand Horizon Resorts,3,450.0,0.15,0,0.013386917827664779
mobile,iOS,Safari,"46.0934,-96.5237","60.7585,-98.8105",0.0,0,0.0,SUB_4,EcoLodge Boutique,2,220.0,0.14,1,0.029312230751356333
mobile,iOS,Safari,"46.0934,-96.5237","60.7585,-98.8105",0.0,0,0.0,SUB_5,Express Stop Motel,1,-99.0,0.08,0,0.013386917827664779
tablet,iOS,,"31.3494,-118.5844","23.1212,-104.6936",0.0,0,0.0,SUB_1,BudgetInns Global,1,85.0,0.1,1,0.029312230751356333
tablet,iOS,,"31.3494,-118.5844","23.1212,-104.6936",0.0,0,0.0,SUB_2,Urban Stay Suites,2,180.0,0.12,1,0.029312230751356333
tablet,iOS,,"31.3494,-118.5844","23.1212,-104.6936",0.0,0,0.0,SUB_3,Grand Horizon Resorts,3,450.0,0.15,0,0.029312230751356333
tablet,iOS,,"31.3494,-118.5844","23.1212,-104.6936",0.0,0,0.0,SUB_4,EcoLodge Boutique,2,220.0,0.14,1,0.029312230751356333
tablet,iOS,,"31.3494,-118.5844","23.1212,-104.6936",0.0,0,0.0,SUB_5,Express Stop Motel,1,-99.0,0.08,0,0.029312230751356333
desktop,Linux,Firefox,"25.7779,-109.4985","22.4749,-121.2583",0.0,0,0.0,SUB_1,BudgetInns Global,1,85.0,0.1,1,0.029312230751356333
desktop,Linux,Firefox,"25.7779,-109.4985","22.4749,-121.2583",0.0,0,0.0,SUB_2,Urban Stay Suites,2,180.0,0.12,1,0.029312230751356333
desktop,Linux,Firefox,"25.7779,-109.4985","22.4749,-121.2583",0.0,1,0.0,SUB_3,Grand Horizon Resorts,3,450.0,0.15,0,0.029312230751356333
desktop,Linux,Firefox,"25.7779,-109.4985","22.4749,-121.2583",0.0,0,0.0,SUB_4,EcoLodge Boutique,2,220.0,0.14,1,0.029312230751356333
desktop,Linux,Firefox,"25.7779,-109.4985","22.4749,-121.2583",0.0,0,0.0,SUB_5,Express Stop Motel,1,-99.0,0.08,0,0.029312230751356333
mobile,iOS,Chrome,"43.4824,-105.9481","42.8838,-87.8643",0.0,0,0.0,SUB_1,BudgetInns Global,1,85.0,0.1,1,0.029312230751356333
mobile,iOS,Chrome,"43.4824,-105.9481","42.8838,-87.8643",0.0,0,0.0,SUB_2,Urban Stay Suites,2,180.0,0.12,1,0.029312230751356333
mobile,iOS,Chrome,"43.4824,-105.9481","42.8838,-87.8643",0.0,0,0.0,SUB_3,Grand Horizon Resorts,3,450.0,0.15,0,0.013386917827664779
mobile,iOS,Chrome,"43.4824,-105.9481","42.8838,-87.8643",0.0,0,0.0,SUB_4,EcoLodge Boutique,2,220.0,0.14,1,0.029312230751356333
mobile,iOS,Chrome,"43.4824,-105.9481","42.8838,-87.8643",0.0,0,0.0,SUB_5,Express Stop Motel,1,-99.0,0.08,0,0.013386917827664779
mobile,Android,Samsung Internet,"27.6586,-84.352","16.7991,-90.6774",0.0,0,0.0,SUB_1,BudgetInns Global,1,85.0,0.1,1,0.029312230751356333
mobile,Android,Samsung Internet,"27.6586,-84.352","16.7991,-90.6774",0.0,0,0.0,SUB_2,Urban Stay Suites,2,180.0,0.12,1,0.029312230751356333
mobile,Android,Samsung Internet,"27.6586,-84.352","16.7991,-90.6774",0.0,0,0.0,SUB_3,Grand Horizon Resorts,3,450.0,0.15,0,0.013386917827664779
mobile,Android,Samsung Internet,"27.6586,-84.352","16.7991,-90.6774",0.0,0,0.0,SUB_4,EcoLodge Boutique,2,220.0,0.14,1,0.029312230751356333
mobile,Android,Samsung Internet,"27.6586,-84.352","16.7991,-90.6774",0.0,0,0.0,SUB_5,Express Stop Motel,1,-99.0,0.08,0,0.013386917827664779
desktop,Windows,Edge,"32.873,-119.4254","20.3042,-99.9933",0.0,0,1.0,SUB_1,BudgetInns Global,1,85.0,0.1,1,0.045217473483287515
desktop,Windows,Edge,"32.873,-119.4254","20.3042,-99.9933",0.0,0,1.0,SUB_2,Urban Stay Suites,2,180.0,0.12,1,0.045217473483287515
desktop,Windows,Edge,"32.873,-119.4254","20.3042,-99.9933",0.0,0,1.0,SUB_3,Grand Horizon Resorts,3,450.0,0.15,0,0.045217473483287515
desktop,Windows,Edge,"32.873,-119.4254","20.3042,-99.9933",0.0,0,1.0,SUB_4,EcoLodge Boutique,2,220.0,0.14,1,0.045217473483287515
desktop,Windows,Edge,"32.873,-119.4254","20.3042,-99.9933",0.0,0,1.0,SUB_5,Express Stop Motel,1,-99.0,0.08,0,0.045217473483287515
desktop,Windows,Firefox,"25.0954,-99.5611","34.9871,-86.0167",0.0,0,0.0,SUB_1,BudgetInns Global,1,85.0,0.1,1,0.029312230751356333
desktop,Windows,Firefox,"25.0954,-99.5611","34.9871,-86.0167",0.0,0,0.0,SUB_2,Urban Stay Suites,2,180.0,0.12,1,0.029312230751356333
desktop,Windows,Firefox,"25.0954,-99.5611","34.9871,-86.0167",0.0,0,0.0,SUB_3,Grand Horizon Resorts,3,450.0,0.15,0,0.029312230751356333
desktop,Windows,Firefox,"25.0954,-99.5611","34.9871,-86.0167",0.0,0,0.0,SUB_4,EcoLodge Boutique,2,220.0,0.14,1,0.029312230751356333
desktop,Windows,Firefox,"25.0954,-99.5611","34.9871,-86.0167",0.0,0,0.0,SUB_5,Express Stop Motel,1,-99.0,0.08,0,0.029312230751356333
desktop,macOS,Chrome,"42.0417,-73.7987","56.3455,-61.4559",0.0,0,0.0,SUB_1,BudgetInns Global,1,85.0,0.1,1,0.029312230751356333
desktop,macOS,Chrome,"42.0417,-73.7987","56.3455,-61.4559",0.0,0,0.0,SUB_2,Urban Stay Suites,2,180.0,0.12,1,0.029312230751356333
desktop,macOS,Chrome,"42.0417,-73.7987","56.3455,-61.4559",0.0,0,0.0,SUB_3,Grand Horizon Resorts,3,450.0,0.15,0,0.057324175898868755
desktop,macOS,Chrome,"42.0417,-73.7987","56.3455,-61.4559",0.0,0,0.0,SUB_4,EcoLodge Boutique,2,220.0,0.14,1,0.029312230751356333
desktop,macOS,Chrome,"42.0417,-73.7987","56.3455,-61.4559",0.0,0,0.0,SUB_5,Express Stop Motel,1,-99.0,0.08,0,0.029312230751356333
desktop,Windows,Edge,"29.1783,-114.406","26.3201,-121.6898",0.0,0,0.0,SUB_1,BudgetInns Global,1,85.0,0.1,1,0.016302499371440946
desktop,Windows,Edge,"29.1783,-114.406","26.3201,-121.6898",0.0,0,0.0,SUB_2,Urban Stay Suites,2,180.0,0.12,1,0.016302499371440946
desktop,Windows,Edge,"29.1783,-114.406","26.3201,-121.6898",0.0,0,0.0,SUB_3,Grand Horizon Resorts,3,450.0,0.15,0,0.016302499371440946
desktop,Windows,Edge,"29.1783,-114.406","26.3201,-121.6898",0.0,0,0.0,SUB_4,EcoLodge Boutique,2,220.0,0.14,1,0.016302499371440946
desktop,Windows,Edge,"29.1783,-114.406","26.3201,-121.6898",0.0,0,0.0,SUB_5,Express Stop Motel,1,-99.0,0.08,0,0.016302499371440946
mobile,iOS,Chrome,"41.3821,-94.1788","29.0116,-113.8277",0.0,0,0.0,SUB_1,BudgetInns Global,1,85.0,0.1,1,0.029312230751356333
mobile,iOS,Chrome,"41.3821,-94.1788","29.0116,-113.8277",0.0,0,0.0,SUB_2,Urban Stay Suites,2,180.0,0.12,1,0.029312230751356333
mobile,iOS,Chrome,"41.3821,-94.1788","29.0116,-113.8277",0.0,0,0.0,SUB_3,Grand Horizon Resorts,3,450.0,0.15,0,0.013386917827664779
mobile,iOS,Chrome,"41.3821,-94.1788","29.0116,-113.8277",0.0,0,0.0,SUB_4,EcoLodge Boutique,2,220.0,0.14,1,0.029312230751356333
mobile,iOS,Chrome,"41.3821,-94.1788","29.0116,-113.8277",0.0,0,0.0,SUB_5,Express Stop Motel,1,-99.0,0.08,0,0.013386917827664779
mobile,Android,Samsung Internet,"49.7936,-80.6739","36.768,-85.3886",1.0,0,0.0,SUB_1,BudgetInns Global,1,85.0,0.1,1,0.06913842034334684
mobile,Android,Samsung Internet,"49.7936,-80.6739","36.768,-85.3886",1.0,0,0.0,SUB_2,Urban Stay Suites,2,180.0,0.12,1,0.06913842034334684
mobile,Android,Samsung Internet,"49.7936,-80.6739","36.768,-85.3886",1.0,0,0.0,SUB_3,Grand Horizon Resorts,3,450.0,0.15,0,0.03229546469845053
mobile,Android,Samsung Internet,"49.7936,-80.6739","36.768,-85.3886",1.0,0,0.0,SUB_4,EcoLodge Boutique,2,220.0,0.14,1,0.06913842034334684
mobile,Android,Samsung Internet,"49.7936,-80.6739","36.768,-85.3886",1.0,0,0.0,SUB_5,Express Stop Motel,1,-99.0,0.08,0,0.03229546469845053
mobile,iOS,Safari,"26.8168,-72.8734","38.5563,-80.801",0.0,0,1.0,SUB_1,BudgetInns Global,1,85.0,0.1,1,0.045217473483287515
mobile,iOS,Safari,"26.8168,-72.8734","38.5563,-80.801",0.0,0,1.0,SUB_2,Urban Stay Suites,2,180.0,0.12,1,0.045217473483287515
mobile,iOS,Safari,"26.8168,-72.8734","38.5563,-80.801",0.0,0,1.0,SUB_3,Grand Horizon Resorts,3,450.0,0.15,0,0.02083634451868043
mobile,iOS,Safari,"26.8168,-72.8734","38.5563,-80.801",0.0,1,1.0,SUB_4,EcoLodge Boutique,2,220.0,0.14,1,0.045217473483287515
mobile,iOS,Safari,"26.8168,-72.8734","38.5563,-80.801",0.0,0,1.0,SUB_5,Express Stop Motel,1,-99.0,0.08,0,0.02083634451868043
desktop,Windows,Chrome,"26.927,-82.6612","25.8414,-101.1653",1.0,0,0.0,SUB_1,BudgetInns Global,1,85.0,0.1,1,0.06913842034334684
desktop,Windows,Chrome,"26.927,-82.6612","25.8414,-101.1653",1.0,1,0.0,SUB_2,Urban Stay Suites,2,180.0,0.12,1,0.06913842034334684
desktop,Windows,Chrome,"26.927,-82.6612","25.8414,-101.1653",1.0,1,0.0,SUB_3,Grand Horizon Resorts,3,450.0,0.15,0,0.06913842034334684
desktop,Windows,Chrome,"26.927,-82.6612","25.8414,-101.1653",1.0,1,0.0,SUB_4,EcoLodge Boutique,2,220.0,0.14,1,0.06913842034334684
desktop,Windows,Chrome,"26.927,-82.6612","25.8414,-101.1653",1.0,0,0.0,SUB_5,Express Stop Motel,1,-99.0,0.08,0,0.06913842034334684
desktop,macOS,Chrome,"33.5095,-83.9717","28.1103,-83.7571",0.0,0,0.0,SUB_1,BudgetInns Global,1,85.0,0.1,1,0.016302499371440946
desktop,macOS,Chrome,"33.5095,-83.9717","28.1103,-83.7571",0.0,0,0.0,SUB_2,Urban Stay Suites,2,180.0,0.12,1,0.016302499371440946
desktop,macOS,Chrome,"33.5095,-83.9717","28.1103,-83.7571",0.0,0,0.0,SUB_3,Grand Horizon Resorts,3,450.0,0.15,0,0.03229546469845053
desktop,macOS,Chrome,"33.5095,-83.9717","28.1103,-83.7571",0.0,0,0.0,SUB_4,EcoLodge Boutique,2,220.0,0.14,1,0.016302499371440946
desktop,macOS,Chrome,"33.5095,-83.9717","28.1103,-83.7571",0.0,0,0.0,SUB_5,Express Stop Motel,1,-99.0,0.08,0,0.016302499371440946
mobile,Android,Samsung Internet,"46.6597,-78.6756","45.9535,-82.5543",0.0,1,,SUB_1,BudgetInns Global,1,85.0,0.1,1,0.016302499371440946
mobile,Android,Samsung Internet,"46.6597,-78.6756","45.9535,-82.5543",0.0,0,,SUB_2,Urban Stay Suites,2,180.0,0.12,1,0.016302499371440946
mobile,Android,Samsung Internet,"46.6597,-78.6756","45.9535,-82.5543",0.0,0,,SUB_3,Grand Horizon Resorts,3,450.0,0.15,0,0.007391541344281977
mobile,Android,Samsung Internet,"46.6597,-78.6756","45.9535,-82.5543",0.0,0,,SUB_4,EcoLodge Boutique,2,220.0,0.14,1,0.016302499371440946
mobile,Android,Samsung Internet,"46.6597,-78.6756","45.9535,-82.5543",0.0,0,,SUB_5,Express Stop Motel,1,-99.0,0.08,0,0.007391541344281977
mobile,Android,Samsung Internet,"30.3882,-97.6899","24.9373,-92.3076",0.0,0,0.0,SUB_1,BudgetInns Global,1,85.0,0.1,1,0.016302499371440946
mobile,Android,Samsung Internet,"30.3882,-97.6899","24.9373,-92.3076",0.0,0,0.0,SUB_2,Urban Stay Suites,2,180.0,0.12,1,0.016302499371440946
mobile,Android,Samsung Internet,"30.3882,-97.6899","24.9373,-92.3076",0.0,0,0.0,SUB_3,Grand Horizon Resorts,3,450.0,0.15,0,0.007391541344281977
mobile,Android,Samsung Internet,"30.3882,-97.6899","24.9373,-92.3076",0.0,0,0.0,SUB_4,EcoLodge Boutique,2,220.0,0.14,1,0.016302499371440946
mobile,Android,Samsung Internet,"30.3882,-97.6899","24.9373,-92.3076",0.0,0,0.0,SUB_5,Express Stop Motel,1,-99.0,0.08,0,0.007391541344281977
mobile,Android,Chrome,"34.0094,-79.7078","33.6805,-74.8603",0.0,0,1.0,SUB_1,BudgetInns Global,1,85.0,0.1,1,0.025332703226871745
mobile,Android,Chrome,"34.0094,-79.7078","33.6805,-74.8603",0.0,0,1.0,SUB_2,Urban Stay Suites,2,180.0,0.12,1,0.025332703226871745
mobile,Android,Chrome,"34.0094,-79.7078","33.6805,-74.8603",0.0,0,1.0,SUB_3,Grand Horizon Resorts,3,450.0,0.15,0,0.011543752483922297
mobile,Android,Chrome,"34.0094,-79.7078","33.6805,-74.8603",0.0,0,1.0,SUB_4,EcoLodge Boutique,2,220.0,0.14,1,0.025332703226871745
mobile,Android,Chrome,"34.0094,-79.7078","33.6805,-74.8603",0.0,0,1.0,SUB_5,Express Stop Motel,1,-99.0,0.08,0,0.011543752483922297
mobile,iOS,,"26.7126,-119.6018","37.4993,-134.7719",0.0,0,0.0,SUB_1,BudgetInns Global,1,85.0,0.1,1,0.029312230751356333
mobile,iOS,,"26.7126,-119.6018","37.4993,-134.7719",0.0,0,0.0,SUB_2,Urban Stay Suites,2,180.0,0.12,1,0.029312230751356333
mobile,iOS,,"26.7126,-119.6018","37.4993,-134.7719",0.0,0,0.0,SUB_3,Grand Horizon Resorts,3,450.0,0.15,0,0.013386917827664779
mobile,iOS,,"26.7126,-119.6018","37.4993,-134.7719",0.0,0,0.0,SUB_4,EcoLodge Boutique,2,220.0,0.14,1,0.029312230751356333
mobile,iOS,,"26.7126,-119.6018","37.4993,-134.7719",0.0,0,0.0,SUB_5,Express Stop Motel,1,-99.0,0.08,0,0.013386917827664779
desktop,Linux,Chrome,"44.0789,-73.7719","46.8479,-54.6933",0.0,0,0.0,SUB_1,BudgetInns Global,1,85.0,0.1,1,0.029312230751356333
desktop,Linux,Chrome,"44.0789,-73.7719","46.8479,-54.6933",0.0,0,0.0,SUB_2,Urban Stay Suites,2,180.0,0.12,1,0.029312230751356333
desktop,Linux,Chrome,"44.0789,-73.7719","46.8479,-54.6933",0.0,0,0.0,SUB_3,Grand Horizon Resorts,3,450.0,0.15,0,0.029312230751356333
desktop,Linux,Chrome,"44.0789,-73.7719","46.8479,-54.6933",0.0,0,0.0,SUB_4,EcoLodge Boutique,2,220.0,0.14,1,0.029312230751356333
desktop,Linux,Chrome,"44.0789,-73.7719","46.8479,-54.6933",0.0,0,0.0,SUB_5,Express Stop Motel,1,-99.0,0.08,0,0.029312230751356333
desktop,macOS,Firefox,"35.2077,-97.8347","41.0473,-110.3574",0.0,0,0.0,SUB_1,BudgetInns Global,1,85.0,0.1,1,0.029312230751356333
desktop,macOS,Firefox,"35.2077,-97.8347","41.0473,-110.3574",0.0,0,0.0,SUB_2,Urban Stay Suites,2,180.0,0.12,1,0.029312230751356333
desktop,macOS,Firefox,"35.2077,-97.8347","41.0473,-110.3574",0.0,0,0.0,SUB_3,Grand Horizon Resorts,3,450.0,0.15,0,0.057324175898868755
desktop,macOS,Firefox,"35.2077,-97.8347","41.0473,-110.3574",0.0,0,0.0,SUB_4,EcoLodge Boutique,2,220.0,0.14,1,0.029312230751356333
desktop,macOS,Firefox,"35.2077,-97.8347","41.0473,-110.3574",0.0,0,0.0,SUB_5,Express Stop Motel,1,-99.0,0.08,0,0.029312230751356333
desktop,macOS,Safari,"43.9812,-92.331","39.9213,-94.52",0.0,0,0.0,SUB_1,BudgetInns Global,1,85.0,0.1,1,0.016302499371440946
desktop,macOS,Safari,"43.9812,-92.331","39.9213,-94.52",0.0,0,0.0,SUB_2,Urban Stay Suites,2,180.0,0.12,1,0.016302499371440946
desktop,macOS,Safari,"43.9812,-92.331","39.9213,-94.52",0.0,0,0.0,SUB_3,Grand Horizon Resorts,3,450.0,0.15,0,0.03229546469845053
desktop,macOS,Safari,"43.9812,-92.331","39.9213,-94.52",0.0,0,0.0,SUB_4,EcoLodge Boutique,2,220.0,0.14,1,0.016302499371440946
desktop,macOS,Safari,"43.9812,-92.331","39.9213,-94.52",0.0,0,0.0,SUB_5,Express Stop Motel,1,-99.0,0.08,0,0.016302499371440946
mobile,Android,Samsung Internet,"47.5902,-107.2559","54.7454,-107.7312",0.0,0,0.0,SUB_1,BudgetInns Global,1,85.0,0.1,1,0.016302499371440946
mobile,Android,Samsung Internet,"47.5902,-107.2559","54.7454,-107.7312",0.0,0,0.0,SUB_2,Urban Stay Suites,2,180.0,0.12,1,0.016302499371440946
mobile,Android,Samsung Internet,"47.5902,-107.2559","54.7454,-107.7312",0.0,0,0.0,SUB_3,Grand Horizon Resorts,3,450.0,0.15,0,0.007391541344281977
mobile,Android,Samsung Internet,"47.5902,-107.2559","54.7454,-107.7312",0.0,0,0.0,SUB_4,EcoLodge Boutique,2,220.0,0.14,1,0.016302499371440946
mobile,Android,Samsung Internet,"47.5902,-107.2559","54.7454,-107.7312",0.0,0,0.0,SUB_5,Express Stop Motel,1,-99.0,0.08,0,0.007391541344281977
mobile,iOS,Safari,"30.8191,-82.8735","35.8176,-70.351",0.0,0,0.0,SUB_1,BudgetInns Global,1,85.0,0.1,1,0.029312230751356333
mobile,iOS,Safari,"30.8191,-82.8735","35.8176,-70.351",0.0,0,0.0,SUB_2,Urban Stay Suites,2,180.0,0.12,1,0.029312230751356333
mobile,iOS,Safari,"30.8191,-82.8735","35.8176,-70.351",0.0,0,0.0,SUB_3,Grand Horizon Resorts,3,450.0,0.15,0,0.013386917827664779
mobile,iOS,Safari,"30.8191,-82.8735","35.8176,-70.351",0.0,0,0.0,SUB_4,EcoLodge Boutique,2,220.0,0.14,1,0.029312230751356333
mobile,iOS,Safari,"30.8191,-82.8735","35.8176,-70.351",0.0,0,0.0,SUB_5,Express Stop Motel,1,-99.0,0.08,0,0.013386917827664779
desktop,Linux,CHROME_v118,"45.1849,-116.1682","33.7718,-132.199",0.0,0,0.0,SUB_1,BudgetInns Global,1,85.0,0.1,1,0.029312230751356333
desktop,Linux,CHROME_v118,"45.1849,-116.1682","33.7718,-132.199",0.0,0,0.0,SUB_2,Urban Stay Suites,2,180.0,0.12,1,0.029312230751356333
desktop,Linux,CHROME_v118,"45.1849,-116.1682","33.7718,-132.199",0.0,0,0.0,SUB_3,Grand Horizon Resorts,3,450.0,0.15,0,0.029312230751356333
desktop,Linux,CHROME_v118,"45.1849,-116.1682","33.7718,-132.199",0.0,1,0.0,SUB_4,EcoLodge Boutique,2,220.0,0.14,1,0.029312230751356333
desktop,Linux,CHROME_v118,"45.1849,-116.1682","33.7718,-132.199",0.0,0,0.0,SUB_5,Express Stop Motel,1,-99.0,0.08,0,0.029312230751356333
desktop,Windows,Edge,"26.4773,-76.3682","28.6566,-79.2224",0.0,0,0.0,SUB_1,BudgetInns Global,1,85.0,0.1,1,0.016302499371440946
desktop,Windows,Edge,"26.4773,-76.3682","28.6566,-79.2224",0.0,0,0.0,SUB_2,Urban Stay Suites,2,180.0,0.12,1,0.016302499371440946
desktop,Windows,Edge,"26.4773,-76.3682","28.6566,-79.2224",0.0,0,0.0,SUB_3,Grand Horizon Resorts,3,450.0,0.15,0,0.016302499371440946
desktop,Windows,Edge,"26.4773,-76.3682","28.6566,-79.2224",0.0,0,0.0,SUB_4,EcoLodge Boutique,2,220.0,0.14,1,0.016302499371440946
desktop,Windows,Edge,"26.4773,-76.3682","28.6566,-79.2224",0.0,0,0.0,SUB_5,Express Stop Motel,1,-99.0,0.08,0,0.016302499371440946
desktop,Windows,,"47.4712,-78.5942","40.1735,-73.4541",0.0,0,1.0,SUB_1,BudgetInns Global,1,85.0,0.1,1,0.025332703226871745
desktop,Windows,,"47.4712,-78.5942","40.1735,-73.4541",0.0,0,1.0,SUB_2,Urban Stay Suites,2,180.0,0.12,1,0.025332703226871745
desktop,Windows,,"47.4712,-78.5942","40.1735,-73.4541",0.0,0,1.0,SUB_3,Grand Horizon Resorts,3,450.0,0.15,0,0.025332703226871745
desktop,Windows,,"47.4712,-78.5942","40.1735,-73.4541",0.0,0,1.0,SUB_4,EcoLodge Boutique,2,220.0,0.14,1,0.025332703226871745
desktop,Windows,,"47.4712,-78.5942","40.1735,-73.4541",0.0,0,1.0,SUB_5,Express Stop Motel,1,-99.0,0.08,0,0.025332703226871745
desktop,macOS,Firefox,"41.2692,-109.197","50.3921,-120.5908",0.0,0,0.0,SUB_1,BudgetInns Global,1,85.0,0.1,1,0.029312230751356333
desktop,macOS,Firefox,"41.2692,-109.197","50.3921,-120.5908",0.0,0,0.0,SUB_2,Urban Stay Suites,2,180.0,0.12,1,0.029312230751356333
desktop,macOS,Firefox,"41.2692,-109.197","50.3921,-120.5908",0.0,1,0.0,SUB_3,Grand Horizon Resorts,3,450.0,0.15,0,0.057324175898868755
desktop,macOS,Firefox,"41.2692,-109.197","50.3921,-120.5908",0.0,0,0.0,SUB_4,EcoLodge Boutique,2,220.0,0.14,1,0.029312230751356333
desktop,macOS,Firefox,"41.2692,-109.197","50.3921,-120.5908",0.0,0,0.0,SUB_5,Express Stop Motel,1,-99.0,0.08,0,0.029312230751356333
mobile,Android,Samsung Internet,"46.8557,-79.5338","44.6338,-74.4351",0.0,0,0.0,SUB_1,BudgetInns Global,1,85.0,0.1,1,0.016302499371440946
mobile,Android,Samsung Internet,"46.8557,-79.5338","44.6338,-74.4351",0.0,0,0.0,SUB_2,Urban Stay Suites,2,180.0,0.12,1,0.016302499371440946
mobile,Android,Samsung Internet,"46.8557,-79.5338","44.6338,-74.4351",0.0,0,0.0,SUB_3,Grand Horizon Resorts,3,450.0,0.15,0,0.007391541344281977
mobile,Android,Samsung Internet,"46.8557,-79.5338","44.6338,-74.4351",0.0,0,0.0,SUB_4,EcoLodge Boutique,2,220.0,0.14,1,0.016302499371440946
mobile,Android,Samsung Internet,"46.8557,-79.5338","44.6338,-74.4351",0.0,0,0.0,SUB_5,Express Stop Motel,1,-99.0,0.08,0,0.007391541344281977
mobile,Android,Chrome,"25.0047,-80.6821","39.8452,-63.7355",1.0,0,0.0,SUB_1,BudgetInns Global,1,85.0,0.1,1,0.06913842034334684
mobile,Android,Chrome,"25.0047,-80.6821","39.8452,-63.7355",1.0,0,0.0,SUB_2,Urban Stay Suites,2,180.0,0.12,1,0.06913842034334684
mobile,Android,Chrome,"25.0047,-80.6821","39.8452,-63.7355",1.0,0,0.0,SUB_3,Grand Horizon Resorts,3,450.0,0.15,0,0.03229546469845053
mobile,Android,Chrome,"25.0047,-80.6821","39.8452,-63.7355",1.0,0,0.0,SUB_4,EcoLodge Boutique,2,220.0,0.14,1,0.06913842034334684
mobile,Android,Chrome,"25.0047,-80.6821","39.8452,-63.7355",1.0,0,0.0,SUB_5,Express Stop Motel,1,-99.0,0.08,0,0.03229546469845053
mobile,iOS,Safari,"29.227,-88.3892","999.9999,-800.0000",0.0,0,0.0,SUB_1,BudgetInns Global,1,85.0,0.1,1,0.029312230751356333
mobile,iOS,Safari,"29.227,-88.3892","999.9999,-800.0000",0.0,0,0.0,SUB_2,Urban Stay Suites,2,180.0,0.12,1,0.029312230751356333
mobile,iOS,Safari,"29.227,-88.3892","999.9999,-800.0000",0.0,0,0.0,SUB_3,Grand Horizon Resorts,3,450.0,0.15,0,0.013386917827664779
mobile,iOS,Safari,"29.227,-88.3892","999.9999,-800.0000",0.0,0,0.0,SUB_4,EcoLodge Boutique,2,220.0,0.14,1,0.029312230751356333
mobile,iOS,Safari,"29.227,-88.3892","999.9999,-800.0000",0.0,0,0.0,SUB_5,Express Stop Motel,1,-99.0,0.08,0,0.013386917827664779
mobile,iOS,Chrome,"34.744,-101.324","43.1544,-120.026",0.0,0,1.0,SUB_1,BudgetInns Global,1,85.0,0.1,1,0.045217473483287515
mobile,iOS,Chrome,"34.744,-101.324","43.1544,-120.026",0.0,0,1.0,SUB_2,Urban Stay Suites,2,180.0,0.12,1,0.045217473483287515
mobile,iOS,Chrome,"34.744,-101.324","43.1544,-120.026",0.0,0,1.0,SUB_3,Grand Horizon Resorts,3,450.0,0.15,0,0.02083634451868043
mobile,iOS,Chrome,"34.744,-101.324","43.1544,-120.026",0.0,1,1.0,SUB_4,EcoLodge Boutique,2,220.0,0.14,1,0.045217473483287515
mobile,iOS,Chrome,"34.744,-101.324","43.1544,-120.026",0.0,1,1.0,SUB_5,Express Stop Motel,1,-99.0,0.08,0,0.02083634451868043
mobile,iOS,Chrome,"34.4876,-106.4251","39.6987,-117.0016",0.0,0,0.0,SUB_1,BudgetInns Global,1,85.0,0.1,1,0.029312230751356333
mobile,iOS,Chrome,"34.4876,-106.4251","39.6987,-117.0016",0.0,0,0.0,SUB_2,Urban Stay Suites,2,180.0,0.12,1,0.029312230751356333
mobile,iOS,Chrome,"34.4876,-106.4251","39.6987,-117.0016",0.0,1,0.0,SUB_3,Grand Horizon Resorts,3,450.0,0.15,0,0.013386917827664779
mobile,iOS,Chrome,"34.4876,-106.4251","39.6987,-117.0016",0.0,0,0.0,SUB_4,EcoLodge Boutique,2,220.0,0.14,1,0.029312230751356333
mobile,iOS,Chrome,"34.4876,-106.4251","39.6987,-117.0016",0.0,0,0.0,SUB_5,Express Stop Motel,1,-99.0,0.08,0,0.013386917827664779
mobile,Android,Samsung Internet,"30.6683,-108.4108","38.6933,-115.9985",1.0,0,0.0,SUB_1,BudgetInns Global,1,85.0,0.1,1,0.06913842034334684
mobile,Android,Samsung Internet,"30.6683,-108.4108","38.6933,-115.9985",1.0,0,0.0,SUB_2,Urban Stay Suites,2,180.0,0.12,1,0.06913842034334684
mobile,Android,Samsung Internet,"30.6683,-108.4108","38.6933,-115.9985",1.0,0,0.0,SUB_3,Grand Horizon Resorts,3,450.0,0.15,0,0.03229546469845053
mobile,Android,Samsung Internet,"30.6683,-108.4108","38.6933,-115.9985",1.0,0,0.0,SUB_4,EcoLodge Boutique,2,220.0,0.14,1,0.06913842034334684
mobile,Android,Samsung Internet,"30.6683,-108.4108","38.6933,-115.9985",1.0,0,0.0,SUB_5,Express Stop Motel,1,-99.0,0.08,0,0.03229546469845053
desktop,Windows,Chrome,"34.5403,-104.0696","28.7662,-108.1046",0.0,0,0.0,SUB_1,BudgetInns Global,1,85.0,0.1,1,0.016302499371440946
desktop,Windows,Chrome,"34.5403,-104.0696","28.7662,-108.1046",0.0,0,0.0,SUB_2,Urban Stay Suites,2,180.0,0.12,1,0.016302499371440946
desktop,Windows,Chrome,"34.5403,-104.0696","28.7662,-108.1046",0.0,0,0.0,SUB_3,Grand Horizon Resorts,3,450.0,0.15,0,0.016302499371440946
desktop,Windows,Chrome,"34.5403,-104.0696","28.7662,-108.1046",0.0,0,0.0,SUB_4,EcoLodge Boutique,2,220.0,0.14,1,0.016302499371440946
desktop,Windows,Chrome,"34.5403,-104.0696","28.7662,-108.1046",0.0,0,0.0,SUB_5,Express Stop Motel,1,-99.0,0.08,0,0.016302499371440946
mobile,Android,Samsung Internet,"28.2212,-74.8221","27.9828,-85.1318",1.0,0,0.0,SUB_1,BudgetInns Global,1,85.0,0.1,1,0.06913842034334684
mobile,Android,Samsung Internet,"28.2212,-74.8221","27.9828,-85.1318",1.0,0,0.0,SUB_2,Urban Stay Suites,2,180.0,0.12,1,0.06913842034334684
mobile,Android,Samsung Internet,"28.2212,-74.8221","27.9828,-85.1318",1.0,0,0.0,SUB_3,Grand Horizon Resorts,3,450.0,0.15,0,0.03229546469845053
mobile,Android,Samsung Internet,"28.2212,-74.8221","27.9828,-85.1318",1.0,1,0.0,SUB_4,EcoLodge Boutique,2,220.0,0.14,1,0.06913842034334684
mobile,Android,Samsung Internet,"28.2212,-74.8221","27.9828,-85.1318",1.0,0,0.0,SUB_5,Express Stop Motel,1,-99.0,0.08,0,0.03229546469845053
mobile,iOS,Safari,"35.319,-116.118","44.2143,-127.9785",0.0,0,0.0,SUB_1,BudgetInns Global,1,85.0,0.1,1,0.029312230751356333
mobile,iOS,Safari,"35.319,-116.118","44.2143,-127.9785",0.0,0,0.0,SUB_2,Urban Stay Suites,2,180.0,0.12,1,0.029312230751356333
mobile,iOS,Safari,"35.319,-116.118","44.2143,-127.9785",0.0,0,0.0,SUB_3,Grand Horizon Resorts,3,450.0,0.15,0,0.013386917827664779
mobile,iOS,Safari,"35.319,-116.118","44.2143,-127.9785",0.0,0,0.0,SUB_4,EcoLodge Boutique,2,220.0,0.14,1,0.029312230751356333
mobile,iOS,Safari,"35.319,-116.118","44.2143,-127.9785",0.0,0,0.0,SUB_5,Express Stop Motel,1,-99.0,0.08,0,0.013386917827664779
tablet,iOS,,"45.0589,-78.5564","37.0351,-60.3742",0.0,0,0.0,SUB_1,BudgetInns Global,1,85.0,0.1,1,0.029312230751356333
tablet,iOS,,"45.0589,-78.5564","37.0351,-60.3742",0.0,0,0.0,SUB_2,Urban Stay Suites,2,180.0,0.12,1,0.029312230751356333
tablet,iOS,,"45.0589,-78.5564","37.0351,-60.3742",0.0,0,0.0,SUB_3,Grand Horizon Resorts,3,450.0,0.15,0,0.029312230751356333
tablet,iOS,,"45.0589,-78.5564","37.0351,-60.3742",0.0,0,0.0,SUB_4,EcoLodge Boutique,2,220.0,0.14,1,0.029312230751356333
tablet,iOS,,"45.0589,-78.5564","37.0351,-60.3742",0.0,0,0.0,SUB_5,Express Stop Motel,1,-99.0,0.08,0,0.029312230751356333
mobile,Android,Chrome,"36.9768,-102.5555","28.7578,-85.8146",1.0,0,0.0,SUB_1,BudgetInns Global,1,85.0,0.1,1,0.06913842034334684
mobile,Android,Chrome,"36.9768,-102.5555","28.7578,-85.8146",1.0,0,0.0,SUB_2,Urban Stay Suites,2,180.0,0.12,1,0.06913842034334684
mobile,Android,Chrome,"36.9768,-102.5555","28.7578,-85.8146",1.0,0,0.0,SUB_3,Grand Horizon Resorts,3,450.0,0.15,0,0.03229546469845053
mobile,Android,Chrome,"36.9768,-102.5555","28.7578,-85.8146",1.0,0,0.0,SUB_4,EcoLodge Boutique,2,220.0,0.14,1,0.06913842034334684
mobile,Android,Chrome,"36.9768,-102.5555","28.7578,-85.8146",1.0,0,0.0,SUB_5,Express Stop Motel,1,-99.0,0.08,0,0.03229546469845053
mobile,iOS,Chrome,"25.45,-93.92","26.9815,-112.0403",0.0,0,0.0,SUB_1,BudgetInns Global,1,85.0,0.1,1,0.029312230751356333
mobile,iOS,Chrome,"25.45,-93.92","26.9815,-112.0403",0.0,0,0.0,SUB_2,Urban Stay Suites,2,180.0,0.12,1,0.029312230751356333
mobile,iOS,Chrome,"25.45,-93.92","26.9815,-112.0403",0.0,0,0.0,SUB_3,Grand Horizon Resorts,3,450.0,0.15,0,0.013386917827664779
mobile,iOS,Chrome,"25.45,-93.92","26.9815,-112.0403",0.0,0,0.0,SUB_4,EcoLodge Boutique,2,220.0,0.14,1,0.029312230751356333
mobile,iOS,Chrome,"25.45,-93.92","26.9815,-112.0403",0.0,0,0.0,SUB_5,Express Stop Motel,1,-99.0,0.08,0,0.013386917827664779
desktop,Windows,Edge,"35.5361,-80.2757","36.243,-86.7232",0.0,0,1.0,SUB_1,BudgetInns Global,1,85.0,0.1,1,0.025332703226871745
desktop,Windows,Edge,"35.5361,-80.2757","36.243,-86.7232",0.0,0,1.0,SUB_2,Urban Stay Suites,2,180.0,0.12,1,0.025332703226871745
desktop,Windows,Edge,"35.5361,-80.2757","36.243,-86.7232",0.0,0,1.0,SUB_3,Grand Horizon Resorts,3,450.0,0.15,0,0.025332703226871745
desktop,Windows,Edge,"35.5361,-80.2757","36.243,-86.7232",0.0,0,1.0,SUB_4,EcoLodge Boutique,2,220.0,0.14,1,0.025332703226871745
desktop,Windows,Edge,"35.5361,-80.2757","36.243,-86.7232",0.0,0,1.0,SUB_5,Express Stop Motel,1,-99.0,0.08,0,0.025332703226871745
mobile,Android,Samsung Internet,"25.6794,-75.7812","19.1473,-79.5753",1.0,0,0.0,SUB_1,BudgetInns Global,1,85.0,0.1,1,0.03916572279676437
mobile,Android,Samsung Internet,"25.6794,-75.7812","19.1473,-79.5753",1.0,0,0.0,SUB_2,Urban Stay Suites,2,180.0,0.12,1,0.03916572279676437
mobile,Android,Samsung Internet,"25.6794,-75.7812","19.1473,-79.5753",1.0,0,0.0,SUB_3,Grand Horizon Resorts,3,450.0,0.15,0,0.01798620996209156
mobile,Android,Samsung Internet,"25.6794,-75.7812","19.1473,-79.5753",1.0,0,0.0,SUB_4,EcoLodge Boutique,2,220.0,0.14,1,0.03916572279676437
mobile,Android,Samsung Internet,"25.6794,-75.7812","19.1473,-79.5753",1.0,0,0.0,SUB_5,Express Stop Motel,1,-99.0,0.08,0,0.01798620996209156
mobile,Android,Samsung Internet,"49.1561,-102.7609","43.0984,-113.2003",1.0,0,0.0,SUB_1,BudgetInns Global,1,85.0,0.1,1,0.06913842034334684
mobile,Android,Samsung Internet,"49.1561,-102.7609","43.0984,-113.2003",1.0,0,0.0,SUB_2,Urban Stay Suites,2,180.0,0.12,1,0.06913842034334684
mobile,Android,Samsung Internet,"49.1561,-102.7609","43.0984,-113.2003",1.0,0,0.0,SUB_3,Grand Horizon Resorts,3,450.0,0.15,0,0.03229546469845053
mobile,Android,Samsung Internet,"49.1561,-102.7609","43.0984,-113.2003",1.0,0,0.0,SUB_4,EcoLodge Boutique,2,220.0,0.14,1,0.06913842034334684
mobile,Android,Samsung Internet,"49.1561,-102.7609","43.0984,-113.2003",1.0,0,0.0,SUB_5,Express Stop Motel,1,-99.0,0.08,0,0.03229546469845053
mobile,Android,Chrome,"28.1863,-96.9078","21.5217,-91.7529",0.0,0,0.0,SUB_1,BudgetInns Global,1,85.0,0.1,1,0.016302499371440946
mobile,Android,Chrome,"28.1863,-96.9078","21.5217,-91.7529",0.0,1,0.0,SUB_2,Urban Stay Suites,2,180.0,0.12,1,0.016302499371440946
mobile,Android,Chrome,"28.1863,-96.9078","21.5217,-91.7529",0.0,0,0.0,SUB_3,Grand Horizon Resorts,3,450.0,0.15,0,0.007391541344281977
mobile,Android,Chrome,"28.1863,-96.9078","21.5217,-91.7529",0.0,0,0.0,SUB_4,EcoLodge Boutique,2,220.0,0.14,1,0.016302499371440946
mobile,Android,Chrome,"28.1863,-96.9078","21.5217,-91.7529",0.0,0,0.0,SUB_5,Express Stop Motel,1,-99.0,0.08,0,0.007391541344281977
mobile,iOS,Chrome,"42.6922,-99.2742","50.8376,-93.659",0.0,0,0.0,SUB_1,BudgetInns Global,1,85.0,0.1,1,0.029312230751356333
mobile,iOS,Chrome,"42.6922,-99.2742","50.8376,-93.659",0.0,0,0.0,SUB_2,Urban Stay Suites,2,180.0,0.12,1,0.029312230751356333
mobile,iOS,Chrome,"42.6922,-99.2742","50.8376,-93.659",0.0,0,0.0,SUB_3,Grand Horizon Resorts,3,450.0,0.15,0,0.013386917827664779
mobile,iOS,Chrome,"42.6922,-99.2742","50.8376,-93.659",0.0,0,0.0,SUB_4,EcoLodge Boutique,2,220.0,0.14,1,0.029312230751356333
mobile,iOS,Chrome,"42.6922,-99.2742","50.8376,-93.659",0.0,0,0.0,SUB_5,Express Stop Motel,1,-99.0,0.08,0,0.013386917827664779
tablet,iOS,Chrome,"49.3194,-119.3374","53.8764,-105.3172",1.0,0,0.0,SUB_1,BudgetInns Global,1,85.0,0.1,1,0.06913842034334684
tablet,iOS,Chrome,"49.3194,-119.3374","53.8764,-105.3172",1.0,0,0.0,SUB_2,Urban Stay Suites,2,180.0,0.12,1,0.06913842034334684
tablet,iOS,Chrome,"49.3194,-119.3374","53.8764,-105.3172",1.0,0,0.0,SUB_3,Grand Horizon Resorts,3,450.0,0.15,0,0.06913842034334684
tablet,iOS,Chrome,"49.3194,-119.3374","53.8764,-105.3172",1.0,0,0.0,SUB_4,EcoLodge Boutique,2,220.0,0.14,1,0.06913842034334684
tablet,iOS,Chrome,"49.3194,-119.3374","53.8764,-105.3172",1.0,0,0.0,SUB_5,Express Stop Motel,1,-99.0,0.08,0,0.06913842034334684
desktop,macOS,Safari,"45.651,-105.2029","55.6235,-95.5681",0.0,0,1.0,SUB_1,BudgetInns Global,1,85.0,0.1,1,0.045217473483287515
desktop,macOS,Safari,"45.651,-105.2029","55.6235,-95.5681",0.0,0,1.0,SUB_2,Urban Stay Suites,2,180.0,0.12,1,0.045217473483287515
desktop,macOS,Safari,"45.651,-105.2029","55.6235,-95.5681",0.0,0,1.0,SUB_3,Grand Horizon Resorts,3,450.0,0.15,0,0.08706577244027129
desktop,macOS,Safari,"45.651,-105.2029","55.6235,-95.5681",0.0,0,1.0,SUB_4,EcoLodge Boutique,2,220.0,0.14,1,0.045217473483287515
desktop,macOS,Safari,"45.651,-105.2029","55.6235,-95.5681",0.0,0,1.0,SUB_5,Express Stop Motel,1,-99.0,0.08,0,0.045217473483287515
desktop,macOS,Chrome,"42.4829,-97.0405","56.7471,-95.3376",1.0,0,1.0,SUB_1,BudgetInns Global,1,85.0,0.1,1,0.10433122311900135
desktop,macOS,Chrome,"42.4829,-97.0405","56.7471,-95.3376",1.0,0,1.0,SUB_2,Urban Stay Suites,2,180.0,0.12,1,0.10433122311900135
desktop,macOS,Chrome,"42.4829,-97.0405","56.7471,-95.3376",1.0,0,1.0,SUB_3,Grand Horizon Resorts,3,450.0,0.15,0,0.19000156601531307
desktop,macOS,Chrome,"42.4829,-97.0405","56.7471,-95.3376",1.0,1,1.0,SUB_4,EcoLodge Boutique,2,220.0,0.14,1,0.10433122311900135
desktop,macOS,Chrome,"42.4829,-97.0405","56.7471,-95.3376",1.0,0,1.0,SUB_5,Express Stop Motel,1,-99.0,0.08,0,0.10433122311900135
desktop,Windows,Firefox,"45.9865,-99.4453","45.2114,-93.3018",0.0,0,0.0,SUB_1,BudgetInns Global,1,85.0,0.1,1,0.016302499371440946
desktop,Windows,Firefox,"45.9865,-99.4453","45.2114,-93.3018",0.0,0,0.0,SUB_2,Urban Stay Suites,2,180.0,0.12,1,0.016302499371440946
desktop,Windows,Firefox,"45.9865,-99.4453","45.2114,-93.3018",0.0,0,0.0,SUB_3,Grand Horizon Resorts,3,450.0,0.15,0,0.016302499371440946
desktop,Windows,Firefox,"45.9865,-99.4453","45.2114,-93.3018",0.0,0,0.0,SUB_4,EcoLodge Boutique,2,220.0,0.14,1,0.016302499371440946
desktop,Windows,Firefox,"45.9865,-99.4453","45.2114,-93.3018",0.0,0,0.0,SUB_5,Express Stop Motel,1,-99.0,0.08,0,0.016302499371440946
desktop,Linux,Chrome,"49.545,-83.9035","36.5458,-92.9439",0.0,0,,SUB_1,BudgetInns Global,1,85.0,0.1,1,0.029312230751356333
desktop,Linux,Chrome,"49.545,-83.9035","36.5458,-92.9439",0.0,0,,SUB_2,Urban Stay Suites,2,180.0,0.12,1,0.029312230751356333
desktop,Linux,Chrome,"49.545,-83.9035","36.5458,-92.9439",0.0,0,,SUB_3,Grand Horizon Resorts,3,450.0,0.15,0,0.029312230751356333
desktop,Linux,Chrome,"49.545,-83.9035","36.5458,-92.9439",0.0,0,,SUB_4,EcoLodge Boutique,2,220.0,0.14,1,0.029312230751356333
desktop,Linux,Chrome,"49.545,-83.9035","36.5458,-92.9439",0.0,0,,SUB_5,Express Stop Motel,1,-99.0,0.08,0,0.029312230751356333
mobile,iOS,Chrome,"40.5336,-100.7598","26.9764,-97.0376",1.0,0,0.0,SUB_1,BudgetInns Global,1,85.0,0.1,1,0.06913842034334684
mobile,iOS,Chrome,"40.5336,-100.7598","26.9764,-97.0376",1.0,0,0.0,SUB_2,Urban Stay Suites,2,180.0,0.12,1,0.06913842034334684
mobile,iOS,Chrome,"40.5336,-100.7598","26.9764,-97.0376",1.0,0,0.0,SUB_3,Grand Horizon Resorts,3,450.0,0.15,0,0.03229546469845053
mobile,iOS,Chrome,"40.5336,-100.7598","26.9764,-97.0376",1.0,1,0.0,SUB_4,EcoLodge Boutique,2,220.0,0.14,1,0.06913842034334684
mobile,iOS,Chrome,"40.5336,-100.7598","26.9764,-97.0376",1.0,0,0.0,SUB_5,Express Stop Motel,1,-99.0,0.08,0,0.03229546469845053
desktop,Windows,Edge,"38.9796,-95.5312","32.8496,-95.9621",0.0,0,0.0,SUB_1,BudgetInns Global,1,85.0,0.1,1,0.016302499371440946
desktop,Windows,Edge,"38.9796,-95.5312","32.8496,-95.9621",0.0,0,0.0,SUB_2,Urban Stay Suites,2,180.0,0.12,1,0.016302499371440946
desktop,Windows,Edge,"38.9796,-95.5312","32.8496,-95.9621",0.0,0,0.0,SUB_3,Grand Horizon Resorts,3,450.0,0.15,0,0.016302499371440946
desktop,Windows,Edge,"38.9796,-95.5312","32.8496,-95.9621",0.0,0,0.0,SUB_4,EcoLodge Boutique,2,220.0,0.14,1,0.016302499371440946
desktop,Windows,Edge,"38.9796,-95.5312","32.8496,-95.9621",0.0,0,0.0,SUB_5,Express Stop Motel,1,-99.0,0.08,0,0.016302499371440946
mobile,iOS,Safari,"40.706,-98.5196","53.6823,-113.1858",0.0,0,0.0,SUB_1,BudgetInns Global,1,85.0,0.1,1,0.029312230751356333
mobile,iOS,Safari,"40.706,-98.5196","53.6823,-113.1858",0.0,0,0.0,SUB_2,Urban Stay Suites,2,180.0,0.12,1,0.029312230751356333
mobile,iOS,Safari,"40.706,-98.5196","53.6823,-113.1858",0.0,0,0.0,SUB_3,Grand Horizon Resorts,3,450.0,0.15,0,0.013386917827664779
mobile,iOS,Safari,"40.706,-98.5196","53.6823,-113.1858",0.0,0,0.0,SUB_4,EcoLodge Boutique,2,220.0,0.14,1,0.029312230751356333
mobile,iOS,Safari,"40.706,-98.5196","53.6823,-113.1858",0.0,0,0.0,SUB_5,Express Stop Motel,1,-99.0,0.08,0,0.013386917827664779
desktop,macOS,Chrome,"38.3169,-82.9687","39.0133,-93.2669",0.0,0,0.0,SUB_1,BudgetInns Global,1,85.0,0.1,1,0.016302499371440946
desktop,macOS,Chrome,"38.3169,-82.9687","39.0133,-93.2669",0.0,0,0.0,SUB_2,Urban Stay Suites,2,180.0,0.12,1,0.016302499371440946
desktop,macOS,Chrome,"38.3169,-82.9687","39.0133,-93.2669",0.0,0,0.0,SUB_3,Grand Horizon Resorts,3,450.0,0.15,0,0.03229546469845053
desktop,macOS,Chrome,"38.3169,-82.9687","39.0133,-93.2669",0.0,0,0.0,SUB_4,EcoLodge Boutique,2,220.0,0.14,1,0.016302499371440946
desktop,macOS,Chrome,"38.3169,-82.9687","39.0133,-93.2669",0.0,0,0.0,SUB_5,Express Stop Motel,1,-99.0,0.08,0,0.016302499371440946
desktop,Windows,Edge,"40.8772,-76.8514","34.0308,-85.1837",0.0,0,0.0,SUB_1,BudgetInns Global,1,85.0,0.1,1,0.029312230751356333
desktop,Windows,Edge,"40.8772,-76.8514","34.0308,-85.1837",0.0,0,0.0,SUB_2,Urban Stay Suites,2,180.0,0.12,1,0.029312230751356333
desktop,Windows,Edge,"40.8772,-76.8514","34.0308,-85.1837",0.0,0,0.0,SUB_3,Grand Horizon Resorts,3,450.0,0.15,0,0.029312230751356333
desktop,Windows,Edge,"40.8772,-76.8514","34.0308,-85.1837",0.0,0,0.0,SUB_4,EcoLodge Boutique,2,220.0,0.14,1,0.029312230751356333
desktop,Windows,Edge,"40.8772,-76.8514","34.0308,-85.1837",0.0,0,0.0,SUB_5,Express Stop Motel,1,-99.0,0.08,0,0.029312230751356333
mobile,iOS,Safari,"36.2461,-93.4055","33.2211,-76.4331",0.0,0,0.0,SUB_1,BudgetInns Global,1,85.0,0.1,1,0.029312230751356333
mobile,iOS,Safari,"36.2461,-93.4055","33.2211,-76.4331",0.0,0,0.0,SUB_2,Urban Stay Suites,2,180.0,0.12,1,0.029312230751356333
mobile,iOS,Safari,"36.2461,-93.4055","33.2211,-76.4331",0.0,0,0.0,SUB_3,Grand Horizon Resorts,3,450.0,0.15,0,0.013386917827664779
mobile,iOS,Safari,"36.2461,-93.4055","33.2211,-76.4331",0.0,0,0.0,SUB_4,EcoLodge Boutique,2,220.0,0.14,1,0.029312230751356333
mobile,iOS,Safari,"36.2461,-93.4055","33.2211,-76.4331",0.0,0,0.0,SUB_5,Express Stop Motel,1,-99.0,0.08,0,0.013386917827664779
mobile,iOS,Safari,"30.4611,-80.5284","33.419,-91.3129",1.0,0,0.0,SUB_1,BudgetInns Global,1,85.0,0.1,1,0.06913842034334684
mobile,iOS,Safari,"30.4611,-80.5284","33.419,-91.3129",1.0,0,0.0,SUB_2,Urban Stay Suites,2,180.0,0.12,1,0.06913842034334684
mobile,iOS,Safari,"30.4611,-80.5284","33.419,-91.3129",1.0,0,0.0,SUB_3,Grand Horizon Resorts,3,450.0,0.15,0,0.03229546469845053
mobile,iOS,Safari,"30.4611,-80.5284","33.419,-91.3129",1.0,0,0.0,SUB_4,EcoLodge Boutique,2,220.0,0.14,1,0.06913842034334684
mobile,iOS,Safari,"30.4611,-80.5284","33.419,-91.3129",1.0,0,0.0,SUB_5,Express Stop Motel,1,-99.0,0.08,0,0.03229546469845053
mobile,Android,Samsung Internet,"28.0062,-105.1607","32.5947,-113.5909",0.0,0,1.0,SUB_1,BudgetInns Global,1,85.0,0.1,1,0.025332703226871745
mobile,Android,Samsung Internet,"28.0062,-105.1607","32.5947,-113.5909",0.0,0,1.0,SUB_2,Urban Stay Suites,2,180.0,0.12,1,0.025332703226871745
mobile,Android,Samsung Internet,"28.0062,-105.1607","32.5947,-113.5909",0.0,0,1.0,SUB_3,Grand Horizon Resorts,3,450.0,0.15,0,0.011543752483922297
mobile,Android,Samsung Internet,"28.0062,-105.1607","32.5947,-113.5909",0.0,0,1.0,SUB_4,EcoLodge Boutique,2,220.0,0.14,1,0.025332703226871745
mobile,Android,Samsung Internet,"28.0062,-105.1607","32.5947,-113.5909",0.0,0,1.0,SUB_5,Express Stop Motel,1,-99.0,0.08,0,0.011543752483922297
mobile,Android,Chrome,"26.7085,-92.9315","16.3261,-98.1573",0.0,0,0.0,SUB_1,BudgetInns Global,1,85.0,0.1,1,0.029312230751356333
mobile,Android,Chrome,"26.7085,-92.9315","16.3261,-98.1573",0.0,0,0.0,SUB_2,Urban Stay Suites,2,180.0,0.12,1,0.029312230751356333
mobile,Android,Chrome,"26.7085,-92.9315","16.3261,-98.1573",0.0,0,0.0,SUB_3,Grand Horizon Resorts,3,450.0,0.15,0,0.013386917827664779
mobile,Android,Chrome,"26.7085,-92.9315","16.3261,-98.1573",0.0,0,0.0,SUB_4,EcoLodge Boutique,2,220.0,0.14,1,0.029312230751356333
mobile,Android,Chrome,"26.7085,-92.9315","16.3261,-98.1573",0.0,0,0.0,SUB_5,Express Stop Motel,1,-99.0,0.08,0,0.013386917827664779
desktop,macOS,Chrome,"31.5829,-102.7385","45.8939,-96.1888",1.0,0,0.0,SUB_1,BudgetInns Global,1,85.0,0.1,1,0.06913842034334684
desktop,macOS,Chrome,"31.5829,-102.7385","45.8939,-96.1888",1.0,0,0.0,SUB_2,Urban Stay Suites,2,180.0,0.12,1,0.06913842034334684
desktop,macOS,Chrome,"31.5829,-102.7385","45.8939,-96.1888",1.0,0,0.0,SUB_3,Grand Horizon Resorts,3,450.0,0.15,0,0.13010847436299788
desktop,macOS,Chrome,"31.5829,-102.7385","45.8939,-96.1888",1.0,0,0.0,SUB_4,EcoLodge Boutique,2,220.0,0.14,1,0.06913842034334684
desktop,macOS,Chrome,"31.5829,-102.7385","45.8939,-96.1888",1.0,0,0.0,SUB_5,Express Stop Motel,1,-99.0,0.08,0,0.06913842034334684
desktop,macOS,Chrome,"26.1531,-99.29","27.4963,-114.5605",0.0,0,1.0,SUB_1,BudgetInns Global,1,85.0,0.1,1,0.045217473483287515
desktop,macOS,Chrome,"26.1531,-99.29","27.4963,-114.5605",0.0,1,1.0,SUB_2,Urban Stay Suites,2,180.0,0.12,1,0.045217473483287515
desktop,macOS,Chrome,"26.1531,-99.29","27.4963,-114.5605",0.0,0,1.0,SUB_3,Grand Horizon Resorts,3,450.0,0.15,0,0.08706577244027129
desktop,macOS,Chrome,"26.1531,-99.29","27.4963,-114.5605",0.0,0,1.0,SUB_4,EcoLodge Boutique,2,220.0,0.14,1,0.045217473483287515
desktop,macOS,Chrome,"26.1531,-99.29","27.4963,-114.5605",0.0,0,1.0,SUB_5,Express Stop Motel,1,-99.0,0.08,0,0.045217473483287515
mobile,Android,Samsung Internet,"39.1793,-83.3793","28.2499,-65.2215",0.0,0,0.0,SUB_1,BudgetInns Global,1,85.0,0.1,1,0.029312230751356333
mobile,Android,Samsung Internet,"39.1793,-83.3793","28.2499,-65.2215",0.0,0,0.0,SUB_2,Urban Stay Suites,2,180.0,0.12,1,0.029312230751356333
mobile,Android,Samsung Internet,"39.1793,-83.3793","28.2499,-65.2215",0.0,0,0.0,SUB_3,Grand Horizon Resorts,3,450.0,0.15,0,0.013386917827664779
mobile,Android,Samsung Internet,"39.1793,-83.3793","28.2499,-65.2215",0.0,0,0.0,SUB_4,EcoLodge Boutique,2,220.0,0.14,1,0.029312230751356333
mobile,Android,Samsung Internet,"39.1793,-83.3793","28.2499,-65.2215",0.0,0,0.0,SUB_5,Express Stop Motel,1,-99.0,0.08,0,0.013386917827664779
mobile,Android,Samsung Internet,"32.0957,-75.9169","999.9999,-800.0000",0.0,0,0.0,SUB_1,BudgetInns Global,1,85.0,0.1,1,0.029312230751356333
mobile,Android,Samsung Internet,"32.0957,-75.9169","999.9999,-800.0000",0.0,0,0.0,SUB_2,Urban Stay Suites,2,180.0,0.12,1,0.029312230751356333
mobile,Android,Samsung Internet,"32.0957,-75.9169","999.9999,-800.0000",0.0,0,0.0,SUB_3,Grand Horizon Resorts,3,450.0,0.15,0,0.013386917827664779
mobile,Android,Samsung Internet,"32.0957,-75.9169","999.9999,-800.0000",0.0,0,0.0,SUB_4,EcoLodge Boutique,2,220.0,0.14,1,0.029312230751356333
mobile,Android,Samsung Internet,"32.0957,-75.9169","999.9999,-800.0000",0.0,0,0.0,SUB_5,Express Stop Motel,1,-99.0,0.08,0,0.013386917827664779
mobile,Android,Samsung Internet,"45.6134,-113.9252","32.8526,-110.8366",1.0,0,0.0,SUB_1,BudgetInns Global,1,85.0,0.1,1,0.06913842034334684
mobile,Android,Samsung Internet,"45.6134,-113.9252","32.8526,-110.8366",1.0,0,0.0,SUB_2,Urban Stay Suites,2,180.0,0.12,1,0.06913842034334684
mobile,Android,Samsung Internet,"45.6134,-113.9252","32.8526,-110.8366",1.0,0,0.0,SUB_3,Grand Horizon Resorts,3,450.0,0.15,0,0.03229546469845053
mobile,Android,Samsung Internet,"45.6134,-113.9252","32.8526,-110.8366",1.0,0,0.0,SUB_4,EcoLodge Boutique,2,220.0,0.14,1,0.06913842034334684
mobile,Android,Samsung Internet,"45.6134,-113.9252","32.8526,-110.8366",1.0,0,0.0,SUB_5,Express Stop Motel,1,-99.0,0.08,0,0.03229546469845053
mobile,iOS,Safari,"26.856,-88.268","39.0881,-81.3065",0.0,0,0.0,SUB_1,BudgetInns Global,1,85.0,0.1,1,0.029312230751356333
mobile,iOS,Safari,"26.856,-88.268","39.0881,-81.3065",0.0,0,0.0,SUB_2,Urban Stay Suites,2,180.0,0.12,1,0.029312230751356333
mobile,iOS,Safari,"26.856,-88.268","39.0881,-81.3065",0.0,0,0.0,SUB_3,Grand Horizon Resorts,3,450.0,0.15,0,0.013386917827664779
mobile,iOS,Safari,"26.856,-88.268","39.0881,-81.3065",0.0,0,0.0,SUB_4,EcoLodge Boutique,2,220.0,0.14,1,0.029312230751356333
mobile,iOS,Safari,"26.856,-88.268","39.0881,-81.3065",0.0,0,0.0,SUB_5,Express Stop Motel,1,-99.0,0.08,0,0.013386917827664779
mobile,iOS,Safari,"30.6588,-90.8928","45.5558,-110.2264",0.0,0,0.0,SUB_1,BudgetInns Global,1,85.0,0.1,1,0.029312230751356333
mobile,iOS,Safari,"30.6588,-90.8928","45.5558,-110.2264",0.0,0,0.0,SUB_2,Urban Stay Suites,2,180.0,0.12,1,0.029312230751356333
mobile,iOS,Safari,"30.6588,-90.8928","45.5558,-110.2264",0.0,0,0.0,SUB_3,Grand Horizon Resorts,3,450.0,0.15,0,0.013386917827664779
mobile,iOS,Safari,"30.6588,-90.8928","45.5558,-110.2264",0.0,0,0.0,SUB_4,EcoLodge Boutique,2,220.0,0.14,1,0.029312230751356333
mobile,iOS,Safari,"30.6588,-90.8928","45.5558,-110.2264",0.0,0,0.0,SUB_5,Express Stop Motel,1,-99.0,0.08,0,0.013386917827664779
mobile,Android,,"43.2562,-114.0792","49.2692,-120.5214",0.0,0,0.0,SUB_1,BudgetInns Global,1,85.0,0.1,1,0.016302499371440946
mobile,Android,,"43.2562,-114.0792","49.2692,-120.5214",0.0,0,0.0,SUB_2,Urban Stay Suites,2,180.0,0.12,1,0.016302499371440946
mobile,Android,,"43.2562,-114.0792","49.2692,-120.5214",0.0,0,0.0,SUB_3,Grand Horizon Resorts,3,450.0,0.15,0,0.007391541344281977
mobile,Android,,"43.2562,-114.0792","49.2692,-120.5214",0.0,0,0.0,SUB_4,EcoLodge Boutique,2,220.0,0.14,1,0.016302499371440946
mobile,Android,,"43.2562,-114.0792","49.2692,-120.5214",0.0,0,0.0,SUB_5,Express Stop Motel,1,-99.0,0.08,0,0.007391541344281977
tablet,iOS,Safari,"39.9702,-109.4053","999.9999,-800.0000",0.0,0,0.0,SUB_1,BudgetInns Global,1,85.0,0.1,1,0.029312230751356333
tablet,iOS,Safari,"39.9702,-109.4053","999.9999,-800.0000",0.0,0,0.0,SUB_2,Urban Stay Suites,2,180.0,0.12,1,0.029312230751356333
tablet,iOS,Safari,"39.9702,-109.4053","999.9999,-800.0000",0.0,0,0.0,SUB_3,Grand Horizon Resorts,3,450.0,0.15,0,0.029312230751356333
tablet,iOS,Safari,"39.9702,-109.4053","999.9999,-800.0000",0.0,1,0.0,SUB_4,EcoLodge Boutique,2,220.0,0.14,1,0.029312230751356333
tablet,iOS,Safari,"39.9702,-109.4053","999.9999,-800.0000",0.0,0,0.0,SUB_5,Express Stop Motel,1,-99.0,0.08,0,0.029312230751356333
mobile,iOS,Safari,"26.6123,-104.4499","21.7314,-121.3506",0.0,0,0.0,SUB_1,BudgetInns Global,1,85.0,0.1,1,0.029312230751356333
mobile,iOS,Safari,"26.6123,-104.4499","21.7314,-121.3506",0.0,0,0.0,SUB_2,Urban Stay Suites,2,180.0,0.12,1,0.029312230751356333
mobile,iOS,Safari,"26.6123,-104.4499","21.7314,-121.3506",0.0,0,0.0,SUB_3,Grand Horizon Resorts,3,450.0,0.15,0,0.013386917827664779
mobile,iOS,Safari,"26.6123,-104.4499","21.7314,-121.3506",0.0,0,0.0,SUB_4,EcoLodge Boutique,2,220.0,0.14,1,0.029312230751356333
mobile,iOS,Safari,"26.6123,-104.4499","21.7314,-121.3506",0.0,0,0.0,SUB_5,Express Stop Motel,1,-99.0,0.08,0,0.013386917827664779
mobile,Android,Chrome,"46.931,-111.6534","60.1783,-120.3608",0.0,0,0.0,SUB_1,BudgetInns Global,1,85.0,0.1,1,0.029312230751356333
mobile,Android,Chrome,"46.931,-111.6534","60.1783,-120.3608",0.0,0,0.0,SUB_2,Urban Stay Suites,2,180.0,0.12,1,0.029312230751356333
mobile,Android,Chrome,"46.931,-111.6534","60.1783,-120.3608",0.0,0,0.0,SUB_3,Grand Horizon Resorts,3,450.0,0.15,0,0.013386917827664779
mobile,Android,Chrome,"46.931,-111.6534","60.1783,-120.3608",0.0,0,0.0,SUB_4,EcoLodge Boutique,2,220.0,0.14,1,0.029312230751356333
mobile,Android,Chrome,"46.931,-111.6534","60.1783,-120.3608",0.0,0,0.0,SUB_5,Express Stop Motel,1,-99.0,0.08,0,0.013386917827664779
desktop,Linux,Firefox,"46.9315,-107.8135","47.8229,-104.4016",0.0,0,1.0,SUB_1,BudgetInns Global,1,85.0,0.1,1,0.025332703226871745
desktop,Linux,Firefox,"46.9315,-107.8135","47.8229,-104.4016",0.0,0,1.0,SUB_2,Urban Stay Suites,2,180.0,0.12,1,0.025332703226871745
desktop,Linux,Firefox,"46.9315,-107.8135","47.8229,-104.4016",0.0,0,1.0,SUB_3,Grand Horizon Resorts,3,450.0,0.15,0,0.025332703226871745
desktop,Linux,Firefox,"46.9315,-107.8135","47.8229,-104.4016",0.0,0,1.0,SUB_4,EcoLodge Boutique,2,220.0,0.14,1,0.025332703226871745
desktop,Linux,Firefox,"46.9315,-107.8135","47.8229,-104.4016",0.0,0,1.0,SUB_5,Express Stop Motel,1,-99.0,0.08,0,0.025332703226871745
mobile,iOS,Chrome,"33.2602,-106.62","40.2319,-116.3635",1.0,0,0.0,SUB_1,BudgetInns Global,1,85.0,0.1,1,0.06913842034334684
mobile,iOS,Chrome,"33.2602,-106.62","40.2319,-116.3635",1.0,0,0.0,SUB_2,Urban Stay Suites,2,180.0,0.12,1,0.06913842034334684
mobile,iOS,Chrome,"33.2602,-106.62","40.2319,-116.3635",1.0,0,0.0,SUB_3,Grand Horizon Resorts,3,450.0,0.15,0,0.03229546469845053
mobile,iOS,Chrome,"33.2602,-106.62","40.2319,-116.3635",1.0,0,0.0,SUB_4,EcoLodge Boutique,2,220.0,0.14,1,0.06913842034334684
mobile,iOS,Chrome,"33.2602,-106.62","40.2319,-116.3635",1.0,0,0.0,SUB_5,Express Stop Motel,1,-99.0,0.08,0,0.03229546469845053
tablet,iOS,Chrome,"33.5101,-103.2163","46.2333,-85.8572",0.0,0,0.0,SUB_1,BudgetInns Global,1,85.0,0.1,1,0.029312230751356333
tablet,iOS,Chrome,"33.5101,-103.2163","46.2333,-85.8572",0.0,0,0.0,SUB_2,Urban Stay Suites,2,180.0,0.12,1,0.029312230751356333
tablet,iOS,Chrome,"33.5101,-103.2163","46.2333,-85.8572",0.0,0,0.0,SUB_3,Grand Horizon Resorts,3,450.0,0.15,0,0.029312230751356333
tablet,iOS,Chrome,"33.5101,-103.2163","46.2333,-85.8572",0.0,0,0.0,SUB_4,EcoLodge Boutique,2,220.0,0.14,1,0.029312230751356333
tablet,iOS,Chrome,"33.5101,-103.2163","46.2333,-85.8572",0.0,0,0.0,SUB_5,Express Stop Motel,1,-99.0,0.08,0,0.029312230751356333
tablet,iOS,Chrome,"49.7257,-82.5305","63.9811,-97.2882",0.0,0,0.0,SUB_1,BudgetInns Global,1,85.0,0.1,1,0.029312230751356333
tablet,iOS,Chrome,"49.7257,-82.5305","63.9811,-97.2882",0.0,0,0.0,SUB_2,Urban Stay Suites,2,180.0,0.12,1,0.029312230751356333
tablet,iOS,Chrome,"49.7257,-82.5305","63.9811,-97.2882",0.0,0,0.0,SUB_3,Grand Horizon Resorts,3,450.0,0.15,0,0.029312230751356333
tablet,iOS,Chrome,"49.7257,-82.5305","63.9811,-97.2882",0.0,0,0.0,SUB_4,EcoLodge Boutique,2,220.0,0.14,1,0.029312230751356333
tablet,iOS,Chrome,"49.7257,-82.5305","63.9811,-97.2882",0.0,0,0.0,SUB_5,Express Stop Motel,1,-99.0,0.08,0,0.029312230751356333
mobile,iOS,Chrome,"40.6544,-91.4044","50.6505,-79.5086",0.0,0,0.0,SUB_1,BudgetInns Global,1,85.0,0.1,1,0.029312230751356333
mobile,iOS,Chrome,"40.6544,-91.4044","50.6505,-79.5086",0.0,0,0.0,SUB_2,Urban Stay Suites,2,180.0,0.12,1,0.029312230751356333
mobile,iOS,Chrome,"40.6544,-91.4044","50.6505,-79.5086",0.0,0,0.0,SUB_3,Grand Horizon Resorts,3,450.0,0.15,0,0.013386917827664779
mobile,iOS,Chrome,"40.6544,-91.4044","50.6505,-79.5086",0.0,0,0.0,SUB_4,EcoLodge Boutique,2,220.0,0.14,1,0.029312230751356333
mobile,iOS,Chrome,"40.6544,-91.4044","50.6505,-79.5086",0.0,0,0.0,SUB_5,Express Stop Motel,1,-99.0,0.08,0,0.013386917827664779
mobile,Android,UNKNOWN_BROWSER,"38.2829,-70.6877","32.3734,-70.3698",0.0,0,0.0,SUB_1,BudgetInns Global,1,85.0,0.1,1,0.016302499371440946
mobile,Android,UNKNOWN_BROWSER,"38.2829,-70.6877","32.3734,-70.3698",0.0,0,0.0,SUB_2,Urban Stay Suites,2,180.0,0.12,1,0.016302499371440946
mobile,Android,UNKNOWN_BROWSER,"38.2829,-70.6877","32.3734,-70.3698",0.0,0,0.0,SUB_3,Grand Horizon Resorts,3,450.0,0.15,0,0.007391541344281977
mobile,Android,UNKNOWN_BROWSER,"38.2829,-70.6877","32.3734,-70.3698",0.0,0,0.0,SUB_4,EcoLodge Boutique,2,220.0,0.14,1,0.016302499371440946
mobile,Android,UNKNOWN_BROWSER,"38.2829,-70.6877","32.3734,-70.3698",0.0,0,0.0,SUB_5,Express Stop Motel,1,-99.0,0.08,0,0.007391541344281977
mobile,Android,,"45.9538,-99.2632","59.9502,-89.25",0.0,0,1.0,SUB_1,BudgetInns Global,1,85.0,0.1,1,0.045217473483287515
mobile,Android,,"45.9538,-99.2632","59.9502,-89.25",0.0,0,1.0,SUB_2,Urban Stay Suites,2,180.0,0.12,1,0.045217473483287515
mobile,Android,,"45.9538,-99.2632","59.9502,-89.25",0.0,0,1.0,SUB_3,Grand Horizon Resorts,3,450.0,0.15,0,0.02083634451868043
mobile,Android,,"45.9538,-99.2632","59.9502,-89.25",0.0,0,1.0,SUB_4,EcoLodge Boutique,2,220.0,0.14,1,0.045217473483287515
mobile,Android,,"45.9538,-99.2632","59.9502,-89.25",0.0,0,1.0,SUB_5,Express Stop Motel,1,-99.0,0.08,0,0.02083634451868043
mobile,Android,Samsung Internet,"32.1323,-82.3067","35.9759,-89.8781",0.0,0,,SUB_1,BudgetInns Global,1,85.0,0.1,1,0.016302499371440946
mobile,Android,Samsung Internet,"32.1323,-82.3067","35.9759,-89.8781",0.0,0,,SUB_2,Urban Stay Suites,2,180.0,0.12,1,0.016302499371440946
mobile,Android,Samsung Internet,"32.1323,-82.3067","35.9759,-89.8781",0.0,0,,SUB_3,Grand Horizon Resorts,3,450.0,0.15,0,0.007391541344281977
mobile,Android,Samsung Internet,"32.1323,-82.3067","35.9759,-89.8781",0.0,0,,SUB_4,EcoLodge Boutique,2,220.0,0.14,1,0.016302499371440946
mobile,Android,Samsung Internet,"32.1323,-82.3067","35.9759,-89.8781",0.0,0,,SUB_5,Express Stop Motel,1,-99.0,0.08,0,0.007391541344281977
mobile,iOS,Chrome,"35.7296,-76.4266","48.6489,-75.847",0.0,0,0.0,SUB_1,BudgetInns Global,1,85.0,0.1,1,0.029312230751356333
mobile,iOS,Chrome,"35.7296,-76.4266","48.6489,-75.847",0.0,0,0.0,SUB_2,Urban Stay Suites,2,180.0,0.12,1,0.029312230751356333
mobile,iOS,Chrome,"35.7296,-76.4266","48.6489,-75.847",0.0,0,0.0,SUB_3,Grand Horizon Resorts,3,450.0,0.15,0,0.013386917827664779
mobile,iOS,Chrome,"35.7296,-76.4266","48.6489,-75.847",0.0,0,0.0,SUB_4,EcoLodge Boutique,2,220.0,0.14,1,0.029312230751356333
mobile,iOS,Chrome,"35.7296,-76.4266","48.6489,-75.847",0.0,0,0.0,SUB_5,Express Stop Motel,1,-99.0,0.08,0,0.013386917827664779
desktop,macOS,Safari,"31.6944,-86.0511","36.9776,-71.7777",0.0,0,0.0,SUB_1,BudgetInns Global,1,85.0,0.1,1,0.029312230751356333
desktop,macOS,Safari,"31.6944,-86.0511","36.9776,-71.7777",0.0,0,0.0,SUB_2,Urban Stay Suites,2,180.0,0.12,1,0.029312230751356333
desktop,macOS,Safari,"31.6944,-86.0511","36.9776,-71.7777",0.0,0,0.0,SUB_3,Grand Horizon Resorts,3,450.0,0.15,0,0.057324175898868755
desktop,macOS,Safari,"31.6944,-86.0511","36.9776,-71.7777",0.0,0,0.0,SUB_4,EcoLodge Boutique,2,220.0,0.14,1,0.029312230751356333
desktop,macOS,Safari,"31.6944,-86.0511","36.9776,-71.7777",0.0,0,0.0,SUB_5,Express Stop Motel,1,-99.0,0.08,0,0.029312230751356333
mobile,iOS,Chrome,"44.729,-99.4068","38.9462,-100.7317",0.0,0,0.0,SUB_1,BudgetInns Global,1,85.0,0.1,1,0.016302499371440946
mobile,iOS,Chrome,"44.729,-99.4068","38.9462,-100.7317",0.0,0,0.0,SUB_2,Urban Stay Suites,2,180.0,0.12,1,0.016302499371440946
mobile,iOS,Chrome,"44.729,-99.4068","38.9462,-100.7317",0.0,0,0.0,SUB_3,Grand Horizon Resorts,3,450.0,0.15,0,0.007391541344281977
mobile,iOS,Chrome,"44.729,-99.4068","38.9462,-100.7317",0.0,0,0.0,SUB_4,EcoLodge Boutique,2,220.0,0.14,1,0.016302499371440946
mobile,iOS,Chrome,"44.729,-99.4068","38.9462,-100.7317",0.0,0,0.0,SUB_5,Express Stop Motel,1,-99.0,0.08,0,0.007391541344281977
mobile,iOS,Chrome,"39.3337,-82.3203","35.4344,-87.9315",0.0,0,0.0,SUB_1,BudgetInns Global,1,85.0,0.1,1,0.016302499371440946
mobile,iOS,Chrome,"39.3337,-82.3203","35.4344,-87.9315",0.0,0,0.0,SUB_2,Urban Stay Suites,2,180.0,0.12,1,0.016302499371440946
mobile,iOS,Chrome,"39.3337,-82.3203","35.4344,-87.9315",0.0,0,0.0,SUB_3,Grand Horizon Resorts,3,450.0,0.15,0,0.007391541344281977
mobile,iOS,Chrome,"39.3337,-82.3203","35.4344,-87.9315",0.0,0,0.0,SUB_4,EcoLodge Boutique,2,220.0,0.14,1,0.016302499371440946
mobile,iOS,Chrome,"39.3337,-82.3203","35.4344,-87.9315",0.0,0,0.0,SUB_5,Express Stop Motel,1,-99.0,0.08,0,0.007391541344281977
mobile,iOS,Chrome,"41.4706,-109.8166","42.9848,-108.3704",0.0,0,0.0,SUB_1,BudgetInns Global,1,85.0,0.1,1,0.016302499371440946
mobile,iOS,Chrome,"41.4706,-109.8166","42.9848,-108.3704",0.0,0,0.0,SUB_2,Urban Stay Suites,2,180.0,0.12,1,0.016302499371440946
mobile,iOS,Chrome,"41.4706,-109.8166","42.9848,-108.3704",0.0,0,0.0,SUB_3,Grand Horizon Resorts,3,450.0,0.15,0,0.007391541344281977
mobile,iOS,Chrome,"41.4706,-109.8166","42.9848,-108.3704",0.0,0,0.0,SUB_4,EcoLodge Boutique,2,220.0,0.14,1,0.016302499371440946
mobile,iOS,Chrome,"41.4706,-109.8166","42.9848,-108.3704",0.0,0,0.0,SUB_5,Express Stop Motel,1,-99.0,0.08,0,0.007391541344281977
tablet,iOS,Chrome,"31.3077,-103.6224","40.0081,-94.9279",0.0,0,0.0,SUB_1,BudgetInns Global,1,85.0,0.1,1,0.029312230751356333
tablet,iOS,Chrome,"31.3077,-103.6224","40.0081,-94.9279",0.0,0,0.0,SUB_2,Urban Stay Suites,2,180.0,0.12,1,0.029312230751356333
tablet,iOS,Chrome,"31.3077,-103.6224","40.0081,-94.9279",0.0,0,0.0,SUB_3,Grand Horizon Resorts,3,450.0,0.15,0,0.029312230751356333
tablet,iOS,Chrome,"31.3077,-103.6224","40.0081,-94.9279",0.0,0,0.0,SUB_4,EcoLodge Boutique,2,220.0,0.14,1,0.029312230751356333
tablet,iOS,Chrome,"31.3077,-103.6224","40.0081,-94.9279",0.0,0,0.0,SUB_5,Express Stop Motel,1,-99.0,0.08,0,0.029312230751356333
mobile,Android,Chrome,"30.5056,-92.6657","25.0451,-94.9232",0.0,0,0.0,SUB_1,BudgetInns Global,1,85.0,0.1,1,0.016302499371440946
mobile,Android,Chrome,"30.5056,-92.6657","25.0451,-94.9232",0.0,0,0.0,SUB_2,Urban Stay Suites,2,180.0,0.12,1,0.016302499371440946
mobile,Android,Chrome,"30.5056,-92.6657","25.0451,-94.9232",0.0,0,0.0,SUB_3,Grand Horizon Resorts,3,450.0,0.15,0,0.007391541344281977
mobile,Android,Chrome,"30.5056,-92.6657","25.0451,-94.9232",0.0,0,0.0,SUB_4,EcoLodge Boutique,2,220.0,0.14,1,0.016302499371440946
mobile,Android,Chrome,"30.5056,-92.6657","25.0451,-94.9232",0.0,0,0.0,SUB_5,Express Stop Motel,1,-99.0,0.08,0,0.007391541344281977
mobile,Android,Samsung Internet,"37.2094,-91.2295","39.6013,-73.6744",0.0,0,0.0,SUB_1,BudgetInns Global,1,85.0,0.1,1,0.029312230751356333
mobile,Android,Samsung Internet,"37.2094,-91.2295","39.6013,-73.6744",0.0,0,0.0,SUB_2,Urban Stay Suites,2,180.0,0.12,1,0.029312230751356333
mobile,Android,Samsung Internet,"37.2094,-91.2295","39.6013,-73.6744",0.0,0,0.0,SUB_3,Grand Horizon Resorts,3,450.0,0.15,0,0.013386917827664779
mobile,Android,Samsung Internet,"37.2094,-91.2295","39.6013,-73.6744",0.0,0,0.0,SUB_4,EcoLodge Boutique,2,220.0,0.14,1,0.029312230751356333
mobile,Android,Samsung Internet,"37.2094,-91.2295","39.6013,-73.6744",0.0,0,0.0,SUB_5,Express Stop Motel,1,-99.0,0.08,0,0.013386917827664779
mobile,iOS,Chrome,"43.4391,-118.8929","38.8078,-127.0951",0.0,0,0.0,SUB_1,BudgetInns Global,1,85.0,0.1,1,0.016302499371440946
mobile,iOS,Chrome,"43.4391,-118.8929","38.8078,-127.0951",0.0,0,0.0,SUB_2,Urban Stay Suites,2,180.0,0.12,1,0.016302499371440946
mobile,iOS,Chrome,"43.4391,-118.8929","38.8078,-127.0951",0.0,0,0.0,SUB_3,Grand Horizon Resorts,3,450.0,0.15,0,0.007391541344281977
mobile,iOS,Chrome,"43.4391,-118.8929","38.8078,-127.0951",0.0,0,0.0,SUB_4,EcoLodge Boutique,2,220.0,0.14,1,0.016302499371440946
mobile,iOS,Chrome,"43.4391,-118.8929","38.8078,-127.0951",0.0,0,0.0,SUB_5,Express Stop Motel,1,-99.0,0.08,0,0.007391541344281977
tablet,Android,Chrome,"38.131,-72.7443","47.6041,-73.7258",1.0,0,0.0,SUB_1,BudgetInns Global,1,85.0,0.1,1,0.06913842034334684
tablet,Android,Chrome,"38.131,-72.7443","47.6041,-73.7258",1.0,0,0.0,SUB_2,Urban Stay Suites,2,180.0,0.12,1,0.06913842034334684
tablet,Android,Chrome,"38.131,-72.7443","47.6041,-73.7258",1.0,0,0.0,SUB_3,Grand Horizon Resorts,3,450.0,0.15,0,0.06913842034334684
tablet,Android,Chrome,"38.131,-72.7443","47.6041,-73.7258",1.0,0,0.0,SUB_4,EcoLodge Boutique,2,220.0,0.14,1,0.06913842034334684
tablet,Android,Chrome,"38.131,-72.7443","47.6041,-73.7258",1.0,0,0.0,SUB_5,Express Stop Motel,1,-99.0,0.08,0,0.06913842034334684
mobile,iOS,Safari,"25.8161,-85.1686","24.8179,-74.8915",0.0,0,0.0,SUB_1,BudgetInns Global,1,85.0,0.1,1,0.029312230751356333
mobile,iOS,Safari,"25.8161,-85.1686","24.8179,-74.8915",0.0,0,0.0,SUB_2,Urban Stay Suites,2,180.0,0.12,1,0.029312230751356333
mobile,iOS,Safari,"25.8161,-85.1686","24.8179,-74.8915",0.0,0,0.0,SUB_3,Grand Horizon Resorts,3,450.0,0.15,0,0.013386917827664779
mobile,iOS,Safari,"25.8161,-85.1686","24.8179,-74.8915",0.0,0,0.0,SUB_4,EcoLodge Boutique,2,220.0,0.14,1,0.029312230751356333
mobile,iOS,Safari,"25.8161,-85.1686","24.8179,-74.8915",0.0,0,0.0,SUB_5,Express Stop Motel,1,-99.0,0.08,0,0.013386917827664779
desktop,macOS,Firefox,"46.7138,-95.2148","34.0155,-87.65",0.0,0,1.0,SUB_1,BudgetInns Global,1,85.0,0.1,1,0.045217473483287515
desktop,macOS,Firefox,"46.7138,-95.2148","34.0155,-87.65",0.0,0,1.0,SUB_2,Urban Stay Suites,2,180.0,0.12,1,0.045217473483287515
desktop,macOS,Firefox,"46.7138,-95.2148","34.0155,-87.65",0.0,0,1.0,SUB_3,Grand Horizon Resorts,3,450.0,0.15,0,0.08706577244027129
desktop,macOS,Firefox,"46.7138,-95.2148","34.0155,-87.65",0.0,0,1.0,SUB_4,EcoLodge Boutique,2,220.0,0.14,1,0.045217473483287515
desktop,macOS,Firefox,"46.7138,-95.2148","34.0155,-87.65",0.0,0,1.0,SUB_5,Express Stop Motel,1,-99.0,0.08,0,0.045217473483287515
desktop,Linux,Chrome,"26.6172,-73.3436","16.5988,-58.798",0.0,0,0.0,SUB_1,BudgetInns Global,1,85.0,0.1,1,0.029312230751356333
desktop,Linux,Chrome,"26.6172,-73.3436","16.5988,-58.798",0.0,0,0.0,SUB_2,Urban Stay Suites,2,180.0,0.12,1,0.029312230751356333
desktop,Linux,Chrome,"26.6172,-73.3436","16.5988,-58.798",0.0,0,0.0,SUB_3,Grand Horizon Resorts,3,450.0,0.15,0,0.029312230751356333
desktop,Linux,Chrome,"26.6172,-73.3436","16.5988,-58.798",0.0,0,0.0,SUB_4,EcoLodge Boutique,2,220.0,0.14,1,0.029312230751356333
desktop,Linux,Chrome,"26.6172,-73.3436","16.5988,-58.798",0.0,0,0.0,SUB_5,Express Stop Motel,1,-99.0,0.08,0,0.029312230751356333
mobile,Android,Samsung Internet,"48.8956,-98.0452","35.7287,-78.1728",0.0,0,0.0,SUB_1,BudgetInns Global,1,85.0,0.1,1,0.029312230751356333
mobile,Android,Samsung Internet,"48.8956,-98.0452","35.7287,-78.1728",0.0,0,0.0,SUB_2,Urban Stay Suites,2,180.0,0.12,1,0.029312230751356333
mobile,Android,Samsung Internet,"48.8956,-98.0452","35.7287,-78.1728",0.0,0,0.0,SUB_3,Grand Horizon Resorts,3,450.0,0.15,0,0.013386917827664779
mobile,Android,Samsung Internet,"48.8956,-98.0452","35.7287,-78.1728",0.0,0,0.0,SUB_4,EcoLodge Boutique,2,220.0,0.14,1,0.029312230751356333
mobile,Android,Samsung Internet,"48.8956,-98.0452","35.7287,-78.1728",0.0,0,0.0,SUB_5,Express Stop Motel,1,-99.0,0.08,0,0.013386917827664779
desktop,Windows,Chrome,"25.6285,-70.9782","25.6076,-73.9039",0.0,0,0.0,SUB_1,BudgetInns Global,1,85.0,0.1,1,0.016302499371440946
desktop,Windows,Chrome,"25.6285,-70.9782","25.6076,-73.9039",0.0,0,0.0,SUB_2,Urban Stay Suites,2,180.0,0.12,1,0.016302499371440946
desktop,Windows,Chrome,"25.6285,-70.9782","25.6076,-73.9039",0.0,0,0.0,SUB_3,Grand Horizon Resorts,3,450.0,0.15,0,0.016302499371440946
desktop,Windows,Chrome,"25.6285,-70.9782","25.6076,-73.9039",0.0,0,0.0,SUB_4,EcoLodge Boutique,2,220.0,0.14,1,0.016302499371440946
desktop,Windows,Chrome,"25.6285,-70.9782","25.6076,-73.9039",0.0,0,0.0,SUB_5,Express Stop Motel,1,-99.0,0.08,0,0.016302499371440946
mobile,Android,Samsung Internet,"42.3613,-94.3858","30.5514,-109.9398",1.0,0,1.0,SUB_1,BudgetInns Global,1,85.0,0.1,1,0.10433122311900135
mobile,Android,Samsung Internet,"42.3613,-94.3858","30.5514,-109.9398",1.0,0,1.0,SUB_2,Urban Stay Suites,2,180.0,0.12,1,0.10433122311900135
mobile,Android,Samsung Internet,"42.3613,-94.3858","30.5514,-109.9398",1.0,0,1.0,SUB_3,Grand Horizon Resorts,3,450.0,0.15,0,0.04973651155855676
mobile,Android,Samsung Internet,"42.3613,-94.3858","30.5514,-109.9398",1.0,0,1.0,SUB_4,EcoLodge Boutique,2,220.0,0.14,1,0.10433122311900135
mobile,Android,Samsung Internet,"42.3613,-94.3858","30.5514,-109.9398",1.0,0,1.0,SUB_5,Express Stop Motel,1,-99.0,0.08,0,0.04973651155855676
desktop,Windows,Chrome,"27.0552,-114.2857","15.4794,-133.0691",0.0,0,1.0,SUB_1,BudgetInns Global,1,85.0,0.1,1,0.045217473483287515
desktop,Windows,Chrome,"27.0552,-114.2857","15.4794,-133.0691",0.0,1,1.0,SUB_2,Urban Stay Suites,2,180.0,0.12,1,0.045217473483287515
desktop,Windows,Chrome,"27.0552,-114.2857","15.4794,-133.0691",0.0,0,1.0,SUB_3,Grand Horizon Resorts,3,450.0,0.15,0,0.045217473483287515
desktop,Windows,Chrome,"27.0552,-114.2857","15.4794,-133.0691",0.0,0,1.0,SUB_4,EcoLodge Boutique,2,220.0,0.14,1,0.045217473483287515
desktop,Windows,Chrome,"27.0552,-114.2857","15.4794,-133.0691",0.0,0,1.0,SUB_5,Express Stop Motel,1,-99.0,0.08,0,0.045217473483287515
desktop,Linux,Firefox,"47.7669,-81.76","60.9983,-72.6849",1.0,0,1.0,SUB_1,BudgetInns Global,1,85.0,0.1,1,0.10433122311900135
desktop,Linux,Firefox,"47.7669,-81.76","60.9983,-72.6849",1.0,0,1.0,SUB_2,Urban Stay Suites,2,180.0,0.12,1,0.10433122311900135
desktop,Linux,Firefox,"47.7669,-81.76","60.9983,-72.6849",1.0,0,1.0,SUB_3,Grand Horizon Resorts,3,450.0,0.15,0,0.10433122311900135
desktop,Linux,Firefox,"47.7669,-81.76","60.9983,-72.6849",1.0,0,1.0,SUB_4,EcoLodge Boutique,2,220.0,0.14,1,0.10433122311900135
desktop,Linux,Firefox,"47.7669,-81.76","60.9983,-72.6849",1.0,0,1.0,SUB_5,Express Stop Motel,1,-99.0,0.08,0,0.10433122311900135
mobile,Android,Samsung Internet,"36.6108,-86.0551","47.7905,-71.0946",1.0,0,0.0,SUB_1,BudgetInns Global,1,85.0,0.1,1,0.06913842034334684
mobile,Android,Samsung Internet,"36.6108,-86.0551","47.7905,-71.0946",1.0,0,0.0,SUB_2,Urban Stay Suites,2,180.0,0.12,1,0.06913842034334684
mobile,Android,Samsung Internet,"36.6108,-86.0551","47.7905,-71.0946",1.0,0,0.0,SUB_3,Grand Horizon Resorts,3,450.0,0.15,0,0.03229546469845053
mobile,Android,Samsung Internet,"36.6108,-86.0551","47.7905,-71.0946",1.0,0,0.0,SUB_4,EcoLodge Boutique,2,220.0,0.14,1,0.06913842034334684
mobile,Android,Samsung Internet,"36.6108,-86.0551","47.7905,-71.0946",1.0,0,0.0,SUB_5,Express Stop Motel,1,-99.0,0.08,0,0.03229546469845053
mobile,Android,Chrome,"28.4381,-81.3507","27.0007,-92.5222",0.0,0,0.0,SUB_1,BudgetInns Global,1,85.0,0.1,1,0.029312230751356333
mobile,Android,Chrome,"28.4381,-81.3507","27.0007,-92.5222",0.0,0,0.0,SUB_2,Urban Stay Suites,2,180.0,0.12,1,0.029312230751356333
mobile,Android,Chrome,"28.4381,-81.3507","27.0007,-92.5222",0.0,0,0.0,SUB_3,Grand Horizon Resorts,3,450.0,0.15,0,0.013386917827664779
mobile,Android,Chrome,"28.4381,-81.3507","27.0007,-92.5222",0.0,0,0.0,SUB_4,EcoLodge Boutique,2,220.0,0.14,1,0.029312230751356333
mobile,Android,Chrome,"28.4381,-81.3507","27.0007,-92.5222",0.0,0,0.0,SUB_5,Express Stop Motel,1,-99.0,0.08,0,0.013386917827664779
desktop,Linux,Chrome,"33.5204,-72.4279","48.0946,-86.09",0.0,0,0.0,SUB_1,BudgetInns Global,1,85.0,0.1,1,0.029312230751356333
desktop,Linux,Chrome,"33.5204,-72.4279","48.0946,-86.09",0.0,0,0.0,SUB_2,Urban Stay Suites,2,180.0,0.12,1,0.029312230751356333
desktop,Linux,Chrome,"33.5204,-72.4279","48.0946,-86.09",0.0,0,0.0,SUB_3,Grand Horizon Resorts,3,450.0,0.15,0,0.029312230751356333
desktop,Linux,Chrome,"33.5204,-72.4279","48.0946,-86.09",0.0,0,0.0,SUB_4,EcoLodge Boutique,2,220.0,0.14,1,0.029312230751356333
desktop,Linux,Chrome,"33.5204,-72.4279","48.0946,-86.09",0.0,0,0.0,SUB_5,Express Stop Motel,1,-99.0,0.08,0,0.029312230751356333
mobile,Android,Samsung Internet,"29.1206,-81.1755","14.1262,-98.6873",0.0,0,0.0,SUB_1,BudgetInns Global,1,85.0,0.1,1,0.029312230751356333
mobile,Android,Samsung Internet,"29.1206,-81.1755","14.1262,-98.6873",0.0,0,0.0,SUB_2,Urban Stay Suites,2,180.0,0.12,1,0.029312230751356333
mobile,Android,Samsung Internet,"29.1206,-81.1755","14.1262,-98.6873",0.0,0,0.0,SUB_3,Grand Horizon Resorts,3,450.0,0.15,0,0.013386917827664779
mobile,Android,Samsung Internet,"29.1206,-81.1755","14.1262,-98.6873",0.0,0,0.0,SUB_4,EcoLodge Boutique,2,220.0,0.14,1,0.029312230751356333
mobile,Android,Samsung Internet,"29.1206,-81.1755","14.1262,-98.6873",0.0,0,0.0,SUB_5,Express Stop Motel,1,-99.0,0.08,0,0.013386917827664779
mobile,Android,,"29.2645,-89.4332","32.6839,-76.5251",0.0,0,0.0,SUB_1,BudgetInns Global,1,85.0,0.1,1,0.029312230751356333
mobile,Android,,"29.2645,-89.4332","32.6839,-76.5251",0.0,0,0.0,SUB_2,Urban Stay Suites,2,180.0,0.12,1,0.029312230751356333
mobile,Android,,"29.2645,-89.4332","32.6839,-76.5251",0.0,0,0.0,SUB_3,Grand Horizon Resorts,3,450.0,0.15,0,0.013386917827664779
mobile,Android,,"29.2645,-89.4332","32.6839,-76.5251",0.0,0,0.0,SUB_4,EcoLodge Boutique,2,220.0,0.14,1,0.029312230751356333
mobile,Android,,"29.2645,-89.4332","32.6839,-76.5251",0.0,0,0.0,SUB_5,Express Stop Motel,1,-99.0,0.08,0,0.013386917827664779
mobile,iOS,Chrome,"48.7027,-77.1346","52.1955,-84.6793",1.0,0,0.0,SUB_1,BudgetInns Global,1,85.0,0.1,1,0.03916572279676437
mobile,iOS,Chrome,"48.7027,-77.1346","52.1955,-84.6793",1.0,0,0.0,SUB_2,Urban Stay Suites,2,180.0,0.12,1,0.03916572279676437
mobile,iOS,Chrome,"48.7027,-77.1346","52.1955,-84.6793",1.0,0,0.0,SUB_3,Grand Horizon Resorts,3,450.0,0.15,0,0.01798620996209156
mobile,iOS,Chrome,"48.7027,-77.1346","52.1955,-84.6793",1.0,1,0.0,SUB_4,EcoLodge Boutique,2,220.0,0.14,1,0.03916572279676437
mobile,iOS,Chrome,"48.7027,-77.1346","52.1955,-84.6793",1.0,0,0.0,SUB_5,Express Stop Motel,1,-99.0,0.08,0,0.01798620996209156
desktop,Linux,Chrome,"36.1312,-86.3377","34.8545,-90.2698",0.0,0,0.0,SUB_1,BudgetInns Global,1,85.0,0.1,1,0.016302499371440946
desktop,Linux,Chrome,"36.1312,-86.3377","34.8545,-90.2698",0.0,0,0.0,SUB_2,Urban Stay Suites,2,180.0,0.12,1,0.016302499371440946
desktop,Linux,Chrome,"36.1312,-86.3377","34.8545,-90.2698",0.0,0,0.0,SUB_3,Grand Horizon Resorts,3,450.0,0.15,0,0.016302499371440946
desktop,Linux,Chrome,"36.1312,-86.3377","34.8545,-90.2698",0.0,0,0.0,SUB_4,EcoLodge Boutique,2,220.0,0.14,1,0.016302499371440946
desktop,Linux,Chrome,"36.1312,-86.3377","34.8545,-90.2698",0.0,0,0.0,SUB_5,Express Stop Motel,1,-99.0,0.08,0,0.016302499371440946
desktop,macOS,Firefox,"44.7201,-99.594","41.6285,-99.484",1.0,0,0.0,SUB_1,BudgetInns Global,1,85.0,0.1,1,0.03916572279676437
desktop,macOS,Firefox,"44.7201,-99.594","41.6285,-99.484",1.0,0,0.0,SUB_2,Urban Stay Suites,2,180.0,0.12,1,0.03916572279676437
desktop,macOS,Firefox,"44.7201,-99.594","41.6285,-99.484",1.0,0,0.0,SUB_3,Grand Horizon Resorts,3,450.0,0.15,0,0.07585818002124355
desktop,macOS,Firefox,"44.7201,-99.594","41.6285,-99.484",1.0,0,0.0,SUB_4,EcoLodge Boutique,2,220.0,0.14,1,0.03916572279676437
desktop,macOS,Firefox,"44.7201,-99.594","41.6285,-99.484",1.0,0,0.0,SUB_5,Express Stop Motel,1,-99.0,0.08,0,0.03916572279676437
mobile,iOS,Chrome,"40.9901,-75.719","39.6516,-62.1409",0.0,0,0.0,SUB_1,BudgetInns Global,1,85.0,0.1,1,0.029312230751356333
mobile,iOS,Chrome,"40.9901,-75.719","39.6516,-62.1409",0.0,0,0.0,SUB_2,Urban Stay Suites,2,180.0,0.12,1,0.029312230751356333
mobile,iOS,Chrome,"40.9901,-75.719","39.6516,-62.1409",0.0,0,0.0,SUB_3,Grand Horizon Resorts,3,450.0,0.15,0,0.013386917827664779
mobile,iOS,Chrome,"40.9901,-75.719","39.6516,-62.1409",0.0,0,0.0,SUB_4,EcoLodge Boutique,2,220.0,0.14,1,0.029312230751356333
mobile,iOS,Chrome,"40.9901,-75.719","39.6516,-62.1409",0.0,0,0.0,SUB_5,Express Stop Motel,1,-99.0,0.08,0,0.013386917827664779
mobile,iOS,Safari,"41.9107,-108.905","39.3595,-102.8717",1.0,0,0.0,SUB_1,BudgetInns Global,1,85.0,0.1,1,0.03916572279676437
mobile,iOS,Safari,"41.9107,-108.905","39.3595,-102.8717",1.0,0,0.0,SUB_2,Urban Stay Suites,2,180.0,0.12,1,0.03916572279676437
mobile,iOS,Safari,"41.9107,-108.905","39.3595,-102.8717",1.0,0,0.0,SUB_3,Grand Horizon Resorts,3,450.0,0.15,0,0.01798620996209156
mobile,iOS,Safari,"41.9107,-108.905","39.3595,-102.8717",1.0,0,0.0,SUB_4,EcoLodge Boutique,2,220.0,0.14,1,0.03916572279676437
mobile,iOS,Safari,"41.9107,-108.905","39.3595,-102.8717",1.0,0,0.0,SUB_5,Express Stop Motel,1,-99.0,0.08,0,0.01798620996209156
mobile,iOS,Safari,"28.2923,-84.2679","35.2071,-79.6653",1.0,0,1.0,SUB_1,BudgetInns Global,1,85.0,0.1,1,0.060086650174007654
mobile,iOS,Safari,"28.2923,-84.2679","35.2071,-79.6653",1.0,0,1.0,SUB_2,Urban Stay Suites,2,180.0,0.12,1,0.060086650174007654
mobile,iOS,Safari,"28.2923,-84.2679","35.2071,-79.6653",1.0,0,1.0,SUB_3,Grand Horizon Resorts,3,450.0,0.15,0,0.027922573784073024
mobile,iOS,Safari,"28.2923,-84.2679","35.2071,-79.6653",1.0,0,1.0,SUB_4,EcoLodge Boutique,2,220.0,0.14,1,0.060086650174007654
mobile,iOS,Safari,"28.2923,-84.2679","35.2071,-79.6653",1.0,0,1.0,SUB_5,Express Stop Motel,1,-99.0,0.08,0,0.027922573784073024
desktop,macOS,Chrome,NULL,"19.9153,-88.8949",0.0,0,0.0,SUB_1,BudgetInns Global,1,85.0,0.1,1,0.016302499371440946
desktop,macOS,Chrome,NULL,"19.9153,-88.8949",0.0,0,0.0,SUB_2,Urban Stay Suites,2,180.0,0.12,1,0.016302499371440946
desktop,macOS,Chrome,NULL,"19.9153,-88.8949",0.0,0,0.0,SUB_3,Grand Horizon Resorts,3,450.0,0.15,0,0.03229546469845053
desktop,macOS,Chrome,NULL,"19.9153,-88.8949",0.0,0,0.0,SUB_4,EcoLodge Boutique,2,220.0,0.14,1,0.016302499371440946
desktop,macOS,Chrome,NULL,"19.9153,-88.8949",0.0,0,0.0,SUB_5,Express Stop Motel,1,-99.0,0.08,0,0.016302499371440946
mobile,Android,Samsung Internet,"44.6688,-83.4342","35.598,-82.9066",0.0,0,0.0,SUB_1,BudgetInns Global,1,85.0,0.1,1,0.029312230751356333
mobile,Android,Samsung Internet,"44.6688,-83.4342","35.598,-82.9066",0.0,0,0.0,SUB_2,Urban Stay Suites,2,180.0,0.12,1,0.029312230751356333
mobile,Android,Samsung Internet,"44.6688,-83.4342","35.598,-82.9066",0.0,0,0.0,SUB_3,Grand Horizon Resorts,3,450.0,0.15,0,0.013386917827664779
mobile,Android,Samsung Internet,"44.6688,-83.4342","35.598,-82.9066",0.0,0,0.0,SUB_4,EcoLodge Boutique,2,220.0,0.14,1,0.029312230751356333
mobile,Android,Samsung Internet,"44.6688,-83.4342","35.598,-82.9066",0.0,0,0.0,SUB_5,Express Stop Motel,1,-99.0,0.08,0,0.013386917827664779
desktop,Linux,Chrome,"49.2692,-85.1362","39.6847,-76.521",0.0,0,0.0,SUB_1,BudgetInns Global,1,85.0,0.1,1,0.029312230751356333
desktop,Linux,Chrome,"49.2692,-85.1362","39.6847,-76.521",0.0,0,0.0,SUB_2,Urban Stay Suites,2,180.0,0.12,1,0.029312230751356333
desktop,Linux,Chrome,"49.2692,-85.1362","39.6847,-76.521",0.0,0,0.0,SUB_3,Grand Horizon Resorts,3,450.0,0.15,0,0.029312230751356333
desktop,Linux,Chrome,"49.2692,-85.1362","39.6847,-76.521",0.0,0,0.0,SUB_4,EcoLodge Boutique,2,220.0,0.14,1,0.029312230751356333
desktop,Linux,Chrome,"49.2692,-85.1362","39.6847,-76.521",0.0,0,0.0,SUB_5,Express Stop Motel,1,-99.0,0.08,0,0.029312230751356333
mobile,Android,Chrome,"31.5669,-82.3681","24.441,-63.4377",1.0,0,0.0,SUB_1,BudgetInns Global,1,85.0,0.1,1,0.06913842034334684
mobile,Android,Chrome,"31.5669,-82.3681","24.441,-63.4377",1.0,0,0.0,SUB_2,Urban Stay Suites,2,180.0,0.12,1,0.06913842034334684
mobile,Android,Chrome,"31.5669,-82.3681","24.441,-63.4377",1.0,0,0.0,SUB_3,Grand Horizon Resorts,3,450.0,0.15,0,0.03229546469845053
mobile,Android,Chrome,"31.5669,-82.3681","24.441,-63.4377",1.0,0,0.0,SUB_4,EcoLodge Boutique,2,220.0,0.14,1,0.06913842034334684
mobile,Android,Chrome,"31.5669,-82.3681","24.441,-63.4377",1.0,0,0.0,SUB_5,Express Stop Motel,1,-99.0,0.08,0,0.03229546469845053
tablet,iOS,Chrome,"31.7892,-96.7472","32.547,-108.6909",1.0,1,0.0,SUB_1,BudgetInns Global,1,85.0,0.1,1,0.06913842034334684
tablet,iOS,Chrome,"31.7892,-96.7472","32.547,-108.6909",1.0,1,0.0,SUB_2,Urban Stay Suites,2,180.0,0.12,1,0.06913842034334684
tablet,iOS,Chrome,"31.7892,-96.7472","32.547,-108.6909",1.0,0,0.0,SUB_3,Grand Horizon Resorts,3,450.0,0.15,0,0.06913842034334684
tablet,iOS,Chrome,"31.7892,-96.7472","32.547,-108.6909",1.0,0,0.0,SUB_4,EcoLodge Boutique,2,220.0,0.14,1,0.06913842034334684
tablet,iOS,Chrome,"31.7892,-96.7472","32.547,-108.6909",1.0,0,0.0,SUB_5,Express Stop Motel,1,-99.0,0.08,0,0.06913842034334684
mobile,Android,Samsung Internet,"36.8224,-76.2915","25.1587,-95.9098",1.0,0,0.0,SUB_1,BudgetInns Global,1,85.0,0.1,1,0.06913842034334684
mobile,Android,Samsung Internet,"36.8224,-76.2915","25.1587,-95.9098",1.0,0,0.0,SUB_2,Urban Stay Suites,2,180.0,0.12,1,0.06913842034334684
mobile,Android,Samsung Internet,"36.8224,-76.2915","25.1587,-95.9098",1.0,0,0.0,SUB_3,Grand Horizon Resorts,3,450.0,0.15,0,0.03229546469845053
mobile,Android,Samsung Internet,"36.8224,-76.2915","25.1587,-95.9098",1.0,1,0.0,SUB_4,EcoLodge Boutique,2,220.0,0.14,1,0.06913842034334684
mobile,Android,Samsung Internet,"36.8224,-76.2915","25.1587,-95.9098",1.0,0,0.0,SUB_5,Express Stop Motel,1,-99.0,0.08,0,0.03229546469845053
mobile,iOS,,"49.596,-109.8282","60.6411,-126.8161",0.0,0,0.0,SUB_1,BudgetInns Global,1,85.0,0.1,1,0.029312230751356333
mobile,iOS,,"49.596,-109.8282","60.6411,-126.8161",0.0,0,0.0,SUB_2,Urban Stay Suites,2,180.0,0.12,1,0.029312230751356333
mobile,iOS,,"49.596,-109.8282","60.6411,-126.8161",0.0,0,0.0,SUB_3,Grand Horizon Resorts,3,450.0,0.15,0,0.013386917827664779
mobile,iOS,,"49.596,-109.8282","60.6411,-126.8161",0.0,0,0.0,SUB_4,EcoLodge Boutique,2,220.0,0.14,1,0.029312230751356333
mobile,iOS,,"49.596,-109.8282","60.6411,-126.8161",0.0,0,0.0,SUB_5,Express Stop Motel,1,-99.0,0.08,0,0.013386917827664779
mobile,iOS,Safari,"31.724,-113.6307","25.6448,-118.5966",0.0,0,0.0,SUB_1,BudgetInns Global,1,85.0,0.1,1,0.016302499371440946
mobile,iOS,Safari,"31.724,-113.6307","25.6448,-118.5966",0.0,0,0.0,SUB_2,Urban Stay Suites,2,180.0,0.12,1,0.016302499371440946
mobile,iOS,Safari,"31.724,-113.6307","25.6448,-118.5966",0.0,0,0.0,SUB_3,Grand Horizon Resorts,3,450.0,0.15,0,0.007391541344281977
mobile,iOS,Safari,"31.724,-113.6307","25.6448,-118.5966",0.0,0,0.0,SUB_4,EcoLodge Boutique,2,220.0,0.14,1,0.016302499371440946
mobile,iOS,Safari,"31.724,-113.6307","25.6448,-118.5966",0.0,0,0.0,SUB_5,Express Stop Motel,1,-99.0,0.08,0,0.007391541344281977
tablet,Android,Samsung Internet,"35.1743,-105.7246","25.0504,-92.9028",1.0,0,1.0,SUB_1,BudgetInns Global,1,85.0,0.1,1,0.10433122311900135
tablet,Android,Samsung Internet,"35.1743,-105.7246","25.0504,-92.9028",1.0,0,1.0,SUB_2,Urban Stay Suites,2,180.0,0.12,1,0.10433122311900135
tablet,Android,Samsung Internet,"35.1743,-105.7246","25.0504,-92.9028",1.0,0,1.0,SUB_3,Grand Horizon Resorts,3,450.0,0.15,0,0.10433122311900135
tablet,Android,Samsung Internet,"35.1743,-105.7246","25.0504,-92.9028",1.0,0,1.0,SUB_4,EcoLodge Boutique,2,220.0,0.14,1,0.10433122311900135
tablet,Android,Samsung Internet,"35.1743,-105.7246","25.0504,-92.9028",1.0,0,1.0,SUB_5,Express Stop Motel,1,-99.0,0.08,0,0.10433122311900135
desktop,Linux,Firefox,"47.287,-93.4211","52.5556,-113.1354",0.0,0,0.0,SUB_1,BudgetInns Global,1,85.0,0.1,1,0.029312230751356333
desktop,Linux,Firefox,"47.287,-93.4211","52.5556,-113.1354",0.0,0,0.0,SUB_2,Urban Stay Suites,2,180.0,0.12,1,0.029312230751356333
desktop,Linux,Firefox,"47.287,-93.4211","52.5556,-113.1354",0.0,0,0.0,SUB_3,Grand Horizon Resorts,3,450.0,0.15,0,0.029312230751356333
desktop,Linux,Firefox,"47.287,-93.4211","52.5556,-113.1354",0.0,0,0.0,SUB_4,EcoLodge Boutique,2,220.0,0.14,1,0.029312230751356333
desktop,Linux,Firefox,"47.287,-93.4211","52.5556,-113.1354",0.0,0,0.0,SUB_5,Express Stop Motel,1,-99.0,0.08,0,0.029312230751356333
mobile,Android,Samsung Internet,"25.073,-94.4719","11.2156,-96.2027",1.0,0,0.0,SUB_1,BudgetInns Global,1,85.0,0.1,1,0.06913842034334684
mobile,Android,Samsung Internet,"25.073,-94.4719","11.2156,-96.2027",1.0,0,0.0,SUB_2,Urban Stay Suites,2,180.0,0.12,1,0.06913842034334684
mobile,Android,Samsung Internet,"25.073,-94.4719","11.2156,-96.2027",1.0,0,0.0,SUB_3,Grand Horizon Resorts,3,450.0,0.15,0,0.03229546469845053
mobile,Android,Samsung Internet,"25.073,-94.4719","11.2156,-96.2027",1.0,0,0.0,SUB_4,EcoLodge Boutique,2,220.0,0.14,1,0.06913842034334684
mobile,Android,Samsung Internet,"25.073,-94.4719","11.2156,-96.2027",1.0,0,0.0,SUB_5,Express Stop Motel,1,-99.0,0.08,0,0.03229546469845053
desktop,macOS,,"25.9941,-78.9701","29.5932,-85.8009",0.0,0,0.0,SUB_1,BudgetInns Global,1,85.0,0.1,1,0.016302499371440946
desktop,macOS,,"25.9941,-78.9701","29.5932,-85.8009",0.0,0,0.0,SUB_2,Urban Stay Suites,2,180.0,0.12,1,0.016302499371440946
desktop,macOS,,"25.9941,-78.9701","29.5932,-85.8009",0.0,0,0.0,SUB_3,Grand Horizon Resorts,3,450.0,0.15,0,0.03229546469845053
desktop,macOS,,"25.9941,-78.9701","29.5932,-85.8009",0.0,0,0.0,SUB_4,EcoLodge Boutique,2,220.0,0.14,1,0.016302499371440946
desktop,macOS,,"25.9941,-78.9701","29.5932,-85.8009",0.0,0,0.0,SUB_5,Express Stop Motel,1,-99.0,0.08,0,0.016302499371440946
desktop,Windows,Chrome,NULL,"46.0478,-117.6723",0.0,0,1.0,SUB_1,BudgetInns Global,1,85.0,0.1,1,0.025332703226871745
desktop,Windows,Chrome,NULL,"46.0478,-117.6723",0.0,0,1.0,SUB_2,Urban Stay Suites,2,180.0,0.12,1,0.025332703226871745
desktop,Windows,Chrome,NULL,"46.0478,-117.6723",0.0,0,1.0,SUB_3,Grand Horizon Resorts,3,450.0,0.15,0,0.025332703226871745
desktop,Windows,Chrome,NULL,"46.0478,-117.6723",0.0,0,1.0,SUB_4,EcoLodge Boutique,2,220.0,0.14,1,0.025332703226871745
desktop,Windows,Chrome,NULL,"46.0478,-117.6723",0.0,0,1.0,SUB_5,Express Stop Motel,1,-99.0,0.08,0,0.025332703226871745
desktop,Windows,Edge,"47.6845,-95.7828","39.132,-97.7733",0.0,0,0.0,SUB_1,BudgetInns Global,1,85.0,0.1,1,0.016302499371440946
desktop,Windows,Edge,"47.6845,-95.7828","39.132,-97.7733",0.0,0,0.0,SUB_2,Urban Stay Suites,2,180.0,0.12,1,0.016302499371440946
desktop,Windows,Edge,"47.6845,-95.7828","39.132,-97.7733",0.0,0,0.0,SUB_3,Grand Horizon Resorts,3,450.0,0.15,0,0.016302499371440946
desktop,Windows,Edge,"47.6845,-95.7828","39.132,-97.7733",0.0,0,0.0,SUB_4,EcoLodge Boutique,2,220.0,0.14,1,0.016302499371440946
desktop,Windows,Edge,"47.6845,-95.7828","39.132,-97.7733",0.0,0,0.0,SUB_5,Express Stop Motel,1,-99.0,0.08,0,0.016302499371440946
mobile,Android,Chrome,"30.9714,-119.3316","17.2303,-129.1417",0.0,0,0.0,SUB_1,BudgetInns Global,1,85.0,0.1,1,0.029312230751356333
mobile,Android,Chrome,"30.9714,-119.3316","17.2303,-129.1417",0.0,0,0.0,SUB_2,Urban Stay Suites,2,180.0,0.12,1,0.029312230751356333
mobile,Android,Chrome,"30.9714,-119.3316","17.2303,-129.1417",0.0,0,0.0,SUB_3,Grand Horizon Resorts,3,450.0,0.15,0,0.013386917827664779
mobile,Android,Chrome,"30.9714,-119.3316","17.2303,-129.1417",0.0,0,0.0,SUB_4,EcoLodge Boutique,2,220.0,0.14,1,0.029312230751356333
mobile,Android,Chrome,"30.9714,-119.3316","17.2303,-129.1417",0.0,0,0.0,SUB_5,Express Stop Motel,1,-99.0,0.08,0,0.013386917827664779
mobile,iOS,Safari,"36.741,-99.513","32.6504,-105.4376",0.0,0,0.0,SUB_1,BudgetInns Global,1,85.0,0.1,1,0.016302499371440946
mobile,iOS,Safari,"36.741,-99.513","32.6504,-105.4376",0.0,0,0.0,SUB_2,Urban Stay Suites,2,180.0,0.12,1,0.016302499371440946
mobile,iOS,Safari,"36.741,-99.513","32.6504,-105.4376",0.0,0,0.0,SUB_3,Grand Horizon Resorts,3,450.0,0.15,0,0.007391541344281977
mobile,iOS,Safari,"36.741,-99.513","32.6504,-105.4376",0.0,0,0.0,SUB_4,EcoLodge Boutique,2,220.0,0.14,1,0.016302499371440946
mobile,iOS,Safari,"36.741,-99.513","32.6504,-105.4376",0.0,0,0.0,SUB_5,Express Stop Motel,1,-99.0,0.08,0,0.007391541344281977
mobile,iOS,Safari,"36.2616,-87.6113","24.2194,-79.3867",0.0,0,1.0,SUB_1,BudgetInns Global,1,85.0,0.1,1,0.045217473483287515
mobile,iOS,Safari,"36.2616,-87.6113","24.2194,-79.3867",0.0,0,1.0,SUB_2,Urban Stay Suites,2,180.0,0.12,1,0.045217473483287515
mobile,iOS,Safari,"36.2616,-87.6113","24.2194,-79.3867",0.0,0,1.0,SUB_3,Grand Horizon Resorts,3,450.0,0.15,0,0.02083634451868043
mobile,iOS,Safari,"36.2616,-87.6113","24.2194,-79.3867",0.0,0,1.0,SUB_4,EcoLodge Boutique,2,220.0,0.14,1,0.045217473483287515
mobile,iOS,Safari,"36.2616,-87.6113","24.2194,-79.3867",0.0,0,1.0,SUB_5,Express Stop Motel,1,-99.0,0.08,0,0.02083634451868043
desktop,Windows,Chrome,"36.8243,-119.2246","25.3186,-118.3626",0.0,0,1.0,SUB_1,BudgetInns Global,1,85.0,0.1,1,0.045217473483287515
desktop,Windows,Chrome,"36.8243,-119.2246","25.3186,-118.3626",0.0,0,1.0,SUB_2,Urban Stay Suites,2,180.0,0.12,1,0.045217473483287515
desktop,Windows,Chrome,"36.8243,-119.2246","25.3186,-118.3626",0.0,0,1.0,SUB_3,Grand Horizon Resorts,3,450.0,0.15,0,0.045217473483287515
desktop,Windows,Chrome,"36.8243,-119.2246","25.3186,-118.3626",0.0,0,1.0,SUB_4,EcoLodge Boutique,2,220.0,0.14,1,0.045217473483287515
desktop,Windows,Chrome,"36.8243,-119.2246","25.3186,-118.3626",0.0,0,1.0,SUB_5,Express Stop Motel,1,-99.0,0.08,0,0.045217473483287515
tablet,iOS,Safari,"40.563,-105.9559","33.1908,-120.97",0.0,0,0.0,SUB_1,BudgetInns Global,1,85.0,0.1,1,0.029312230751356333
tablet,iOS,Safari,"40.563,-105.9559","33.1908,-120.97",0.0,0,0.0,SUB_2,Urban Stay Suites,2,180.0,0.12,1,0.029312230751356333
tablet,iOS,Safari,"40.563,-105.9559","33.1908,-120.97",0.0,0,0.0,SUB_3,Grand Horizon Resorts,3,450.0,0.15,0,0.029312230751356333
tablet,iOS,Safari,"40.563,-105.9559","33.1908,-120.97",0.0,0,0.0,SUB_4,EcoLodge Boutique,2,220.0,0.14,1,0.029312230751356333
tablet,iOS,Safari,"40.563,-105.9559","33.1908,-120.97",0.0,0,0.0,SUB_5,Express Stop Motel,1,-99.0,0.08,0,0.029312230751356333
desktop,Linux,Firefox,"36.7436,-109.6022","30.6076,-91.1456",0.0,0,0.0,SUB_1,BudgetInns Global,1,85.0,0.1,1,0.029312230751356333
desktop,Linux,Firefox,"36.7436,-109.6022","30.6076,-91.1456",0.0,0,0.0,SUB_2,Urban Stay Suites,2,180.0,0.12,1,0.029312230751356333
desktop,Linux,Firefox,"36.7436,-109.6022","30.6076,-91.1456",0.0,0,0.0,SUB_3,Grand Horizon Resorts,3,450.0,0.15,0,0.029312230751356333
desktop,Linux,Firefox,"36.7436,-109.6022","30.6076,-91.1456",0.0,0,0.0,SUB_4,EcoLodge Boutique,2,220.0,0.14,1,0.029312230751356333
desktop,Linux,Firefox,"36.7436,-109.6022","30.6076,-91.1456",0.0,0,0.0,SUB_5,Express Stop Motel,1,-99.0,0.08,0,0.029312230751356333
mobile,Android,Samsung Internet,"36.1867,-117.9007","37.0858,-112.4643",0.0,0,1.0,SUB_1,BudgetInns Global,1,85.0,0.1,1,0.025332703226871745
mobile,Android,Samsung Internet,"36.1867,-117.9007","37.0858,-112.4643",0.0,0,1.0,SUB_2,Urban Stay Suites,2,180.0,0.12,1,0.025332703226871745
mobile,Android,Samsung Internet,"36.1867,-117.9007","37.0858,-112.4643",0.0,0,1.0,SUB_3,Grand Horizon Resorts,3,450.0,0.15,0,0.011543752483922297
mobile,Android,Samsung Internet,"36.1867,-117.9007","37.0858,-112.4643",0.0,0,1.0,SUB_4,EcoLodge Boutique,2,220.0,0.14,1,0.025332703226871745
mobile,Android,Samsung Internet,"36.1867,-117.9007","37.0858,-112.4643",0.0,0,1.0,SUB_5,Express Stop Motel,1,-99.0,0.08,0,0.011543752483922297
mobile,Android,Samsung Internet,"36.8572,-96.037","42.209,-85.4023",1.0,0,0.0,SUB_1,BudgetInns Global,1,85.0,0.1,1,0.06913842034334684
mobile,Android,Samsung Internet,"36.8572,-96.037","42.209,-85.4023",1.0,0,0.0,SUB_2,Urban Stay Suites,2,180.0,0.12,1,0.06913842034334684
mobile,Android,Samsung Internet,"36.8572,-96.037","42.209,-85.4023",1.0,0,0.0,SUB_3,Grand Horizon Resorts,3,450.0,0.15,0,0.03229546469845053
mobile,Android,Samsung Internet,"36.8572,-96.037","42.209,-85.4023",1.0,1,0.0,SUB_4,EcoLodge Boutique,2,220.0,0.14,1,0.06913842034334684
mobile,Android,Samsung Internet,"36.8572,-96.037","42.209,-85.4023",1.0,0,0.0,SUB_5,Express Stop Motel,1,-99.0,0.08,0,0.03229546469845053
desktop,Windows,Firefox,"39.7717,-110.9138","42.5548,-127.7453",0.0,0,0.0,SUB_1,BudgetInns Global,1,85.0,0.1,1,0.029312230751356333
desktop,Windows,Firefox,"39.7717,-110.9138","42.5548,-127.7453",0.0,0,0.0,SUB_2,Urban Stay Suites,2,180.0,0.12,1,0.029312230751356333
desktop,Windows,Firefox,"39.7717,-110.9138","42.5548,-127.7453",0.0,0,0.0,SUB_3,Grand Horizon Resorts,3,450.0,0.15,0,0.029312230751356333
desktop,Windows,Firefox,"39.7717,-110.9138","42.5548,-127.7453",0.0,0,0.0,SUB_4,EcoLodge Boutique,2,220.0,0.14,1,0.029312230751356333
desktop,Windows,Firefox,"39.7717,-110.9138","42.5548,-127.7453",0.0,0,0.0,SUB_5,Express Stop Motel,1,-99.0,0.08,0,0.029312230751356333
desktop,Windows,Edge,"38.4252,-82.8459","27.876,-100.9636",1.0,0,0.0,SUB_1,BudgetInns Global,1,85.0,0.1,1,0.06913842034334684
desktop,Windows,Edge,"38.4252,-82.8459","27.876,-100.9636",1.0,0,0.0,SUB_2,Urban Stay Suites,2,180.0,0.12,1,0.06913842034334684
desktop,Windows,Edge,"38.4252,-82.8459","27.876,-100.9636",1.0,0,0.0,SUB_3,Grand Horizon Resorts,3,450.0,0.15,0,0.06913842034334684
desktop,Windows,Edge,"38.4252,-82.8459","27.876,-100.9636",1.0,0,0.0,SUB_4,EcoLodge Boutique,2,220.0,0.14,1,0.06913842034334684
desktop,Windows,Edge,"38.4252,-82.8459","27.876,-100.9636",1.0,0,0.0,SUB_5,Express Stop Motel,1,-99.0,0.08,0,0.06913842034334684
desktop,Linux,Chrome,"46.3534,-77.6036","36.516,-96.8257",0.0,0,0.0,SUB_1,BudgetInns Global,1,85.0,0.1,1,0.029312230751356333
desktop,Linux,Chrome,"46.3534,-77.6036","36.516,-96.8257",0.0,0,0.0,SUB_2,Urban Stay Suites,2,180.0,0.12,1,0.029312230751356333
desktop,Linux,Chrome,"46.3534,-77.6036","36.516,-96.8257",0.0,0,0.0,SUB_3,Grand Horizon Resorts,3,450.0,0.15,0,0.029312230751356333
desktop,Linux,Chrome,"46.3534,-77.6036","36.516,-96.8257",0.0,0,0.0,SUB_4,EcoLodge Boutique,2,220.0,0.14,1,0.029312230751356333
desktop,Linux,Chrome,"46.3534,-77.6036","36.516,-96.8257",0.0,0,0.0,SUB_5,Express Stop Motel,1,-99.0,0.08,0,0.029312230751356333
desktop,macOS,Chrome,"26.2374,-92.7207","37.6005,-105.1689",0.0,0,1.0,SUB_1,BudgetInns Global,1,85.0,0.1,1,0.045217473483287515
desktop,macOS,Chrome,"26.2374,-92.7207","37.6005,-105.1689",0.0,0,1.0,SUB_2,Urban Stay Suites,2,180.0,0.12,1,0.045217473483287515
desktop,macOS,Chrome,"26.2374,-92.7207","37.6005,-105.1689",0.0,0,1.0,SUB_3,Grand Horizon Resorts,3,450.0,0.15,0,0.08706577244027129
desktop,macOS,Chrome,"26.2374,-92.7207","37.6005,-105.1689",0.0,0,1.0,SUB_4,EcoLodge Boutique,2,220.0,0.14,1,0.045217473483287515
desktop,macOS,Chrome,"26.2374,-92.7207","37.6005,-105.1689",0.0,0,1.0,SUB_5,Express Stop Motel,1,-99.0,0.08,0,0.045217473483287515
desktop,Linux,Firefox,"45.8329,-70.9146","47.5835,-74.3383",0.0,0,,SUB_1,BudgetInns Global,1,85.0,0.1,1,0.016302499371440946
desktop,Linux,Firefox,"45.8329,-70.9146","47.5835,-74.3383",0.0,0,,SUB_2,Urban Stay Suites,2,180.0,0.12,1,0.016302499371440946
desktop,Linux,Firefox,"45.8329,-70.9146","47.5835,-74.3383",0.0,0,,SUB_3,Grand Horizon Resorts,3,450.0,0.15,0,0.016302499371440946
desktop,Linux,Firefox,"45.8329,-70.9146","47.5835,-74.3383",0.0,0,,SUB_4,EcoLodge Boutique,2,220.0,0.14,1,0.016302499371440946
desktop,Linux,Firefox,"45.8329,-70.9146","47.5835,-74.3383",0.0,0,,SUB_5,Express Stop Motel,1,-99.0,0.08,0,0.016302499371440946
mobile,Android,Samsung Internet,"46.0981,-97.4761","57.1962,-80.0431",0.0,1,0.0,SUB_1,BudgetInns Global,1,85.0,0.1,1,0.029312230751356333
mobile,Android,Samsung Internet,"46.0981,-97.4761","57.1962,-80.0431",0.0,0,0.0,SUB_2,Urban Stay Suites,2,180.0,0.12,1,0.029312230751356333
mobile,Android,Samsung Internet,"46.0981,-97.4761","57.1962,-80.0431",0.0,0,0.0,SUB_3,Grand Horizon Resorts,3,450.0,0.15,0,0.013386917827664779
mobile,Android,Samsung Internet,"46.0981,-97.4761","57.1962,-80.0431",0.0,0,0.0,SUB_4,EcoLodge Boutique,2,220.0,0.14,1,0.029312230751356333
mobile,Android,Samsung Internet,"46.0981,-97.4761","57.1962,-80.0431",0.0,0,0.0,SUB_5,Express Stop Motel,1,-99.0,0.08,0,0.013386917827664779
mobile,Android,Chrome,"32.1227,-94.3316","28.2691,-96.0492",0.0,0,1.0,SUB_1,BudgetInns Global,1,85.0,0.1,1,0.025332703226871745
mobile,Android,Chrome,"32.1227,-94.3316","28.2691,-96.0492",0.0,0,1.0,SUB_2,Urban Stay Suites,2,180.0,0.12,1,0.025332703226871745
mobile,Android,Chrome,"32.1227,-94.3316","28.2691,-96.0492",0.0,0,1.0,SUB_3,Grand Horizon Resorts,3,450.0,0.15,0,0.011543752483922297
mobile,Android,Chrome,"32.1227,-94.3316","28.2691,-96.0492",0.0,0,1.0,SUB_4,EcoLodge Boutique,2,220.0,0.14,1,0.025332703226871745
mobile,Android,Chrome,"32.1227,-94.3316","28.2691,-96.0492",0.0,0,1.0,SUB_5,Express Stop Motel,1,-99.0,0.08,0,0.011543752483922297
desktop,macOS,,"36.5713,-70.5391","999.9999,-800.0000",0.0,0,,SUB_1,BudgetInns Global,1,85.0,0.1,1,0.029312230751356333
desktop,macOS,,"36.5713,-70.5391","999.9999,-800.0000",0.0,0,,SUB_2,Urban Stay Suites,2,180.0,0.12,1,0.029312230751356333
desktop,macOS,,"36.5713,-70.5391","999.9999,-800.0000",0.0,0,,SUB_3,Grand Horizon Resorts,3,450.0,0.15,0,0.057324175898868755
desktop,macOS,,"36.5713,-70.5391","999.9999,-800.0000",0.0,0,,SUB_4,EcoLodge Boutique,2,220.0,0.14,1,0.029312230751356333
desktop,macOS,,"36.5713,-70.5391","999.9999,-800.0000",0.0,0,,SUB_5,Express Stop Motel,1,-99.0,0.08,0,0.029312230751356333
desktop,Windows,Firefox,"35.9635,-108.4226","36.6734,-105.9452",0.0,0,0.0,SUB_1,BudgetInns Global,1,85.0,0.1,1,0.016302499371440946
desktop,Windows,Firefox,"35.9635,-108.4226","36.6734,-105.9452",0.0,0,0.0,SUB_2,Urban Stay Suites,2,180.0,0.12,1,0.016302499371440946
desktop,Windows,Firefox,"35.9635,-108.4226","36.6734,-105.9452",0.0,0,0.0,SUB_3,Grand Horizon Resorts,3,450.0,0.15,0,0.016302499371440946
desktop,Windows,Firefox,"35.9635,-108.4226","36.6734,-105.9452",0.0,0,0.0,SUB_4,EcoLodge Boutique,2,220.0,0.14,1,0.016302499371440946
desktop,Windows,Firefox,"35.9635,-108.4226","36.6734,-105.9452",0.0,0,0.0,SUB_5,Express Stop Motel,1,-99.0,0.08,0,0.016302499371440946
mobile,Android,Chrome,"30.4627,-72.8727","25.0364,-88.3953",0.0,0,0.0,SUB_1,BudgetInns Global,1,85.0,0.1,1,0.029312230751356333
mobile,Android,Chrome,"30.4627,-72.8727","25.0364,-88.3953",0.0,0,0.0,SUB_2,Urban Stay Suites,2,180.0,0.12,1,0.029312230751356333
mobile,Android,Chrome,"30.4627,-72.8727","25.0364,-88.3953",0.0,0,0.0,SUB_3,Grand Horizon Resorts,3,450.0,0.15,0,0.013386917827664779
mobile,Android,Chrome,"30.4627,-72.8727","25.0364,-88.3953",0.0,1,0.0,SUB_4,EcoLodge Boutique,2,220.0,0.14,1,0.029312230751356333
mobile,Android,Chrome,"30.4627,-72.8727","25.0364,-88.3953",0.0,0,0.0,SUB_5,Express Stop Motel,1,-99.0,0.08,0,0.013386917827664779
mobile,iOS,Chrome,"34.9199,-117.8581","34.0174,-113.4779",0.0,0,0.0,SUB_1,BudgetInns Global,1,85.0,0.1,1,0.016302499371440946
mobile,iOS,Chrome,"34.9199,-117.8581","34.0174,-113.4779",0.0,0,0.0,SUB_2,Urban Stay Suites,2,180.0,0.12,1,0.016302499371440946
mobile,iOS,Chrome,"34.9199,-117.8581","34.0174,-113.4779",0.0,0,0.0,SUB_3,Grand Horizon Resorts,3,450.0,0.15,0,0.007391541344281977
mobile,iOS,Chrome,"34.9199,-117.8581","34.0174,-113.4779",0.0,0,0.0,SUB_4,EcoLodge Boutique,2,220.0,0.14,1,0.016302499371440946
mobile,iOS,Chrome,"34.9199,-117.8581","34.0174,-113.4779",0.0,0,0.0,SUB_5,Express Stop Motel,1,-99.0,0.08,0,0.007391541344281977
desktop,Linux,Chrome,"26.1097,-97.6807","26.1844,-94.9434",0.0,0,0.0,SUB_1,BudgetInns Global,1,85.0,0.1,1,0.016302499371440946
desktop,Linux,Chrome,"26.1097,-97.6807","26.1844,-94.9434",0.0,0,0.0,SUB_2,Urban Stay Suites,2,180.0,0.12,1,0.016302499371440946
desktop,Linux,Chrome,"26.1097,-97.6807","26.1844,-94.9434",0.0,0,0.0,SUB_3,Grand Horizon Resorts,3,450.0,0.15,0,0.016302499371440946
desktop,Linux,Chrome,"26.1097,-97.6807","26.1844,-94.9434",0.0,0,0.0,SUB_4,EcoLodge Boutique,2,220.0,0.14,1,0.016302499371440946
desktop,Linux,Chrome,"26.1097,-97.6807","26.1844,-94.9434",0.0,0,0.0,SUB_5,Express Stop Motel,1,-99.0,0.08,0,0.016302499371440946
mobile,Android,Chrome,"31.9456,-116.4998","22.9687,-104.8201",0.0,0,0.0,SUB_1,BudgetInns Global,1,85.0,0.1,1,0.029312230751356333
mobile,Android,Chrome,"31.9456,-116.4998","22.9687,-104.8201",0.0,0,0.0,SUB_2,Urban Stay Suites,2,180.0,0.12,1,0.029312230751356333
mobile,Android,Chrome,"31.9456,-116.4998","22.9687,-104.8201",0.0,0,0.0,SUB_3,Grand Horizon Resorts,3,450.0,0.15,0,0.013386917827664779
mobile,Android,Chrome,"31.9456,-116.4998","22.9687,-104.8201",0.0,0,0.0,SUB_4,EcoLodge Boutique,2,220.0,0.14,1,0.029312230751356333
mobile,Android,Chrome,"31.9456,-116.4998","22.9687,-104.8201",0.0,0,0.0,SUB_5,Express Stop Motel,1,-99.0,0.08,0,0.013386917827664779
mobile,iOS,UNKNOWN_BROWSER,"45.4171,-83.5383","39.8674,-64.0708",0.0,0,0.0,SUB_1,BudgetInns Global,1,85.0,0.1,1,0.029312230751356333
mobile,iOS,UNKNOWN_BROWSER,"45.4171,-83.5383","39.8674,-64.0708",0.0,0,0.0,SUB_2,Urban Stay Suites,2,180.0,0.12,1,0.029312230751356333
mobile,iOS,UNKNOWN_BROWSER,"45.4171,-83.5383","39.8674,-64.0708",0.0,0,0.0,SUB_3,Grand Horizon Resorts,3,450.0,0.15,0,0.013386917827664779
mobile,iOS,UNKNOWN_BROWSER,"45.4171,-83.5383","39.8674,-64.0708",0.0,0,0.0,SUB_4,EcoLodge Boutique,2,220.0,0.14,1,0.029312230751356333
mobile,iOS,UNKNOWN_BROWSER,"45.4171,-83.5383","39.8674,-64.0708",0.0,0,0.0,SUB_5,Express Stop Motel,1,-99.0,0.08,0,0.013386917827664779
mobile,Android,Samsung Internet,"32.1141,-89.5796","40.8564,-99.5447",0.0,0,0.0,SUB_1,BudgetInns Global,1,85.0,0.1,1,0.029312230751356333
mobile,Android,Samsung Internet,"32.1141,-89.5796","40.8564,-99.5447",0.0,0,0.0,SUB_2,Urban Stay Suites,2,180.0,0.12,1,0.029312230751356333
mobile,Android,Samsung Internet,"32.1141,-89.5796","40.8564,-99.5447",0.0,0,0.0,SUB_3,Grand Horizon Resorts,3,450.0,0.15,0,0.013386917827664779
mobile,Android,Samsung Internet,"32.1141,-89.5796","40.8564,-99.5447",0.0,0,0.0,SUB_4,EcoLodge Boutique,2,220.0,0.14,1,0.029312230751356333
mobile,Android,Samsung Internet,"32.1141,-89.5796","40.8564,-99.5447",0.0,0,0.0,SUB_5,Express Stop Motel,1,-99.0,0.08,0,0.013386917827664779
desktop,Windows,safari_mobile,"45.4552,-84.6683","57.9288,-84.282",0.0,0,0.0,SUB_1,BudgetInns Global,1,85.0,0.1,1,0.029312230751356333
desktop,Windows,safari_mobile,"45.4552,-84.6683","57.9288,-84.282",0.0,0,0.0,SUB_2,Urban Stay Suites,2,180.0,0.12,1,0.029312230751356333
desktop,Windows,safari_mobile,"45.4552,-84.6683","57.9288,-84.282",0.0,0,0.0,SUB_3,Grand Horizon Resorts,3,450.0,0.15,0,0.029312230751356333
desktop,Windows,safari_mobile,"45.4552,-84.6683","57.9288,-84.282",0.0,0,0.0,SUB_4,EcoLodge Boutique,2,220.0,0.14,1,0.029312230751356333
desktop,Windows,safari_mobile,"45.4552,-84.6683","57.9288,-84.282",0.0,0,0.0,SUB_5,Express Stop Motel,1,-99.0,0.08,0,0.029312230751356333
desktop,Linux,Firefox,"38.29,-101.276","34.0838,-84.9214",0.0,1,0.0,SUB_1,BudgetInns Global,1,85.0,0.1,1,0.029312230751356333
desktop,Linux,Firefox,"38.29,-101.276","34.0838,-84.9214",0.0,0,0.0,SUB_2,Urban Stay Suites,2,180.0,0.12,1,0.029312230751356333
desktop,Linux,Firefox,"38.29,-101.276","34.0838,-84.9214",0.0,1,0.0,SUB_3,Grand Horizon Resorts,3,450.0,0.15,0,0.029312230751356333
desktop,Linux,Firefox,"38.29,-101.276","34.0838,-84.9214",0.0,0,0.0,SUB_4,EcoLodge Boutique,2,220.0,0.14,1,0.029312230751356333
desktop,Linux,Firefox,"38.29,-101.276","34.0838,-84.9214",0.0,0,0.0,SUB_5,Express Stop Motel,1,-99.0,0.08,0,0.029312230751356333
mobile,iOS,Chrome,"46.9966,-101.5259","41.2058,-90.1183",1.0,0,0.0,SUB_1,BudgetInns Global,1,85.0,0.1,1,0.06913842034334684
mobile,iOS,Chrome,"46.9966,-101.5259","41.2058,-90.1183",1.0,0,0.0,SUB_2,Urban Stay Suites,2,180.0,0.12,1,0.06913842034334684
mobile,iOS,Chrome,"46.9966,-101.5259","41.2058,-90.1183",1.0,0,0.0,SUB_3,Grand Horizon Resorts,3,450.0,0.15,0,0.03229546469845053
mobile,iOS,Chrome,"46.9966,-101.5259","41.2058,-90.1183",1.0,0,0.0,SUB_4,EcoLodge Boutique,2,220.0,0.14,1,0.06913842034334684
mobile,iOS,Chrome,"46.9966,-101.5259","41.2058,-90.1183",1.0,0,0.0,SUB_5,Express Stop Motel,1,-99.0,0.08,0,0.03229546469845053
desktop,Windows,Edge,"39.3695,-117.734","30.2254,-118.2377",1.0,0,0.0,SUB_1,BudgetInns Global,1,85.0,0.1,1,0.06913842034334684
desktop,Windows,Edge,"39.3695,-117.734","30.2254,-118.2377",1.0,0,0.0,SUB_2,Urban Stay Suites,2,180.0,0.12,1,0.06913842034334684
desktop,Windows,Edge,"39.3695,-117.734","30.2254,-118.2377",1.0,0,0.0,SUB_3,Grand Horizon Resorts,3,450.0,0.15,0,0.06913842034334684
desktop,Windows,Edge,"39.3695,-117.734","30.2254,-118.2377",1.0,0,0.0,SUB_4,EcoLodge Boutique,2,220.0,0.14,1,0.06913842034334684
desktop,Windows,Edge,"39.3695,-117.734","30.2254,-118.2377",1.0,0,0.0,SUB_5,Express Stop Motel,1,-99.0,0.08,0,0.06913842034334684
mobile,Android,Samsung Internet,"25.7417,-102.5028","31.0964,-84.6879",0.0,0,0.0,SUB_1,BudgetInns Global,1,85.0,0.1,1,0.029312230751356333
mobile,Android,Samsung Internet,"25.7417,-102.5028","31.0964,-84.6879",0.0,0,0.0,SUB_2,Urban Stay Suites,2,180.0,0.12,1,0.029312230751356333
mobile,Android,Samsung Internet,"25.7417,-102.5028","31.0964,-84.6879",0.0,0,0.0,SUB_3,Grand Horizon Resorts,3,450.0,0.15,0,0.013386917827664779
mobile,Android,Samsung Internet,"25.7417,-102.5028","31.0964,-84.6879",0.0,0,0.0,SUB_4,EcoLodge Boutique,2,220.0,0.14,1,0.029312230751356333
mobile,Android,Samsung Internet,"25.7417,-102.5028","31.0964,-84.6879",0.0,0,0.0,SUB_5,Express Stop Motel,1,-99.0,0.08,0,0.013386917827664779
mobile,Android,Chrome,"41.8855,-73.5356","36.5785,-91.2461",0.0,0,0.0,SUB_1,BudgetInns Global,1,85.0,0.1,1,0.029312230751356333
mobile,Android,Chrome,"41.8855,-73.5356","36.5785,-91.2461",0.0,0,0.0,SUB_2,Urban Stay Suites,2,180.0,0.12,1,0.029312230751356333
mobile,Android,Chrome,"41.8855,-73.5356","36.5785,-91.2461",0.0,0,0.0,SUB_3,Grand Horizon Resorts,3,450.0,0.15,0,0.013386917827664779
mobile,Android,Chrome,"41.8855,-73.5356","36.5785,-91.2461",0.0,1,0.0,SUB_4,EcoLodge Boutique,2,220.0,0.14,1,0.029312230751356333
mobile,Android,Chrome,"41.8855,-73.5356","36.5785,-91.2461",0.0,0,0.0,SUB_5,Express Stop Motel,1,-99.0,0.08,0,0.013386917827664779
desktop,Windows,Firefox,"26.1213,-101.0387","40.7538,-83.7988",0.0,0,0.0,SUB_1,BudgetInns Global,1,85.0,0.1,1,0.029312230751356333
desktop,Windows,Firefox,"26.1213,-101.0387","40.7538,-83.7988",0.0,0,0.0,SUB_2,Urban Stay Suites,2,180.0,0.12,1,0.029312230751356333
desktop,Windows,Firefox,"26.1213,-101.0387","40.7538,-83.7988",0.0,0,0.0,SUB_3,Grand Horizon Resorts,3,450.0,0.15,0,0.029312230751356333
desktop,Windows,Firefox,"26.1213,-101.0387","40.7538,-83.7988",0.0,0,0.0,SUB_4,EcoLodge Boutique,2,220.0,0.14,1,0.029312230751356333
desktop,Windows,Firefox,"26.1213,-101.0387","40.7538,-83.7988",0.0,0,0.0,SUB_5,Express Stop Motel,1,-99.0,0.08,0,0.029312230751356333
desktop,macOS,Chrome,"36.2649,-78.4316","31.0354,-96.4113",0.0,0,0.0,SUB_1,BudgetInns Global,1,85.0,0.1,1,0.029312230751356333
desktop,macOS,Chrome,"36.2649,-78.4316","31.0354,-96.4113",0.0,0,0.0,SUB_2,Urban Stay Suites,2,180.0,0.12,1,0.029312230751356333
desktop,macOS,Chrome,"36.2649,-78.4316","31.0354,-96.4113",0.0,0,0.0,SUB_3,Grand Horizon Resorts,3,450.0,0.15,0,0.057324175898868755
desktop,macOS,Chrome,"36.2649,-78.4316","31.0354,-96.4113",0.0,0,0.0,SUB_4,EcoLodge Boutique,2,220.0,0.14,1,0.029312230751356333
desktop,macOS,Chrome,"36.2649,-78.4316","31.0354,-96.4113",0.0,0,0.0,SUB_5,Express Stop Motel,1,-99.0,0.08,0,0.029312230751356333
desktop,Linux,Chrome,"48.2357,-77.8837","45.0598,-75.9915",0.0,0,1.0,SUB_1,BudgetInns Global,1,85.0,0.1,1,0.025332703226871745
desktop,Linux,Chrome,"48.2357,-77.8837","45.0598,-75.9915",0.0,0,1.0,SUB_2,Urban Stay Suites,2,180.0,0.12,1,0.025332703226871745
desktop,Linux,Chrome,"48.2357,-77.8837","45.0598,-75.9915",0.0,0,1.0,SUB_3,Grand Horizon Resorts,3,450.0,0.15,0,0.025332703226871745
desktop,Linux,Chrome,"48.2357,-77.8837","45.0598,-75.9915",0.0,0,1.0,SUB_4,EcoLodge Boutique,2,220.0,0.14,1,0.025332703226871745
desktop,Linux,Chrome,"48.2357,-77.8837","45.0598,-75.9915",0.0,0,1.0,SUB_5,Express Stop Motel,1,-99.0,0.08,0,0.025332703226871745
desktop,Windows,Edge,"29.1301,-101.3379","32.2301,-85.7203",0.0,0,0.0,SUB_1,BudgetInns Global,1,85.0,0.1,1,0.029312230751356333
desktop,Windows,Edge,"29.1301,-101.3379","32.2301,-85.7203",0.0,0,0.0,SUB_2,Urban Stay Suites,2,180.0,0.12,1,0.029312230751356333
desktop,Windows,Edge,"29.1301,-101.3379","32.2301,-85.7203",0.0,0,0.0,SUB_3,Grand Horizon Resorts,3,450.0,0.15,0,0.029312230751356333
desktop,Windows,Edge,"29.1301,-101.3379","32.2301,-85.7203",0.0,1,0.0,SUB_4,EcoLodge Boutique,2,220.0,0.14,1,0.029312230751356333
desktop,Windows,Edge,"29.1301,-101.3379","32.2301,-85.7203",0.0,0,0.0,SUB_5,Express Stop Motel,1,-99.0,0.08,0,0.029312230751356333
desktop,Linux,Chrome,"34.7468,-88.4006","43.7973,-97.8918",0.0,0,0.0,SUB_1,BudgetInns Global,1,85.0,0.1,1,0.029312230751356333
desktop,Linux,Chrome,"34.7468,-88.4006","43.7973,-97.8918",0.0,0,0.0,SUB_2,Urban Stay Suites,2,180.0,0.12,1,0.029312230751356333
desktop,Linux,Chrome,"34.7468,-88.4006","43.7973,-97.8918",0.0,0,0.0,SUB_3,Grand Horizon Resorts,3,450.0,0.15,0,0.029312230751356333
desktop,Linux,Chrome,"34.7468,-88.4006","43.7973,-97.8918",0.0,0,0.0,SUB_4,EcoLodge Boutique,2,220.0,0.14,1,0.029312230751356333
desktop,Linux,Chrome,"34.7468,-88.4006","43.7973,-97.8918",0.0,0,0.0,SUB_5,Express Stop Motel,1,-99.0,0.08,0,0.029312230751356333
mobile,iOS,Chrome,"43.2465,-115.2314","42.3321,-116.3415",0.0,0,0.0,SUB_1,BudgetInns Global,1,85.0,0.1,1,0.016302499371440946
mobile,iOS,Chrome,"43.2465,-115.2314","42.3321,-116.3415",0.0,0,0.0,SUB_2,Urban Stay Suites,2,180.0,0.12,1,0.016302499371440946
mobile,iOS,Chrome,"43.2465,-115.2314","42.3321,-116.3415",0.0,0,0.0,SUB_3,Grand Horizon Resorts,3,450.0,0.15,0,0.007391541344281977
mobile,iOS,Chrome,"43.2465,-115.2314","42.3321,-116.3415",0.0,0,0.0,SUB_4,EcoLodge Boutique,2,220.0,0.14,1,0.016302499371440946
mobile,iOS,Chrome,"43.2465,-115.2314","42.3321,-116.3415",0.0,0,0.0,SUB_5,Express Stop Motel,1,-99.0,0.08,0,0.007391541344281977
mobile,Android,Samsung Internet,"47.0565,-114.8161","44.7362,-121.8429",0.0,0,0.0,SUB_1,BudgetInns Global,1,85.0,0.1,1,0.016302499371440946
mobile,Android,Samsung Internet,"47.0565,-114.8161","44.7362,-121.8429",0.0,0,0.0,SUB_2,Urban Stay Suites,2,180.0,0.12,1,0.016302499371440946
mobile,Android,Samsung Internet,"47.0565,-114.8161","44.7362,-121.8429",0.0,0,0.0,SUB_3,Grand Horizon Resorts,3,450.0,0.15,0,0.007391541344281977
mobile,Android,Samsung Internet,"47.0565,-114.8161","44.7362,-121.8429",0.0,0,0.0,SUB_4,EcoLodge Boutique,2,220.0,0.14,1,0.016302499371440946
mobile,Android,Samsung Internet,"47.0565,-114.8161","44.7362,-121.8429",0.0,0,0.0,SUB_5,Express Stop Motel,1,-99.0,0.08,0,0.007391541344281977
mobile,iOS,Safari,"41.7736,-117.5671","56.6427,-99.4813",0.0,0,0.0,SUB_1,BudgetInns Global,1,85.0,0.1,1,0.029312230751356333
mobile,iOS,Safari,"41.7736,-117.5671","56.6427,-99.4813",0.0,0,0.0,SUB_2,Urban Stay Suites,2,180.0,0.12,1,0.029312230751356333
mobile,iOS,Safari,"41.7736,-117.5671","56.6427,-99.4813",0.0,0,0.0,SUB_3,Grand Horizon Resorts,3,450.0,0.15,0,0.013386917827664779
mobile,iOS,Safari,"41.7736,-117.5671","56.6427,-99.4813",0.0,0,0.0,SUB_4,EcoLodge Boutique,2,220.0,0.14,1,0.029312230751356333
mobile,iOS,Safari,"41.7736,-117.5671","56.6427,-99.4813",0.0,0,0.0,SUB_5,Express Stop Motel,1,-99.0,0.08,0,0.013386917827664779
mobile,iOS,Chrome,"31.4543,-90.9492","16.7691,-78.0034",0.0,0,0.0,SUB_1,BudgetInns Global,1,85.0,0.1,1,0.029312230751356333
mobile,iOS,Chrome,"31.4543,-90.9492","16.7691,-78.0034",0.0,0,0.0,SUB_2,Urban Stay Suites,2,180.0,0.12,1,0.029312230751356333
mobile,iOS,Chrome,"31.4543,-90.9492","16.7691,-78.0034",0.0,0,0.0,SUB_3,Grand Horizon Resorts,3,450.0,0.15,0,0.013386917827664779
mobile,iOS,Chrome,"31.4543,-90.9492","16.7691,-78.0034",0.0,0,0.0,SUB_4,EcoLodge Boutique,2,220.0,0.14,1,0.029312230751356333
mobile,iOS,Chrome,"31.4543,-90.9492","16.7691,-78.0034",0.0,0,0.0,SUB_5,Express Stop Motel,1,-99.0,0.08,0,0.013386917827664779
tablet,iOS,Safari,"41.8652,-98.6965","53.7172,-90.3364",0.0,0,0.0,SUB_1,BudgetInns Global,1,85.0,0.1,1,0.029312230751356333
tablet,iOS,Safari,"41.8652,-98.6965","53.7172,-90.3364",0.0,0,0.0,SUB_2,Urban Stay Suites,2,180.0,0.12,1,0.029312230751356333
tablet,iOS,Safari,"41.8652,-98.6965","53.7172,-90.3364",0.0,0,0.0,SUB_3,Grand Horizon Resorts,3,450.0,0.15,0,0.029312230751356333
tablet,iOS,Safari,"41.8652,-98.6965","53.7172,-90.3364",0.0,0,0.0,SUB_4,EcoLodge Boutique,2,220.0,0.14,1,0.029312230751356333
tablet,iOS,Safari,"41.8652,-98.6965","53.7172,-90.3364",0.0,0,0.0,SUB_5,Express Stop Motel,1,-99.0,0.08,0,0.029312230751356333
mobile,iOS,Chrome,"32.4182,-92.5984","21.8924,-89.0933",0.0,0,0.0,SUB_1,BudgetInns Global,1,85.0,0.1,1,0.029312230751356333
mobile,iOS,Chrome,"32.4182,-92.5984","21.8924,-89.0933",0.0,0,0.0,SUB_2,Urban Stay Suites,2,180.0,0.12,1,0.029312230751356333
mobile,iOS,Chrome,"32.4182,-92.5984","21.8924,-89.0933",0.0,0,0.0,SUB_3,Grand Horizon Resorts,3,450.0,0.15,0,0.013386917827664779
mobile,iOS,Chrome,"32.4182,-92.5984","21.8924,-89.0933",0.0,0,0.0,SUB_4,EcoLodge Boutique,2,220.0,0.14,1,0.029312230751356333
mobile,iOS,Chrome,"32.4182,-92.5984","21.8924,-89.0933",0.0,0,0.0,SUB_5,Express Stop Motel,1,-99.0,0.08,0,0.013386917827664779
desktop,macOS,Chrome,"42.9607,-93.9463","999.9999,-800.0000",0.0,0,0.0,SUB_1,BudgetInns Global,1,85.0,0.1,1,0.029312230751356333
desktop,macOS,Chrome,"42.9607,-93.9463","999.9999,-800.0000",0.0,0,0.0,SUB_2,Urban Stay Suites,2,180.0,0.12,1,0.029312230751356333
desktop,macOS,Chrome,"42.9607,-93.9463","999.9999,-800.0000",0.0,0,0.0,SUB_3,Grand Horizon Resorts,3,450.0,0.15,0,0.057324175898868755
desktop,macOS,Chrome,"42.9607,-93.9463","999.9999,-800.0000",0.0,0,0.0,SUB_4,EcoLodge Boutique,2,220.0,0.14,1,0.029312230751356333
desktop,macOS,Chrome,"42.9607,-93.9463","999.9999,-800.0000",0.0,0,0.0,SUB_5,Express Stop Motel,1,-99.0,0.08,0,0.029312230751356333
desktop,macOS,Safari,"48.8508,-102.4899","52.3887,-106.7992",0.0,0,0.0,SUB_1,BudgetInns Global,1,85.0,0.1,1,0.016302499371440946
desktop,macOS,Safari,"48.8508,-102.4899","52.3887,-106.7992",0.0,0,0.0,SUB_2,Urban Stay Suites,2,180.0,0.12,1,0.016302499371440946
desktop,macOS,Safari,"48.8508,-102.4899","52.3887,-106.7992",0.0,0,0.0,SUB_3,Grand Horizon Resorts,3,450.0,0.15,0,0.03229546469845053
desktop,macOS,Safari,"48.8508,-102.4899","52.3887,-106.7992",0.0,0,0.0,SUB_4,EcoLodge Boutique,2,220.0,0.14,1,0.016302499371440946
desktop,macOS,Safari,"48.8508,-102.4899","52.3887,-106.7992",0.0,0,0.0,SUB_5,Express Stop Motel,1,-99.0,0.08,0,0.016302499371440946
desktop,Windows,Firefox,"43.0348,-86.1263","38.2902,-88.2242",0.0,0,0.0,SUB_1,BudgetInns Global,1,85.0,0.1,1,0.016302499371440946
desktop,Windows,Firefox,"43.0348,-86.1263","38.2902,-88.2242",0.0,0,0.0,SUB_2,Urban Stay Suites,2,180.0,0.12,1,0.016302499371440946
desktop,Windows,Firefox,"43.0348,-86.1263","38.2902,-88.2242",0.0,0,0.0,SUB_3,Grand Horizon Resorts,3,450.0,0.15,0,0.016302499371440946
desktop,Windows,Firefox,"43.0348,-86.1263","38.2902,-88.2242",0.0,0,0.0,SUB_4,EcoLodge Boutique,2,220.0,0.14,1,0.016302499371440946
desktop,Windows,Firefox,"43.0348,-86.1263","38.2902,-88.2242",0.0,0,0.0,SUB_5,Express Stop Motel,1,-99.0,0.08,0,0.016302499371440946
mobile,iOS,Safari,"46.572,-82.0749","57.7882,-72.8748",0.0,0,0.0,SUB_1,BudgetInns Global,1,85.0,0.1,1,0.029312230751356333
mobile,iOS,Safari,"46.572,-82.0749","57.7882,-72.8748",0.0,0,0.0,SUB_2,Urban Stay Suites,2,180.0,0.12,1,0.029312230751356333
mobile,iOS,Safari,"46.572,-82.0749","57.7882,-72.8748",0.0,0,0.0,SUB_3,Grand Horizon Resorts,3,450.0,0.15,0,0.013386917827664779
mobile,iOS,Safari,"46.572,-82.0749","57.7882,-72.8748",0.0,0,0.0,SUB_4,EcoLodge Boutique,2,220.0,0.14,1,0.029312230751356333
mobile,iOS,Safari,"46.572,-82.0749","57.7882,-72.8748",0.0,0,0.0,SUB_5,Express Stop Motel,1,-99.0,0.08,0,0.013386917827664779
desktop,Windows,Firefox,"25.0526,-119.2686","10.4398,-124.9584",1.0,0,0.0,SUB_1,BudgetInns Global,1,85.0,0.1,1,0.06913842034334684
desktop,Windows,Firefox,"25.0526,-119.2686","10.4398,-124.9584",1.0,1,0.0,SUB_2,Urban Stay Suites,2,180.0,0.12,1,0.06913842034334684
desktop,Windows,Firefox,"25.0526,-119.2686","10.4398,-124.9584",1.0,0,0.0,SUB_3,Grand Horizon Resorts,3,450.0,0.15,0,0.06913842034334684
desktop,Windows,Firefox,"25.0526,-119.2686","10.4398,-124.9584",1.0,0,0.0,SUB_4,EcoLodge Boutique,2,220.0,0.14,1,0.06913842034334684
desktop,Windows,Firefox,"25.0526,-119.2686","10.4398,-124.9584",1.0,0,0.0,SUB_5,Express Stop Motel,1,-99.0,0.08,0,0.06913842034334684
mobile,iOS,Chrome,"42.9393,-109.6379","34.74,-127.0819",0.0,0,0.0,SUB_1,BudgetInns Global,1,85.0,0.1,1,0.029312230751356333
mobile,iOS,Chrome,"42.9393,-109.6379","34.74,-127.0819",0.0,0,0.0,SUB_2,Urban Stay Suites,2,180.0,0.12,1,0.029312230751356333
mobile,iOS,Chrome,"42.9393,-109.6379","34.74,-127.0819",0.0,0,0.0,SUB_3,Grand Horizon Resorts,3,450.0,0.15,0,0.013386917827664779
mobile,iOS,Chrome,"42.9393,-109.6379","34.74,-127.0819",0.0,1,0.0,SUB_4,EcoLodge Boutique,2,220.0,0.14,1,0.029312230751356333
mobile,iOS,Chrome,"42.9393,-109.6379","34.74,-127.0819",0.0,0,0.0,SUB_5,Express Stop Motel,1,-99.0,0.08,0,0.013386917827664779
mobile,iOS,Safari,"45.7397,-84.3382","47.7465,-101.3648",1.0,0,0.0,SUB_1,BudgetInns Global,1,85.0,0.1,1,0.06913842034334684
mobile,iOS,Safari,"45.7397,-84.3382","47.7465,-101.3648",1.0,0,0.0,SUB_2,Urban Stay Suites,2,180.0,0.12,1,0.06913842034334684
mobile,iOS,Safari,"45.7397,-84.3382","47.7465,-101.3648",1.0,0,0.0,SUB_3,Grand Horizon Resorts,3,450.0,0.15,0,0.03229546469845053
mobile,iOS,Safari,"45.7397,-84.3382","47.7465,-101.3648",1.0,0,0.0,SUB_4,EcoLodge Boutique,2,220.0,0.14,1,0.06913842034334684
mobile,iOS,Safari,"45.7397,-84.3382","47.7465,-101.3648",1.0,0,0.0,SUB_5,Express Stop Motel,1,-99.0,0.08,0,0.03229546469845053
desktop,Linux,Chrome,"26.014,-100.669","21.5603,-116.0545",0.0,0,0.0,SUB_1,BudgetInns Global,1,85.0,0.1,1,0.029312230751356333
desktop,Linux,Chrome,"26.014,-100.669","21.5603,-116.0545",0.0,0,0.0,SUB_2,Urban Stay Suites,2,180.0,0.12,1,0.029312230751356333
desktop,Linux,Chrome,"26.014,-100.669","21.5603,-116.0545",0.0,0,0.0,SUB_3,Grand Horizon Resorts,3,450.0,0.15,0,0.029312230751356333
desktop,Linux,Chrome,"26.014,-100.669","21.5603,-116.0545",0.0,0,0.0,SUB_4,EcoLodge Boutique,2,220.0,0.14,1,0.029312230751356333
desktop,Linux,Chrome,"26.014,-100.669","21.5603,-116.0545",0.0,0,0.0,SUB_5,Express Stop Motel,1,-99.0,0.08,0,0.029312230751356333
mobile,Android,Chrome,"46.7899,-86.8758","50.1012,-72.0885",0.0,0,0.0,SUB_1,BudgetInns Global,1,85.0,0.1,1,0.029312230751356333
mobile,Android,Chrome,"46.7899,-86.8758","50.1012,-72.0885",0.0,0,0.0,SUB_2,Urban Stay Suites,2,180.0,0.12,1,0.029312230751356333
mobile,Android,Chrome,"46.7899,-86.8758","50.1012,-72.0885",0.0,0,0.0,SUB_3,Grand Horizon Resorts,3,450.0,0.15,0,0.013386917827664779
mobile,Android,Chrome,"46.7899,-86.8758","50.1012,-72.0885",0.0,0,0.0,SUB_4,EcoLodge Boutique,2,220.0,0.14,1,0.029312230751356333
mobile,Android,Chrome,"46.7899,-86.8758","50.1012,-72.0885",0.0,0,0.0,SUB_5,Express Stop Motel,1,-99.0,0.08,0,0.013386917827664779
mobile,Android,Samsung Internet,"31.4174,-102.6519","17.1407,-103.7628",0.0,0,0.0,SUB_1,BudgetInns Global,1,85.0,0.1,1,0.029312230751356333
mobile,Android,Samsung Internet,"31.4174,-102.6519","17.1407,-103.7628",0.0,0,0.0,SUB_2,Urban Stay Suites,2,180.0,0.12,1,0.029312230751356333
mobile,Android,Samsung Internet,"31.4174,-102.6519","17.1407,-103.7628",0.0,0,0.0,SUB_3,Grand Horizon Resorts,3,450.0,0.15,0,0.013386917827664779
mobile,Android,Samsung Internet,"31.4174,-102.6519","17.1407,-103.7628",0.0,0,0.0,SUB_4,EcoLodge Boutique,2,220.0,0.14,1,0.029312230751356333
mobile,Android,Samsung Internet,"31.4174,-102.6519","17.1407,-103.7628",0.0,0,0.0,SUB_5,Express Stop Motel,1,-99.0,0.08,0,0.013386917827664779
desktop,Linux,Chrome,"41.6323,-100.4622","30.1261,-91.9469",0.0,0,1.0,SUB_1,BudgetInns Global,1,85.0,0.1,1,0.045217473483287515
desktop,Linux,Chrome,"41.6323,-100.4622","30.1261,-91.9469",0.0,0,1.0,SUB_2,Urban Stay Suites,2,180.0,0.12,1,0.045217473483287515
desktop,Linux,Chrome,"41.6323,-100.4622","30.1261,-91.9469",0.0,0,1.0,SUB_3,Grand Horizon Resorts,3,450.0,0.15,0,0.045217473483287515
desktop,Linux,Chrome,"41.6323,-100.4622","30.1261,-91.9469",0.0,0,1.0,SUB_4,EcoLodge Boutique,2,220.0,0.14,1,0.045217473483287515
desktop,Linux,Chrome,"41.6323,-100.4622","30.1261,-91.9469",0.0,0,1.0,SUB_5,Express Stop Motel,1,-99.0,0.08,0,0.045217473483287515
mobile,Android,Samsung Internet,"45.0089,-112.0661","33.8218,-116.3497",0.0,0,0.0,SUB_1,BudgetInns Global,1,85.0,0.1,1,0.029312230751356333
mobile,Android,Samsung Internet,"45.0089,-112.0661","33.8218,-116.3497",0.0,0,0.0,SUB_2,Urban Stay Suites,2,180.0,0.12,1,0.029312230751356333
mobile,Android,Samsung Internet,"45.0089,-112.0661","33.8218,-116.3497",0.0,0,0.0,SUB_3,Grand Horizon Resorts,3,450.0,0.15,0,0.013386917827664779
mobile,Android,Samsung Internet,"45.0089,-112.0661","33.8218,-116.3497",0.0,0,0.0,SUB_4,EcoLodge Boutique,2,220.0,0.14,1,0.029312230751356333
mobile,Android,Samsung Internet,"45.0089,-112.0661","33.8218,-116.3497",0.0,0,0.0,SUB_5,Express Stop Motel,1,-99.0,0.08,0,0.013386917827664779
tablet,Android,Samsung Internet,"41.5666,-107.0884","32.2451,-116.74",0.0,0,1.0,SUB_1,BudgetInns Global,1,85.0,0.1,1,0.045217473483287515
tablet,Android,Samsung Internet,"41.5666,-107.0884","32.2451,-116.74",0.0,0,1.0,SUB_2,Urban Stay Suites,2,180.0,0.12,1,0.045217473483287515
tablet,Android,Samsung Internet,"41.5666,-107.0884","32.2451,-116.74",0.0,1,1.0,SUB_3,Grand Horizon Resorts,3,450.0,0.15,0,0.045217473483287515
tablet,Android,Samsung Internet,"41.5666,-107.0884","32.2451,-116.74",0.0,0,1.0,SUB_4,EcoLodge Boutique,2,220.0,0.14,1,0.045217473483287515
tablet,Android,Samsung Internet,"41.5666,-107.0884","32.2451,-116.74",0.0,0,1.0,SUB_5,Express Stop Motel,1,-99.0,0.08,0,0.045217473483287515
tablet,iOS,Chrome,"27.3071,-89.7294","26.087,-95.8417",1.0,0,0.0,SUB_1,BudgetInns Global,1,85.0,0.1,1,0.03916572279676437
tablet,iOS,Chrome,"27.3071,-89.7294","26.087,-95.8417",1.0,0,0.0,SUB_2,Urban Stay Suites,2,180.0,0.12,1,0.03916572279676437
tablet,iOS,Chrome,"27.3071,-89.7294","26.087,-95.8417",1.0,0,0.0,SUB_3,Grand Horizon Resorts,3,450.0,0.15,0,0.03916572279676437
tablet,iOS,Chrome,"27.3071,-89.7294","26.087,-95.8417",1.0,0,0.0,SUB_4,EcoLodge Boutique,2,220.0,0.14,1,0.03916572279676437
tablet,iOS,Chrome,"27.3071,-89.7294","26.087,-95.8417",1.0,0,0.0,SUB_5,Express Stop Motel,1,-99.0,0.08,0,0.03916572279676437
tablet,iOS,Chrome,INVALID_COORD,"47.4719,-86.5745",1.0,0,1.0,SUB_1,BudgetInns Global,1,85.0,0.1,1,0.060086650174007654
tablet,iOS,Chrome,INVALID_COORD,"47.4719,-86.5745",1.0,0,1.0,SUB_2,Urban Stay Suites,2,180.0,0.12,1,0.060086650174007654
tablet,iOS,Chrome,INVALID_COORD,"47.4719,-86.5745",1.0,0,1.0,SUB_3,Grand Horizon Resorts,3,450.0,0.15,0,0.060086650174007654
tablet,iOS,Chrome,INVALID_COORD,"47.4719,-86.5745",1.0,0,1.0,SUB_4,EcoLodge Boutique,2,220.0,0.14,1,0.060086650174007654
tablet,iOS,Chrome,INVALID_COORD,"47.4719,-86.5745",1.0,0,1.0,SUB_5,Express Stop Motel,1,-99.0,0.08,0,0.060086650174007654
mobile,Android,Chrome,"38.7396,-81.2849","50.9058,-76.2763",0.0,0,0.0,SUB_1,BudgetInns Global,1,85.0,0.1,1,0.029312230751356333
mobile,Android,Chrome,"38.7396,-81.2849","50.9058,-76.2763",0.0,0,0.0,SUB_2,Urban Stay Suites,2,180.0,0.12,1,0.029312230751356333
mobile,Android,Chrome,"38.7396,-81.2849","50.9058,-76.2763",0.0,0,0.0,SUB_3,Grand Horizon Resorts,3,450.0,0.15,0,0.013386917827664779
mobile,Android,Chrome,"38.7396,-81.2849","50.9058,-76.2763",0.0,0,0.0,SUB_4,EcoLodge Boutique,2,220.0,0.14,1,0.029312230751356333
mobile,Android,Chrome,"38.7396,-81.2849","50.9058,-76.2763",0.0,0,0.0,SUB_5,Express Stop Motel,1,-99.0,0.08,0,0.013386917827664779
mobile,Android,Samsung Internet,"47.508,-77.3708","57.5692,-59.8652",0.0,0,0.0,SUB_1,BudgetInns Global,1,85.0,0.1,1,0.029312230751356333
mobile,Android,Samsung Internet,"47.508,-77.3708","57.5692,-59.8652",0.0,0,0.0,SUB_2,Urban Stay Suites,2,180.0,0.12,1,0.029312230751356333
mobile,Android,Samsung Internet,"47.508,-77.3708","57.5692,-59.8652",0.0,0,0.0,SUB_3,Grand Horizon Resorts,3,450.0,0.15,0,0.013386917827664779
mobile,Android,Samsung Internet,"47.508,-77.3708","57.5692,-59.8652",0.0,0,0.0,SUB_4,EcoLodge Boutique,2,220.0,0.14,1,0.029312230751356333
mobile,Android,Samsung Internet,"47.508,-77.3708","57.5692,-59.8652",0.0,0,0.0,SUB_5,Express Stop Motel,1,-99.0,0.08,0,0.013386917827664779
tablet,Android,Chrome,"35.106,-92.9177","26.0126,-85.7295",0.0,0,0.0,SUB_1,BudgetInns Global,1,85.0,0.1,1,0.029312230751356333
tablet,Android,Chrome,"35.106,-92.9177","26.0126,-85.7295",0.0,0,0.0,SUB_2,Urban Stay Suites,2,180.0,0.12,1,0.029312230751356333
tablet,Android,Chrome,"35.106,-92.9177","26.0126,-85.7295",0.0,0,0.0,SUB_3,Grand Horizon Resorts,3,450.0,0.15,0,0.029312230751356333
tablet,Android,Chrome,"35.106,-92.9177","26.0126,-85.7295",0.0,0,0.0,SUB_4,EcoLodge Boutique,2,220.0,0.14,1,0.029312230751356333
tablet,Android,Chrome,"35.106,-92.9177","26.0126,-85.7295",0.0,0,0.0,SUB_5,Express Stop Motel,1,-99.0,0.08,0,0.029312230751356333
mobile,Android,,"33.027,-82.0866","31.2615,-79.2793",0.0,0,0.0,SUB_1,BudgetInns Global,1,85.0,0.1,1,0.016302499371440946
mobile,Android,,"33.027,-82.0866","31.2615,-79.2793",0.0,0,0.0,SUB_2,Urban Stay Suites,2,180.0,0.12,1,0.016302499371440946
mobile,Android,,"33.027,-82.0866","31.2615,-79.2793",0.0,0,0.0,SUB_3,Grand Horizon Resorts,3,450.0,0.15,0,0.007391541344281977
mobile,Android,,"33.027,-82.0866","31.2615,-79.2793",0.0,0,0.0,SUB_4,EcoLodge Boutique,2,220.0,0.14,1,0.016302499371440946
mobile,Android,,"33.027,-82.0866","31.2615,-79.2793",0.0,0,0.0,SUB_5,Express Stop Motel,1,-99.0,0.08,0,0.007391541344281977
tablet,iOS,,"43.7463,-104.6548","34.7286,-100.247",1.0,0,0.0,SUB_1,BudgetInns Global,1,85.0,0.1,1,0.06913842034334684
tablet,iOS,,"43.7463,-104.6548","34.7286,-100.247",1.0,0,0.0,SUB_2,Urban Stay Suites,2,180.0,0.12,1,0.06913842034334684
tablet,iOS,,"43.7463,-104.6548","34.7286,-100.247",1.0,0,0.0,SUB_3,Grand Horizon Resorts,3,450.0,0.15,0,0.06913842034334684
tablet,iOS,,"43.7463,-104.6548","34.7286,-100.247",1.0,0,0.0,SUB_4,EcoLodge Boutique,2,220.0,0.14,1,0.06913842034334684
tablet,iOS,,"43.7463,-104.6548","34.7286,-100.247",1.0,0,0.0,SUB_5,Express Stop Motel,1,-99.0,0.08,0,0.06913842034334684
tablet,Android,Chrome,"35.3169,-99.2514","28.2511,-81.5565",1.0,0,0.0,SUB_1,BudgetInns Global,1,85.0,0.1,1,0.06913842034334684
tablet,Android,Chrome,"35.3169,-99.2514","28.2511,-81.5565",1.0,0,0.0,SUB_2,Urban Stay Suites,2,180.0,0.12,1,0.06913842034334684
tablet,Android,Chrome,"35.3169,-99.2514","28.2511,-81.5565",1.0,0,0.0,SUB_3,Grand Horizon Resorts,3,450.0,0.15,0,0.06913842034334684
tablet,Android,Chrome,"35.3169,-99.2514","28.2511,-81.5565",1.0,0,0.0,SUB_4,EcoLodge Boutique,2,220.0,0.14,1,0.06913842034334684
tablet,Android,Chrome,"35.3169,-99.2514","28.2511,-81.5565",1.0,1,0.0,SUB_5,Express Stop Motel,1,-99.0,0.08,0,0.06913842034334684
desktop,Windows,Firefox,"41.1524,-84.3611","41.2588,-72.8331",1.0,0,0.0,SUB_1,BudgetInns Global,1,85.0,0.1,1,0.03916572279676437
desktop,Windows,Firefox,"41.1524,-84.3611","41.2588,-72.8331",1.0,0,0.0,SUB_2,Urban Stay Suites,2,180.0,0.12,1,0.03916572279676437
desktop,Windows,Firefox,"41.1524,-84.3611","41.2588,-72.8331",1.0,0,0.0,SUB_3,Grand Horizon Resorts,3,450.0,0.15,0,0.03916572279676437
desktop,Windows,Firefox,"41.1524,-84.3611","41.2588,-72.8331",1.0,0,0.0,SUB_4,EcoLodge Boutique,2,220.0,0.14,1,0.03916572279676437
desktop,Windows,Firefox,"41.1524,-84.3611","41.2588,-72.8331",1.0,0,0.0,SUB_5,Express Stop Motel,1,-99.0,0.08,0,0.03916572279676437
mobile,Android,Samsung Internet,"41.1613,-100.6894","28.2046,-119.7278",0.0,0,0.0,SUB_1,BudgetInns Global,1,85.0,0.1,1,0.029312230751356333
mobile,Android,Samsung Internet,"41.1613,-100.6894","28.2046,-119.7278",0.0,0,0.0,SUB_2,Urban Stay Suites,2,180.0,0.12,1,0.029312230751356333
mobile,Android,Samsung Internet,"41.1613,-100.6894","28.2046,-119.7278",0.0,0,0.0,SUB_3,Grand Horizon Resorts,3,450.0,0.15,0,0.013386917827664779
mobile,Android,Samsung Internet,"41.1613,-100.6894","28.2046,-119.7278",0.0,0,0.0,SUB_4,EcoLodge Boutique,2,220.0,0.14,1,0.029312230751356333
mobile,Android,Samsung Internet,"41.1613,-100.6894","28.2046,-119.7278",0.0,0,0.0,SUB_5,Express Stop Motel,1,-99.0,0.08,0,0.013386917827664779
mobile,iOS,CHROME_v118,"47.201,-90.5748","38.7462,-89.2092",0.0,0,0.0,SUB_1,BudgetInns Global,1,85.0,0.1,1,0.016302499371440946
mobile,iOS,CHROME_v118,"47.201,-90.5748","38.7462,-89.2092",0.0,0,0.0,SUB_2,Urban Stay Suites,2,180.0,0.12,1,0.016302499371440946
mobile,iOS,CHROME_v118,"47.201,-90.5748","38.7462,-89.2092",0.0,0,0.0,SUB_3,Grand Horizon Resorts,3,450.0,0.15,0,0.007391541344281977
mobile,iOS,CHROME_v118,"47.201,-90.5748","38.7462,-89.2092",0.0,0,0.0,SUB_4,EcoLodge Boutique,2,220.0,0.14,1,0.016302499371440946
mobile,iOS,CHROME_v118,"47.201,-90.5748","38.7462,-89.2092",0.0,0,0.0,SUB_5,Express Stop Motel,1,-99.0,0.08,0,0.007391541344281977
desktop,Windows,Edge,"39.9673,-110.7314","53.0286,-103.1979",0.0,0,0.0,SUB_1,BudgetInns Global,1,85.0,0.1,1,0.029312230751356333
desktop,Windows,Edge,"39.9673,-110.7314","53.0286,-103.1979",0.0,0,0.0,SUB_2,Urban Stay Suites,2,180.0,0.12,1,0.029312230751356333
desktop,Windows,Edge,"39.9673,-110.7314","53.0286,-103.1979",0.0,0,0.0,SUB_3,Grand Horizon Resorts,3,450.0,0.15,0,0.029312230751356333
desktop,Windows,Edge,"39.9673,-110.7314","53.0286,-103.1979",0.0,0,0.0,SUB_4,EcoLodge Boutique,2,220.0,0.14,1,0.029312230751356333
desktop,Windows,Edge,"39.9673,-110.7314","53.0286,-103.1979",0.0,0,0.0,SUB_5,Express Stop Motel,1,-99.0,0.08,0,0.029312230751356333
mobile,iOS,Chrome,"37.5538,-90.0114","36.5373,-80.0635",1.0,0,0.0,SUB_1,BudgetInns Global,1,85.0,0.1,1,0.03916572279676437
mobile,iOS,Chrome,"37.5538,-90.0114","36.5373,-80.0635",1.0,0,0.0,SUB_2,Urban Stay Suites,2,180.0,0.12,1,0.03916572279676437
mobile,iOS,Chrome,"37.5538,-90.0114","36.5373,-80.0635",1.0,0,0.0,SUB_3,Grand Horizon Resorts,3,450.0,0.15,0,0.01798620996209156
mobile,iOS,Chrome,"37.5538,-90.0114","36.5373,-80.0635",1.0,0,0.0,SUB_4,EcoLodge Boutique,2,220.0,0.14,1,0.03916572279676437
mobile,iOS,Chrome,"37.5538,-90.0114","36.5373,-80.0635",1.0,0,0.0,SUB_5,Express Stop Motel,1,-99.0,0.08,0,0.01798620996209156
mobile,Android,Samsung Internet,"28.4718,-76.9243","26.8334,-88.3986",0.0,0,0.0,SUB_1,BudgetInns Global,1,85.0,0.1,1,0.029312230751356333
mobile,Android,Samsung Internet,"28.4718,-76.9243","26.8334,-88.3986",0.0,0,0.0,SUB_2,Urban Stay Suites,2,180.0,0.12,1,0.029312230751356333
mobile,Android,Samsung Internet,"28.4718,-76.9243","26.8334,-88.3986",0.0,0,0.0,SUB_3,Grand Horizon Resorts,3,450.0,0.15,0,0.013386917827664779
mobile,Android,Samsung Internet,"28.4718,-76.9243","26.8334,-88.3986",0.0,0,0.0,SUB_4,EcoLodge Boutique,2,220.0,0.14,1,0.029312230751356333
mobile,Android,Samsung Internet,"28.4718,-76.9243","26.8334,-88.3986",0.0,0,0.0,SUB_5,Express Stop Motel,1,-99.0,0.08,0,0.013386917827664779
desktop,Windows,Edge,"27.8934,-76.568","13.3304,-61.8809",0.0,0,0.0,SUB_1,BudgetInns Global,1,85.0,0.1,1,0.029312230751356333
desktop,Windows,Edge,"27.8934,-76.568","13.3304,-61.8809",0.0,0,0.0,SUB_2,Urban Stay Suites,2,180.0,0.12,1,0.029312230751356333
desktop,Windows,Edge,"27.8934,-76.568","13.3304,-61.8809",0.0,0,0.0,SUB_3,Grand Horizon Resorts,3,450.0,0.15,0,0.029312230751356333
desktop,Windows,Edge,"27.8934,-76.568","13.3304,-61.8809",0.0,1,0.0,SUB_4,EcoLodge Boutique,2,220.0,0.14,1,0.029312230751356333
desktop,Windows,Edge,"27.8934,-76.568","13.3304,-61.8809",0.0,0,0.0,SUB_5,Express Stop Motel,1,-99.0,0.08,0,0.029312230751356333
tablet,Android,Chrome,"28.858,-83.7828","21.28,-65.5491",0.0,0,0.0,SUB_1,BudgetInns Global,1,85.0,0.1,1,0.029312230751356333
tablet,Android,Chrome,"28.858,-83.7828","21.28,-65.5491",0.0,0,0.0,SUB_2,Urban Stay Suites,2,180.0,0.12,1,0.029312230751356333
tablet,Android,Chrome,"28.858,-83.7828","21.28,-65.5491",0.0,0,0.0,SUB_3,Grand Horizon Resorts,3,450.0,0.15,0,0.029312230751356333
tablet,Android,Chrome,"28.858,-83.7828","21.28,-65.5491",0.0,0,0.0,SUB_4,EcoLodge Boutique,2,220.0,0.14,1,0.029312230751356333
tablet,Android,Chrome,"28.858,-83.7828","21.28,-65.5491",0.0,0,0.0,SUB_5,Express Stop Motel,1,-99.0,0.08,0,0.029312230751356333
desktop,macOS,Firefox,"29.2962,-82.7123","40.285,-93.2437",1.0,0,1.0,SUB_1,BudgetInns Global,1,85.0,0.1,1,0.10433122311900135
desktop,macOS,Firefox,"29.2962,-82.7123","40.285,-93.2437",1.0,0,1.0,SUB_2,Urban Stay Suites,2,180.0,0.12,1,0.10433122311900135
desktop,macOS,Firefox,"29.2962,-82.7123","40.285,-93.2437",1.0,0,1.0,SUB_3,Grand Horizon Resorts,3,450.0,0.15,0,0.19000156601531307
desktop,macOS,Firefox,"29.2962,-82.7123","40.285,-93.2437",1.0,0,1.0,SUB_4,EcoLodge Boutique,2,220.0,0.14,1,0.10433122311900135
desktop,macOS,Firefox,"29.2962,-82.7123","40.285,-93.2437",1.0,0,1.0,SUB_5,Express Stop Motel,1,-99.0,0.08,0,0.10433122311900135
desktop,Windows,Firefox,"40.9469,-92.1036","30.8858,-76.799",0.0,0,0.0,SUB_1,BudgetInns Global,1,85.0,0.1,1,0.029312230751356333
desktop,Windows,Firefox,"40.9469,-92.1036","30.8858,-76.799",0.0,0,0.0,SUB_2,Urban Stay Suites,2,180.0,0.12,1,0.029312230751356333
desktop,Windows,Firefox,"40.9469,-92.1036","30.8858,-76.799",0.0,0,0.0,SUB_3,Grand Horizon Resorts,3,450.0,0.15,0,0.029312230751356333
desktop,Windows,Firefox,"40.9469,-92.1036","30.8858,-76.799",0.0,0,0.0,SUB_4,EcoLodge Boutique,2,220.0,0.14,1,0.029312230751356333
desktop,Windows,Firefox,"40.9469,-92.1036","30.8858,-76.799",0.0,0,0.0,SUB_5,Express Stop Motel,1,-99.0,0.08,0,0.029312230751356333
mobile,iOS,Safari,"43.5245,-90.7666","40.9782,-106.8874",0.0,0,0.0,SUB_1,BudgetInns Global,1,85.0,0.1,1,0.029312230751356333
mobile,iOS,Safari,"43.5245,-90.7666","40.9782,-106.8874",0.0,0,0.0,SUB_2,Urban Stay Suites,2,180.0,0.12,1,0.029312230751356333
mobile,iOS,Safari,"43.5245,-90.7666","40.9782,-106.8874",0.0,0,0.0,SUB_3,Grand Horizon Resorts,3,450.0,0.15,0,0.013386917827664779
mobile,iOS,Safari,"43.5245,-90.7666","40.9782,-106.8874",0.0,0,0.0,SUB_4,EcoLodge Boutique,2,220.0,0.14,1,0.029312230751356333
mobile,iOS,Safari,"43.5245,-90.7666","40.9782,-106.8874",0.0,0,0.0,SUB_5,Express Stop Motel,1,-99.0,0.08,0,0.013386917827664779
desktop,macOS,Chrome,"38.2498,-113.3175","23.6797,-131.0892",1.0,0,0.0,SUB_1,BudgetInns Global,1,85.0,0.1,1,0.06913842034334684
desktop,macOS,Chrome,"38.2498,-113.3175","23.6797,-131.0892",1.0,0,0.0,SUB_2,Urban Stay Suites,2,180.0,0.12,1,0.06913842034334684
desktop,macOS,Chrome,"38.2498,-113.3175","23.6797,-131.0892",1.0,0,0.0,SUB_3,Grand Horizon Resorts,3,450.0,0.15,0,0.13010847436299788
desktop,macOS,Chrome,"38.2498,-113.3175","23.6797,-131.0892",1.0,0,0.0,SUB_4,EcoLodge Boutique,2,220.0,0.14,1,0.06913842034334684
desktop,macOS,Chrome,"38.2498,-113.3175","23.6797,-131.0892",1.0,0,0.0,SUB_5,Express Stop Motel,1,-99.0,0.08,0,0.06913842034334684
tablet,iOS,Safari,"45.7254,-97.807","45.0755,-112.638",1.0,0,0.0,SUB_1,BudgetInns Global,1,85.0,0.1,1,0.06913842034334684
tablet,iOS,Safari,"45.7254,-97.807","45.0755,-112.638",1.0,0,0.0,SUB_2,Urban Stay Suites,2,180.0,0.12,1,0.06913842034334684
tablet,iOS,Safari,"45.7254,-97.807","45.0755,-112.638",1.0,0,0.0,SUB_3,Grand Horizon Resorts,3,450.0,0.15,0,0.06913842034334684
tablet,iOS,Safari,"45.7254,-97.807","45.0755,-112.638",1.0,0,0.0,SUB_4,EcoLodge Boutique,2,220.0,0.14,1,0.06913842034334684
tablet,iOS,Safari,"45.7254,-97.807","45.0755,-112.638",1.0,0,0.0,SUB_5,Express Stop Motel,1,-99.0,0.08,0,0.06913842034334684
mobile,Android,Chrome,"49.7816,-97.4612","35.4122,-115.1516",0.0,0,0.0,SUB_1,BudgetInns Global,1,85.0,0.1,1,0.029312230751356333
mobile,Android,Chrome,"49.7816,-97.4612","35.4122,-115.1516",0.0,0,0.0,SUB_2,Urban Stay Suites,2,180.0,0.12,1,0.029312230751356333
mobile,Android,Chrome,"49.7816,-97.4612","35.4122,-115.1516",0.0,0,0.0,SUB_3,Grand Horizon Resorts,3,450.0,0.15,0,0.013386917827664779
mobile,Android,Chrome,"49.7816,-97.4612","35.4122,-115.1516",0.0,0,0.0,SUB_4,EcoLodge Boutique,2,220.0,0.14,1,0.029312230751356333
mobile,Android,Chrome,"49.7816,-97.4612","35.4122,-115.1516",0.0,0,0.0,SUB_5,Express Stop Motel,1,-99.0,0.08,0,0.013386917827664779
mobile,Android,Chrome,"45.5003,-72.0751","55.0886,-58.2746",0.0,0,0.0,SUB_1,BudgetInns Global,1,85.0,0.1,1,0.029312230751356333
mobile,Android,Chrome,"45.5003,-72.0751","55.0886,-58.2746",0.0,0,0.0,SUB_2,Urban Stay Suites,2,180.0,0.12,1,0.029312230751356333
mobile,Android,Chrome,"45.5003,-72.0751","55.0886,-58.2746",0.0,0,0.0,SUB_3,Grand Horizon Resorts,3,450.0,0.15,0,0.013386917827664779
mobile,Android,Chrome,"45.5003,-72.0751","55.0886,-58.2746",0.0,0,0.0,SUB_4,EcoLodge Boutique,2,220.0,0.14,1,0.029312230751356333
mobile,Android,Chrome,"45.5003,-72.0751","55.0886,-58.2746",0.0,0,0.0,SUB_5,Express Stop Motel,1,-99.0,0.08,0,0.013386917827664779
desktop,macOS,Chrome,"42.3721,-98.4457","52.1177,-116.0837",1.0,0,0.0,SUB_1,BudgetInns Global,1,85.0,0.1,1,0.06913842034334684
desktop,macOS,Chrome,"42.3721,-98.4457","52.1177,-116.0837",1.0,0,0.0,SUB_2,Urban Stay Suites,2,180.0,0.12,1,0.06913842034334684
desktop,macOS,Chrome,"42.3721,-98.4457","52.1177,-116.0837",1.0,0,0.0,SUB_3,Grand Horizon Resorts,3,450.0,0.15,0,0.13010847436299788
desktop,macOS,Chrome,"42.3721,-98.4457","52.1177,-116.0837",1.0,0,0.0,SUB_4,EcoLodge Boutique,2,220.0,0.14,1,0.06913842034334684
desktop,macOS,Chrome,"42.3721,-98.4457","52.1177,-116.0837",1.0,0,0.0,SUB_5,Express Stop Motel,1,-99.0,0.08,0,0.06913842034334684
desktop,Linux,Chrome,"38.3123,-92.5329","46.9446,-101.6663",1.0,0,0.0,SUB_1,BudgetInns Global,1,85.0,0.1,1,0.06913842034334684
desktop,Linux,Chrome,"38.3123,-92.5329","46.9446,-101.6663",1.0,1,0.0,SUB_2,Urban Stay Suites,2,180.0,0.12,1,0.06913842034334684
desktop,Linux,Chrome,"38.3123,-92.5329","46.9446,-101.6663",1.0,0,0.0,SUB_3,Grand Horizon Resorts,3,450.0,0.15,0,0.06913842034334684
desktop,Linux,Chrome,"38.3123,-92.5329","46.9446,-101.6663",1.0,1,0.0,SUB_4,EcoLodge Boutique,2,220.0,0.14,1,0.06913842034334684
desktop,Linux,Chrome,"38.3123,-92.5329","46.9446,-101.6663",1.0,0,0.0,SUB_5,Express Stop Motel,1,-99.0,0.08,0,0.06913842034334684
desktop,Windows,,"36.2213,-93.3374","29.7222,-109.1871",0.0,0,0.0,SUB_1,BudgetInns Global,1,85.0,0.1,1,0.029312230751356333
desktop,Windows,,"36.2213,-93.3374","29.7222,-109.1871",0.0,0,0.0,SUB_2,Urban Stay Suites,2,180.0,0.12,1,0.029312230751356333
desktop,Windows,,"36.2213,-93.3374","29.7222,-109.1871",0.0,0,0.0,SUB_3,Grand Horizon Resorts,3,450.0,0.15,0,0.029312230751356333
desktop,Windows,,"36.2213,-93.3374","29.7222,-109.1871",0.0,0,0.0,SUB_4,EcoLodge Boutique,2,220.0,0.14,1,0.029312230751356333
desktop,Windows,,"36.2213,-93.3374","29.7222,-109.1871",0.0,0,0.0,SUB_5,Express Stop Motel,1,-99.0,0.08,0,0.029312230751356333
desktop,Windows,Edge,"27.1098,-88.1619","37.2269,-96.345",0.0,0,0.0,SUB_1,BudgetInns Global,1,85.0,0.1,1,0.029312230751356333
desktop,Windows,Edge,"27.1098,-88.1619","37.2269,-96.345",0.0,0,0.0,SUB_2,Urban Stay Suites,2,180.0,0.12,1,0.029312230751356333
desktop,Windows,Edge,"27.1098,-88.1619","37.2269,-96.345",0.0,0,0.0,SUB_3,Grand Horizon Resorts,3,450.0,0.15,0,0.029312230751356333
desktop,Windows,Edge,"27.1098,-88.1619","37.2269,-96.345",0.0,0,0.0,SUB_4,EcoLodge Boutique,2,220.0,0.14,1,0.029312230751356333
desktop,Windows,Edge,"27.1098,-88.1619","37.2269,-96.345",0.0,0,0.0,SUB_5,Express Stop Motel,1,-99.0,0.08,0,0.029312230751356333
mobile,iOS,Chrome,"34.9842,-82.5884","36.2741,-98.966",0.0,1,0.0,SUB_1,BudgetInns Global,1,85.0,0.1,1,0.029312230751356333
mobile,iOS,Chrome,"34.9842,-82.5884","36.2741,-98.966",0.0,0,0.0,SUB_2,Urban Stay Suites,2,180.0,0.12,1,0.029312230751356333
mobile,iOS,Chrome,"34.9842,-82.5884","36.2741,-98.966",0.0,0,0.0,SUB_3,Grand Horizon Resorts,3,450.0,0.15,0,0.013386917827664779
mobile,iOS,Chrome,"34.9842,-82.5884","36.2741,-98.966",0.0,0,0.0,SUB_4,EcoLodge Boutique,2,220.0,0.14,1,0.029312230751356333
mobile,iOS,Chrome,"34.9842,-82.5884","36.2741,-98.966",0.0,1,0.0,SUB_5,Express Stop Motel,1,-99.0,0.08,0,0.013386917827664779
mobile,Android,Chrome,"47.7534,-108.7479","43.9676,-102.0278",1.0,0,0.0,SUB_1,BudgetInns Global,1,85.0,0.1,1,0.03916572279676437
mobile,Android,Chrome,"47.7534,-108.7479","43.9676,-102.0278",1.0,0,0.0,SUB_2,Urban Stay Suites,2,180.0,0.12,1,0.03916572279676437
mobile,Android,Chrome,"47.7534,-108.7479","43.9676,-102.0278",1.0,0,0.0,SUB_3,Grand Horizon Resorts,3,450.0,0.15,0,0.01798620996209156
mobile,Android,Chrome,"47.7534,-108.7479","43.9676,-102.0278",1.0,0,0.0,SUB_4,EcoLodge Boutique,2,220.0,0.14,1,0.03916572279676437
mobile,Android,Chrome,"47.7534,-108.7479","43.9676,-102.0278",1.0,0,0.0,SUB_5,Express Stop Motel,1,-99.0,0.08,0,0.01798620996209156
desktop,Linux,Firefox,"45.2006,-93.5638","48.9605,-108.2307",0.0,0,0.0,SUB_1,BudgetInns Global,1,85.0,0.1,1,0.029312230751356333
desktop,Linux,Firefox,"45.2006,-93.5638","48.9605,-108.2307",0.0,0,0.0,SUB_2,Urban Stay Suites,2,180.0,0.12,1,0.029312230751356333
desktop,Linux,Firefox,"45.2006,-93.5638","48.9605,-108.2307",0.0,0,0.0,SUB_3,Grand Horizon Resorts,3,450.0,0.15,0,0.029312230751356333
desktop,Linux,Firefox,"45.2006,-93.5638","48.9605,-108.2307",0.0,0,0.0,SUB_4,EcoLodge Boutique,2,220.0,0.14,1,0.029312230751356333
desktop,Linux,Firefox,"45.2006,-93.5638","48.9605,-108.2307",0.0,0,0.0,SUB_5,Express Stop Motel,1,-99.0,0.08,0,0.029312230751356333
desktop,Windows,Chrome,"30.4013,-78.7041","15.7715,-64.6303",0.0,0,0.0,SUB_1,BudgetInns Global,1,85.0,0.1,1,0.029312230751356333
desktop,Windows,Chrome,"30.4013,-78.7041","15.7715,-64.6303",0.0,0,0.0,SUB_2,Urban Stay Suites,2,180.0,0.12,1,0.029312230751356333
desktop,Windows,Chrome,"30.4013,-78.7041","15.7715,-64.6303",0.0,0,0.0,SUB_3,Grand Horizon Resorts,3,450.0,0.15,0,0.029312230751356333
desktop,Windows,Chrome,"30.4013,-78.7041","15.7715,-64.6303",0.0,0,0.0,SUB_4,EcoLodge Boutique,2,220.0,0.14,1,0.029312230751356333
desktop,Windows,Chrome,"30.4013,-78.7041","15.7715,-64.6303",0.0,0,0.0,SUB_5,Express Stop Motel,1,-99.0,0.08,0,0.029312230751356333
desktop,Linux,Chrome,"36.6652,-96.8443","25.954,-84.1567",0.0,0,0.0,SUB_1,BudgetInns Global,1,85.0,0.1,1,0.029312230751356333
desktop,Linux,Chrome,"36.6652,-96.8443","25.954,-84.1567",0.0,0,0.0,SUB_2,Urban Stay Suites,2,180.0,0.12,1,0.029312230751356333
desktop,Linux,Chrome,"36.6652,-96.8443","25.954,-84.1567",0.0,0,0.0,SUB_3,Grand Horizon Resorts,3,450.0,0.15,0,0.029312230751356333
desktop,Linux,Chrome,"36.6652,-96.8443","25.954,-84.1567",0.0,0,0.0,SUB_4,EcoLodge Boutique,2,220.0,0.14,1,0.029312230751356333
desktop,Linux,Chrome,"36.6652,-96.8443","25.954,-84.1567",0.0,0,0.0,SUB_5,Express Stop Motel,1,-99.0,0.08,0,0.029312230751356333
tablet,iOS,Chrome,"45.4181,-106.0771","52.6869,-125.5306",1.0,1,0.0,SUB_1,BudgetInns Global,1,85.0,0.1,1,0.06913842034334684
tablet,iOS,Chrome,"45.4181,-106.0771","52.6869,-125.5306",1.0,0,0.0,SUB_2,Urban Stay Suites,2,180.0,0.12,1,0.06913842034334684
tablet,iOS,Chrome,"45.4181,-106.0771","52.6869,-125.5306",1.0,0,0.0,SUB_3,Grand Horizon Resorts,3,450.0,0.15,0,0.06913842034334684
tablet,iOS,Chrome,"45.4181,-106.0771","52.6869,-125.5306",1.0,0,0.0,SUB_4,EcoLodge Boutique,2,220.0,0.14,1,0.06913842034334684
tablet,iOS,Chrome,"45.4181,-106.0771","52.6869,-125.5306",1.0,0,0.0,SUB_5,Express Stop Motel,1,-99.0,0.08,0,0.06913842034334684
mobile,Android,Samsung Internet,"26.6846,-87.2645","19.0094,-71.4354",0.0,0,0.0,SUB_1,BudgetInns Global,1,85.0,0.1,1,0.029312230751356333
mobile,Android,Samsung Internet,"26.6846,-87.2645","19.0094,-71.4354",0.0,0,0.0,SUB_2,Urban Stay Suites,2,180.0,0.12,1,0.029312230751356333
mobile,Android,Samsung Internet,"26.6846,-87.2645","19.0094,-71.4354",0.0,0,0.0,SUB_3,Grand Horizon Resorts,3,450.0,0.15,0,0.013386917827664779
mobile,Android,Samsung Internet,"26.6846,-87.2645","19.0094,-71.4354",0.0,0,0.0,SUB_4,EcoLodge Boutique,2,220.0,0.14,1,0.029312230751356333
mobile,Android,Samsung Internet,"26.6846,-87.2645","19.0094,-71.4354",0.0,0,0.0,SUB_5,Express Stop Motel,1,-99.0,0.08,0,0.013386917827664779
mobile,iOS,Chrome,"34.6848,-78.8116","37.6251,-97.6538",0.0,0,0.0,SUB_1,BudgetInns Global,1,85.0,0.1,1,0.029312230751356333
mobile,iOS,Chrome,"34.6848,-78.8116","37.6251,-97.6538",0.0,0,0.0,SUB_2,Urban Stay Suites,2,180.0,0.12,1,0.029312230751356333
mobile,iOS,Chrome,"34.6848,-78.8116","37.6251,-97.6538",0.0,0,0.0,SUB_3,Grand Horizon Resorts,3,450.0,0.15,0,0.013386917827664779
mobile,iOS,Chrome,"34.6848,-78.8116","37.6251,-97.6538",0.0,0,0.0,SUB_4,EcoLodge Boutique,2,220.0,0.14,1,0.029312230751356333
mobile,iOS,Chrome,"34.6848,-78.8116","37.6251,-97.6538",0.0,0,0.0,SUB_5,Express Stop Motel,1,-99.0,0.08,0,0.013386917827664779
desktop,Windows,Chrome,"46.296,-116.843","42.8491,-127.2572",0.0,0,0.0,SUB_1,BudgetInns Global,1,85.0,0.1,1,0.016302499371440946
desktop,Windows,Chrome,"46.296,-116.843","42.8491,-127.2572",0.0,0,0.0,SUB_2,Urban Stay Suites,2,180.0,0.12,1,0.016302499371440946
desktop,Windows,Chrome,"46.296,-116.843","42.8491,-127.2572",0.0,0,0.0,SUB_3,Grand Horizon Resorts,3,450.0,0.15,0,0.016302499371440946
desktop,Windows,Chrome,"46.296,-116.843","42.8491,-127.2572",0.0,0,0.0,SUB_4,EcoLodge Boutique,2,220.0,0.14,1,0.016302499371440946
desktop,Windows,Chrome,"46.296,-116.843","42.8491,-127.2572",0.0,0,0.0,SUB_5,Express Stop Motel,1,-99.0,0.08,0,0.016302499371440946
desktop,Linux,Firefox,"35.0974,-81.1605","45.7416,-99.8649",0.0,0,0.0,SUB_1,BudgetInns Global,1,85.0,0.1,1,0.029312230751356333
desktop,Linux,Firefox,"35.0974,-81.1605","45.7416,-99.8649",0.0,0,0.0,SUB_2,Urban Stay Suites,2,180.0,0.12,1,0.029312230751356333
desktop,Linux,Firefox,"35.0974,-81.1605","45.7416,-99.8649",0.0,0,0.0,SUB_3,Grand Horizon Resorts,3,450.0,0.15,0,0.029312230751356333
desktop,Linux,Firefox,"35.0974,-81.1605","45.7416,-99.8649",0.0,0,0.0,SUB_4,EcoLodge Boutique,2,220.0,0.14,1,0.029312230751356333
desktop,Linux,Firefox,"35.0974,-81.1605","45.7416,-99.8649",0.0,1,0.0,SUB_5,Express Stop Motel,1,-99.0,0.08,0,0.029312230751356333
desktop,Windows,Edge,"26.9404,-78.9176","999.9999,-800.0000",0.0,0,0.0,SUB_1,BudgetInns Global,1,85.0,0.1,1,0.029312230751356333
desktop,Windows,Edge,"26.9404,-78.9176","999.9999,-800.0000",0.0,0,0.0,SUB_2,Urban Stay Suites,2,180.0,0.12,1,0.029312230751356333
desktop,Windows,Edge,"26.9404,-78.9176","999.9999,-800.0000",0.0,0,0.0,SUB_3,Grand Horizon Resorts,3,450.0,0.15,0,0.029312230751356333
desktop,Windows,Edge,"26.9404,-78.9176","999.9999,-800.0000",0.0,0,0.0,SUB_4,EcoLodge Boutique,2,220.0,0.14,1,0.029312230751356333
desktop,Windows,Edge,"26.9404,-78.9176","999.9999,-800.0000",0.0,0,0.0,SUB_5,Express Stop Motel,1,-99.0,0.08,0,0.029312230751356333
desktop,Windows,Edge,"38.5634,-96.9239","50.0703,-96.3692",0.0,0,0.0,SUB_1,BudgetInns Global,1,85.0,0.1,1,0.029312230751356333
desktop,Windows,Edge,"38.5634,-96.9239","50.0703,-96.3692",0.0,0,0.0,SUB_2,Urban Stay Suites,2,180.0,0.12,1,0.029312230751356333
desktop,Windows,Edge,"38.5634,-96.9239","50.0703,-96.3692",0.0,0,0.0,SUB_3,Grand Horizon Resorts,3,450.0,0.15,0,0.029312230751356333
desktop,Windows,Edge,"38.5634,-96.9239","50.0703,-96.3692",0.0,0,0.0,SUB_4,EcoLodge Boutique,2,220.0,0.14,1,0.029312230751356333
desktop,Windows,Edge,"38.5634,-96.9239","50.0703,-96.3692",0.0,0,0.0,SUB_5,Express Stop Motel,1,-99.0,0.08,0,0.029312230751356333
desktop,Windows,Chrome,"46.5436,-70.8347","39.6622,-58.9689",0.0,0,0.0,SUB_1,BudgetInns Global,1,85.0,0.1,1,0.029312230751356333
desktop,Windows,Chrome,"46.5436,-70.8347","39.6622,-58.9689",0.0,0,0.0,SUB_2,Urban Stay Suites,2,180.0,0.12,1,0.029312230751356333
desktop,Windows,Chrome,"46.5436,-70.8347","39.6622,-58.9689",0.0,0,0.0,SUB_3,Grand Horizon Resorts,3,450.0,0.15,0,0.029312230751356333
desktop,Windows,Chrome,"46.5436,-70.8347","39.6622,-58.9689",0.0,0,0.0,SUB_4,EcoLodge Boutique,2,220.0,0.14,1,0.029312230751356333
desktop,Windows,Chrome,"46.5436,-70.8347","39.6622,-58.9689",0.0,0,0.0,SUB_5,Express Stop Motel,1,-99.0,0.08,0,0.029312230751356333
mobile,Android,Samsung Internet,45.5017;-73.5673,"30.582,-87.1453",1.0,0,0.0,SUB_1,BudgetInns Global,1,85.0,0.1,1,0.03916572279676437
mobile,Android,Samsung Internet,45.5017;-73.5673,"30.582,-87.1453",1.0,0,0.0,SUB_2,Urban Stay Suites,2,180.0,0.12,1,0.03916572279676437
mobile,Android,Samsung Internet,45.5017;-73.5673,"30.582,-87.1453",1.0,0,0.0,SUB_3,Grand Horizon Resorts,3,450.0,0.15,0,0.01798620996209156
mobile,Android,Samsung Internet,45.5017;-73.5673,"30.582,-87.1453",1.0,0,0.0,SUB_4,EcoLodge Boutique,2,220.0,0.14,1,0.03916572279676437
mobile,Android,Samsung Internet,45.5017;-73.5673,"30.582,-87.1453",1.0,0,0.0,SUB_5,Express Stop Motel,1,-99.0,0.08,0,0.01798620996209156
mobile,Android,Chrome,"30.657,-81.3169","29.89,-73.0973",0.0,0,0.0,SUB_1,BudgetInns Global,1,85.0,0.1,1,0.016302499371440946
mobile,Android,Chrome,"30.657,-81.3169","29.89,-73.0973",0.0,0,0.0,SUB_2,Urban Stay Suites,2,180.0,0.12,1,0.016302499371440946
mobile,Android,Chrome,"30.657,-81.3169","29.89,-73.0973",0.0,0,0.0,SUB_3,Grand Horizon Resorts,3,450.0,0.15,0,0.007391541344281977
mobile,Android,Chrome,"30.657,-81.3169","29.89,-73.0973",0.0,0,0.0,SUB_4,EcoLodge Boutique,2,220.0,0.14,1,0.016302499371440946
mobile,Android,Chrome,"30.657,-81.3169","29.89,-73.0973",0.0,0,0.0,SUB_5,Express Stop Motel,1,-99.0,0.08,0,0.007391541344281977
mobile,iOS,Chrome,"34.606,-82.6081","19.826,-95.1079",0.0,0,,SUB_1,BudgetInns Global,1,85.0,0.1,1,0.029312230751356333
mobile,iOS,Chrome,"34.606,-82.6081","19.826,-95.1079",0.0,0,,SUB_2,Urban Stay Suites,2,180.0,0.12,1,0.029312230751356333
mobile,iOS,Chrome,"34.606,-82.6081","19.826,-95.1079",0.0,0,,SUB_3,Grand Horizon Resorts,3,450.0,0.15,0,0.013386917827664779
mobile,iOS,Chrome,"34.606,-82.6081","19.826,-95.1079",0.0,0,,SUB_4,EcoLodge Boutique,2,220.0,0.14,1,0.029312230751356333
mobile,iOS,Chrome,"34.606,-82.6081","19.826,-95.1079",0.0,0,,SUB_5,Express Stop Motel,1,-99.0,0.08,0,0.013386917827664779
desktop,Linux,Chrome,"36.2531,-112.4696","22.0274,-102.4457",0.0,0,0.0,SUB_1,BudgetInns Global,1,85.0,0.1,1,0.029312230751356333
desktop,Linux,Chrome,"36.2531,-112.4696","22.0274,-102.4457",0.0,0,0.0,SUB_2,Urban Stay Suites,2,180.0,0.12,1,0.029312230751356333
desktop,Linux,Chrome,"36.2531,-112.4696","22.0274,-102.4457",0.0,0,0.0,SUB_3,Grand Horizon Resorts,3,450.0,0.15,0,0.029312230751356333
desktop,Linux,Chrome,"36.2531,-112.4696","22.0274,-102.4457",0.0,0,0.0,SUB_4,EcoLodge Boutique,2,220.0,0.14,1,0.029312230751356333
desktop,Linux,Chrome,"36.2531,-112.4696","22.0274,-102.4457",0.0,0,0.0,SUB_5,Express Stop Motel,1,-99.0,0.08,0,0.029312230751356333
mobile,Android,Chrome,"39.4817,-109.1385","41.0804,-119.6986",0.0,0,0.0,SUB_1,BudgetInns Global,1,85.0,0.1,1,0.016302499371440946
mobile,Android,Chrome,"39.4817,-109.1385","41.0804,-119.6986",0.0,0,0.0,SUB_2,Urban Stay Suites,2,180.0,0.12,1,0.016302499371440946
mobile,Android,Chrome,"39.4817,-109.1385","41.0804,-119.6986",0.0,0,0.0,SUB_3,Grand Horizon Resorts,3,450.0,0.15,0,0.007391541344281977
mobile,Android,Chrome,"39.4817,-109.1385","41.0804,-119.6986",0.0,0,0.0,SUB_4,EcoLodge Boutique,2,220.0,0.14,1,0.016302499371440946
mobile,Android,Chrome,"39.4817,-109.1385","41.0804,-119.6986",0.0,0,0.0,SUB_5,Express Stop Motel,1,-99.0,0.08,0,0.007391541344281977
mobile,Android,Chrome,"43.9838,-96.8005","44.5973,-111.0587",0.0,0,0.0,SUB_1,BudgetInns Global,1,85.0,0.1,1,0.029312230751356333
mobile,Android,Chrome,"43.9838,-96.8005","44.5973,-111.0587",0.0,0,0.0,SUB_2,Urban Stay Suites,2,180.0,0.12,1,0.029312230751356333
mobile,Android,Chrome,"43.9838,-96.8005","44.5973,-111.0587",0.0,0,0.0,SUB_3,Grand Horizon Resorts,3,450.0,0.15,0,0.013386917827664779
mobile,Android,Chrome,"43.9838,-96.8005","44.5973,-111.0587",0.0,0,0.0,SUB_4,EcoLodge Boutique,2,220.0,0.14,1,0.029312230751356333
mobile,Android,Chrome,"43.9838,-96.8005","44.5973,-111.0587",0.0,0,0.0,SUB_5,Express Stop Motel,1,-99.0,0.08,0,0.013386917827664779
mobile,iOS,Chrome,"27.4718,-106.7998","42.3093,-119.3834",1.0,0,0.0,SUB_1,BudgetInns Global,1,85.0,0.1,1,0.06913842034334684
mobile,iOS,Chrome,"27.4718,-106.7998","42.3093,-119.3834",1.0,0,0.0,SUB_2,Urban Stay Suites,2,180.0,0.12,1,0.06913842034334684
mobile,iOS,Chrome,"27.4718,-106.7998","42.3093,-119.3834",1.0,0,0.0,SUB_3,Grand Horizon Resorts,3,450.0,0.15,0,0.03229546469845053
mobile,iOS,Chrome,"27.4718,-106.7998","42.3093,-119.3834",1.0,0,0.0,SUB_4,EcoLodge Boutique,2,220.0,0.14,1,0.06913842034334684
mobile,iOS,Chrome,"27.4718,-106.7998","42.3093,-119.3834",1.0,0,0.0,SUB_5,Express Stop Motel,1,-99.0,0.08,0,0.03229546469845053
mobile,iOS,safari_mobile,"47.2413,-99.238","38.2966,-111.9555",0.0,0,0.0,SUB_1,BudgetInns Global,1,85.0,0.1,1,0.029312230751356333
mobile,iOS,safari_mobile,"47.2413,-99.238","38.2966,-111.9555",0.0,0,0.0,SUB_2,Urban Stay Suites,2,180.0,0.12,1,0.029312230751356333
mobile,iOS,safari_mobile,"47.2413,-99.238","38.2966,-111.9555",0.0,0,0.0,SUB_3,Grand Horizon Resorts,3,450.0,0.15,0,0.013386917827664779
mobile,iOS,safari_mobile,"47.2413,-99.238","38.2966,-111.9555",0.0,0,0.0,SUB_4,EcoLodge Boutique,2,220.0,0.14,1,0.029312230751356333
mobile,iOS,safari_mobile,"47.2413,-99.238","38.2966,-111.9555",0.0,0,0.0,SUB_5,Express Stop Motel,1,-99.0,0.08,0,0.013386917827664779
desktop,Linux,Chrome,"25.3077,-75.5768","18.0508,-75.0623",0.0,0,0.0,SUB_1,BudgetInns Global,1,85.0,0.1,1,0.016302499371440946
desktop,Linux,Chrome,"25.3077,-75.5768","18.0508,-75.0623",0.0,0,0.0,SUB_2,Urban Stay Suites,2,180.0,0.12,1,0.016302499371440946
desktop,Linux,Chrome,"25.3077,-75.5768","18.0508,-75.0623",0.0,0,0.0,SUB_3,Grand Horizon Resorts,3,450.0,0.15,0,0.016302499371440946
desktop,Linux,Chrome,"25.3077,-75.5768","18.0508,-75.0623",0.0,0,0.0,SUB_4,EcoLodge Boutique,2,220.0,0.14,1,0.016302499371440946
desktop,Linux,Chrome,"25.3077,-75.5768","18.0508,-75.0623",0.0,0,0.0,SUB_5,Express Stop Motel,1,-99.0,0.08,0,0.016302499371440946
mobile,iOS,Safari,"34.2513,-78.7837","22.6575,-64.9918",1.0,0,1.0,SUB_1,BudgetInns Global,1,85.0,0.1,1,0.10433122311900135
mobile,iOS,Safari,"34.2513,-78.7837","22.6575,-64.9918",1.0,0,1.0,SUB_2,Urban Stay Suites,2,180.0,0.12,1,0.10433122311900135
mobile,iOS,Safari,"34.2513,-78.7837","22.6575,-64.9918",1.0,0,1.0,SUB_3,Grand Horizon Resorts,3,450.0,0.15,0,0.04973651155855676
mobile,iOS,Safari,"34.2513,-78.7837","22.6575,-64.9918",1.0,0,1.0,SUB_4,EcoLodge Boutique,2,220.0,0.14,1,0.10433122311900135
mobile,iOS,Safari,"34.2513,-78.7837","22.6575,-64.9918",1.0,0,1.0,SUB_5,Express Stop Motel,1,-99.0,0.08,0,0.04973651155855676
mobile,Android,Chrome,"25.6855,-88.498","38.2118,-105.3138",0.0,0,0.0,SUB_1,BudgetInns Global,1,85.0,0.1,1,0.029312230751356333
mobile,Android,Chrome,"25.6855,-88.498","38.2118,-105.3138",0.0,0,0.0,SUB_2,Urban Stay Suites,2,180.0,0.12,1,0.029312230751356333
mobile,Android,Chrome,"25.6855,-88.498","38.2118,-105.3138",0.0,0,0.0,SUB_3,Grand Horizon Resorts,3,450.0,0.15,0,0.013386917827664779
mobile,Android,Chrome,"25.6855,-88.498","38.2118,-105.3138",0.0,0,0.0,SUB_4,EcoLodge Boutique,2,220.0,0.14,1,0.029312230751356333
mobile,Android,Chrome,"25.6855,-88.498","38.2118,-105.3138",0.0,0,0.0,SUB_5,Express Stop Motel,1,-99.0,0.08,0,0.013386917827664779
desktop,Windows,Firefox,"34.8244,-77.094","43.1587,-68.8157",1.0,0,0.0,SUB_1,BudgetInns Global,1,85.0,0.1,1,0.06913842034334684
desktop,Windows,Firefox,"34.8244,-77.094","43.1587,-68.8157",1.0,0,0.0,SUB_2,Urban Stay Suites,2,180.0,0.12,1,0.06913842034334684
desktop,Windows,Firefox,"34.8244,-77.094","43.1587,-68.8157",1.0,0,0.0,SUB_3,Grand Horizon Resorts,3,450.0,0.15,0,0.06913842034334684
desktop,Windows,Firefox,"34.8244,-77.094","43.1587,-68.8157",1.0,0,0.0,SUB_4,EcoLodge Boutique,2,220.0,0.14,1,0.06913842034334684
desktop,Windows,Firefox,"34.8244,-77.094","43.1587,-68.8157",1.0,1,0.0,SUB_5,Express Stop Motel,1,-99.0,0.08,0,0.06913842034334684
mobile,iOS,Safari,"38.1453,-80.8114","47.8155,-74.6375",0.0,0,0.0,SUB_1,BudgetInns Global,1,85.0,0.1,1,0.029312230751356333
mobile,iOS,Safari,"38.1453,-80.8114","47.8155,-74.6375",0.0,0,0.0,SUB_2,Urban Stay Suites,2,180.0,0.12,1,0.029312230751356333
mobile,iOS,Safari,"38.1453,-80.8114","47.8155,-74.6375",0.0,0,0.0,SUB_3,Grand Horizon Resorts,3,450.0,0.15,0,0.013386917827664779
mobile,iOS,Safari,"38.1453,-80.8114","47.8155,-74.6375",0.0,0,0.0,SUB_4,EcoLodge Boutique,2,220.0,0.14,1,0.029312230751356333
mobile,iOS,Safari,"38.1453,-80.8114","47.8155,-74.6375",0.0,0,0.0,SUB_5,Express Stop Motel,1,-99.0,0.08,0,0.013386917827664779
mobile,iOS,Safari,"37.792,-98.5508","49.8749,-83.65",0.0,0,0.0,SUB_1,BudgetInns Global,1,85.0,0.1,1,0.029312230751356333
mobile,iOS,Safari,"37.792,-98.5508","49.8749,-83.65",0.0,0,0.0,SUB_2,Urban Stay Suites,2,180.0,0.12,1,0.029312230751356333
mobile,iOS,Safari,"37.792,-98.5508","49.8749,-83.65",0.0,0,0.0,SUB_3,Grand Horizon Resorts,3,450.0,0.15,0,0.013386917827664779
mobile,iOS,Safari,"37.792,-98.5508","49.8749,-83.65",0.0,0,0.0,SUB_4,EcoLodge Boutique,2,220.0,0.14,1,0.029312230751356333
mobile,iOS,Safari,"37.792,-98.5508","49.8749,-83.65",0.0,0,0.0,SUB_5,Express Stop Motel,1,-99.0,0.08,0,0.013386917827664779
mobile,iOS,Safari,"29.1407,-109.9467","29.8877,-120.1808",0.0,0,0.0,SUB_1,BudgetInns Global,1,85.0,0.1,1,0.016302499371440946
mobile,iOS,Safari,"29.1407,-109.9467","29.8877,-120.1808",0.0,0,0.0,SUB_2,Urban Stay Suites,2,180.0,0.12,1,0.016302499371440946
mobile,iOS,Safari,"29.1407,-109.9467","29.8877,-120.1808",0.0,0,0.0,SUB_3,Grand Horizon Resorts,3,450.0,0.15,0,0.007391541344281977
mobile,iOS,Safari,"29.1407,-109.9467","29.8877,-120.1808",0.0,0,0.0,SUB_4,EcoLodge Boutique,2,220.0,0.14,1,0.016302499371440946
mobile,iOS,Safari,"29.1407,-109.9467","29.8877,-120.1808",0.0,0,0.0,SUB_5,Express Stop Motel,1,-99.0,0.08,0,0.007391541344281977
desktop,macOS,Chrome,"41.1435,-94.2899","999.9999,-800.0000",0.0,0,0.0,SUB_1,BudgetInns Global,1,85.0,0.1,1,0.029312230751356333
desktop,macOS,Chrome,"41.1435,-94.2899","999.9999,-800.0000",0.0,0,0.0,SUB_2,Urban Stay Suites,2,180.0,0.12,1,0.029312230751356333
desktop,macOS,Chrome,"41.1435,-94.2899","999.9999,-800.0000",0.0,0,0.0,SUB_3,Grand Horizon Resorts,3,450.0,0.15,0,0.057324175898868755
desktop,macOS,Chrome,"41.1435,-94.2899","999.9999,-800.0000",0.0,0,0.0,SUB_4,EcoLodge Boutique,2,220.0,0.14,1,0.029312230751356333
desktop,macOS,Chrome,"41.1435,-94.2899","999.9999,-800.0000",0.0,0,0.0,SUB_5,Express Stop Motel,1,-99.0,0.08,0,0.029312230751356333
mobile,Android,Samsung Internet,"26.1195,-83.1886","21.0312,-66.1555",0.0,0,0.0,SUB_1,BudgetInns Global,1,85.0,0.1,1,0.029312230751356333
mobile,Android,Samsung Internet,"26.1195,-83.1886","21.0312,-66.1555",0.0,0,0.0,SUB_2,Urban Stay Suites,2,180.0,0.12,1,0.029312230751356333
mobile,Android,Samsung Internet,"26.1195,-83.1886","21.0312,-66.1555",0.0,0,0.0,SUB_3,Grand Horizon Resorts,3,450.0,0.15,0,0.013386917827664779
mobile,Android,Samsung Internet,"26.1195,-83.1886","21.0312,-66.1555",0.0,0,0.0,SUB_4,EcoLodge Boutique,2,220.0,0.14,1,0.029312230751356333
mobile,Android,Samsung Internet,"26.1195,-83.1886","21.0312,-66.1555",0.0,0,0.0,SUB_5,Express Stop Motel,1,-99.0,0.08,0,0.013386917827664779
desktop,Linux,Firefox,"44.0477,-98.179","46.7241,-91.7793",0.0,0,0.0,SUB_1,BudgetInns Global,1,85.0,0.1,1,0.016302499371440946
desktop,Linux,Firefox,"44.0477,-98.179","46.7241,-91.7793",0.0,0,0.0,SUB_2,Urban Stay Suites,2,180.0,0.12,1,0.016302499371440946
desktop,Linux,Firefox,"44.0477,-98.179","46.7241,-91.7793",0.0,0,0.0,SUB_3,Grand Horizon Resorts,3,450.0,0.15,0,0.016302499371440946
desktop,Linux,Firefox,"44.0477,-98.179","46.7241,-91.7793",0.0,0,0.0,SUB_4,EcoLodge Boutique,2,220.0,0.14,1,0.016302499371440946
desktop,Linux,Firefox,"44.0477,-98.179","46.7241,-91.7793",0.0,0,0.0,SUB_5,Express Stop Motel,1,-99.0,0.08,0,0.016302499371440946
mobile,iOS,Chrome,"48.6661,-86.6614","47.2945,-91.1107",0.0,0,0.0,SUB_1,BudgetInns Global,1,85.0,0.1,1,0.016302499371440946
mobile,iOS,Chrome,"48.6661,-86.6614","47.2945,-91.1107",0.0,0,0.0,SUB_2,Urban Stay Suites,2,180.0,0.12,1,0.016302499371440946
mobile,iOS,Chrome,"48.6661,-86.6614","47.2945,-91.1107",0.0,0,0.0,SUB_3,Grand Horizon Resorts,3,450.0,0.15,0,0.007391541344281977
mobile,iOS,Chrome,"48.6661,-86.6614","47.2945,-91.1107",0.0,0,0.0,SUB_4,EcoLodge Boutique,2,220.0,0.14,1,0.016302499371440946
mobile,iOS,Chrome,"48.6661,-86.6614","47.2945,-91.1107",0.0,0,0.0,SUB_5,Express Stop Motel,1,-99.0,0.08,0,0.007391541344281977
mobile,Android,Samsung Internet,"33.4942,-115.2836","32.0412,-130.0271",1.0,0,0.0,SUB_1,BudgetInns Global,1,85.0,0.1,1,0.06913842034334684
mobile,Android,Samsung Internet,"33.4942,-115.2836","32.0412,-130.0271",1.0,0,0.0,SUB_2,Urban Stay Suites,2,180.0,0.12,1,0.06913842034334684
mobile,Android,Samsung Internet,"33.4942,-115.2836","32.0412,-130.0271",1.0,0,0.0,SUB_3,Grand Horizon Resorts,3,450.0,0.15,0,0.03229546469845053
mobile,Android,Samsung Internet,"33.4942,-115.2836","32.0412,-130.0271",1.0,0,0.0,SUB_4,EcoLodge Boutique,2,220.0,0.14,1,0.06913842034334684
mobile,Android,Samsung Internet,"33.4942,-115.2836","32.0412,-130.0271",1.0,0,0.0,SUB_5,Express Stop Motel,1,-99.0,0.08,0,0.03229546469845053
mobile,iOS,Safari,"37.931,-82.5998","51.0388,-92.1004",0.0,0,0.0,SUB_1,BudgetInns Global,1,85.0,0.1,1,0.029312230751356333
mobile,iOS,Safari,"37.931,-82.5998","51.0388,-92.1004",0.0,0,0.0,SUB_2,Urban Stay Suites,2,180.0,0.12,1,0.029312230751356333
mobile,iOS,Safari,"37.931,-82.5998","51.0388,-92.1004",0.0,0,0.0,SUB_3,Grand Horizon Resorts,3,450.0,0.15,0,0.013386917827664779
mobile,iOS,Safari,"37.931,-82.5998","51.0388,-92.1004",0.0,0,0.0,SUB_4,EcoLodge Boutique,2,220.0,0.14,1,0.029312230751356333
mobile,iOS,Safari,"37.931,-82.5998","51.0388,-92.1004",0.0,0,0.0,SUB_5,Express Stop Motel,1,-99.0,0.08,0,0.013386917827664779
mobile,iOS,Chrome,"34.4728,-79.3643","48.9937,-76.1157",1.0,0,0.0,SUB_1,BudgetInns Global,1,85.0,0.1,1,0.06913842034334684
mobile,iOS,Chrome,"34.4728,-79.3643","48.9937,-76.1157",1.0,0,0.0,SUB_2,Urban Stay Suites,2,180.0,0.12,1,0.06913842034334684
mobile,iOS,Chrome,"34.4728,-79.3643","48.9937,-76.1157",1.0,0,0.0,SUB_3,Grand Horizon Resorts,3,450.0,0.15,0,0.03229546469845053
mobile,iOS,Chrome,"34.4728,-79.3643","48.9937,-76.1157",1.0,0,0.0,SUB_4,EcoLodge Boutique,2,220.0,0.14,1,0.06913842034334684
mobile,iOS,Chrome,"34.4728,-79.3643","48.9937,-76.1157",1.0,0,0.0,SUB_5,Express Stop Motel,1,-99.0,0.08,0,0.03229546469845053
desktop,macOS,Safari,"25.1678,-84.6581","34.0623,-75.9314",0.0,0,0.0,SUB_1,BudgetInns Global,1,85.0,0.1,1,0.029312230751356333
desktop,macOS,Safari,"25.1678,-84.6581","34.0623,-75.9314",0.0,0,0.0,SUB_2,Urban Stay Suites,2,180.0,0.12,1,0.029312230751356333
desktop,macOS,Safari,"25.1678,-84.6581","34.0623,-75.9314",0.0,0,0.0,SUB_3,Grand Horizon Resorts,3,450.0,0.15,0,0.057324175898868755
desktop,macOS,Safari,"25.1678,-84.6581","34.0623,-75.9314",0.0,0,0.0,SUB_4,EcoLodge Boutique,2,220.0,0.14,1,0.029312230751356333
desktop,macOS,Safari,"25.1678,-84.6581","34.0623,-75.9314",0.0,0,0.0,SUB_5,Express Stop Motel,1,-99.0,0.08,0,0.029312230751356333
desktop,macOS,Firefox,"34.6469,-71.6368","42.3496,-86.6599",0.0,0,0.0,SUB_1,BudgetInns Global,1,85.0,0.1,1,0.029312230751356333
desktop,macOS,Firefox,"34.6469,-71.6368","42.3496,-86.6599",0.0,0,0.0,SUB_2,Urban Stay Suites,2,180.0,0.12,1,0.029312230751356333
desktop,macOS,Firefox,"34.6469,-71.6368","42.3496,-86.6599",0.0,0,0.0,SUB_3,Grand Horizon Resorts,3,450.0,0.15,0,0.057324175898868755
desktop,macOS,Firefox,"34.6469,-71.6368","42.3496,-86.6599",0.0,0,0.0,SUB_4,EcoLodge Boutique,2,220.0,0.14,1,0.029312230751356333
desktop,macOS,Firefox,"34.6469,-71.6368","42.3496,-86.6599",0.0,0,0.0,SUB_5,Express Stop Motel,1,-99.0,0.08,0,0.029312230751356333
tablet,Android,Samsung Internet,"44.793,-78.6674","50.2097,-74.6835",1.0,0,0.0,SUB_1,BudgetInns Global,1,85.0,0.1,1,0.03916572279676437
tablet,Android,Samsung Internet,"44.793,-78.6674","50.2097,-74.6835",1.0,0,0.0,SUB_2,Urban Stay Suites,2,180.0,0.12,1,0.03916572279676437
tablet,Android,Samsung Internet,"44.793,-78.6674","50.2097,-74.6835",1.0,0,0.0,SUB_3,Grand Horizon Resorts,3,450.0,0.15,0,0.03916572279676437
tablet,Android,Samsung Internet,"44.793,-78.6674","50.2097,-74.6835",1.0,0,0.0,SUB_4,EcoLodge Boutique,2,220.0,0.14,1,0.03916572279676437
tablet,Android,Samsung Internet,"44.793,-78.6674","50.2097,-74.6835",1.0,0,0.0,SUB_5,Express Stop Motel,1,-99.0,0.08,0,0.03916572279676437
mobile,iOS,Safari,"39.8997,-74.8453","29.8819,-72.8312",0.0,0,,SUB_1,BudgetInns Global,1,85.0,0.1,1,0.029312230751356333
mobile,iOS,Safari,"39.8997,-74.8453","29.8819,-72.8312",0.0,0,,SUB_2,Urban Stay Suites,2,180.0,0.12,1,0.029312230751356333
mobile,iOS,Safari,"39.8997,-74.8453","29.8819,-72.8312",0.0,0,,SUB_3,Grand Horizon Resorts,3,450.0,0.15,0,0.013386917827664779
mobile,iOS,Safari,"39.8997,-74.8453","29.8819,-72.8312",0.0,0,,SUB_4,EcoLodge Boutique,2,220.0,0.14,1,0.029312230751356333
mobile,iOS,Safari,"39.8997,-74.8453","29.8819,-72.8312",0.0,0,,SUB_5,Express Stop Motel,1,-99.0,0.08,0,0.013386917827664779
mobile,iOS,Safari,"27.5315,-73.3214","14.3047,-72.7632",1.0,0,0.0,SUB_1,BudgetInns Global,1,85.0,0.1,1,0.06913842034334684
mobile,iOS,Safari,"27.5315,-73.3214","14.3047,-72.7632",1.0,0,0.0,SUB_2,Urban Stay Suites,2,180.0,0.12,1,0.06913842034334684
mobile,iOS,Safari,"27.5315,-73.3214","14.3047,-72.7632",1.0,0,0.0,SUB_3,Grand Horizon Resorts,3,450.0,0.15,0,0.03229546469845053
mobile,iOS,Safari,"27.5315,-73.3214","14.3047,-72.7632",1.0,0,0.0,SUB_4,EcoLodge Boutique,2,220.0,0.14,1,0.06913842034334684
mobile,iOS,Safari,"27.5315,-73.3214","14.3047,-72.7632",1.0,0,0.0,SUB_5,Express Stop Motel,1,-99.0,0.08,0,0.03229546469845053
desktop,Linux,Firefox,"46.1785,-79.9326","51.9003,-72.3277",0.0,0,,SUB_1,BudgetInns Global,1,85.0,0.1,1,0.016302499371440946
desktop,Linux,Firefox,"46.1785,-79.9326","51.9003,-72.3277",0.0,0,,SUB_2,Urban Stay Suites,2,180.0,0.12,1,0.016302499371440946
desktop,Linux,Firefox,"46.1785,-79.9326","51.9003,-72.3277",0.0,1,,SUB_3,Grand Horizon Resorts,3,450.0,0.15,0,0.016302499371440946
desktop,Linux,Firefox,"46.1785,-79.9326","51.9003,-72.3277",0.0,0,,SUB_4,EcoLodge Boutique,2,220.0,0.14,1,0.016302499371440946
desktop,Linux,Firefox,"46.1785,-79.9326","51.9003,-72.3277",0.0,0,,SUB_5,Express Stop Motel,1,-99.0,0.08,0,0.016302499371440946
mobile,Android,Chrome,"38.2771,-86.2871","45.1407,-72.7891",0.0,0,0.0,SUB_1,BudgetInns Global,1,85.0,0.1,1,0.029312230751356333
mobile,Android,Chrome,"38.2771,-86.2871","45.1407,-72.7891",0.0,0,0.0,SUB_2,Urban Stay Suites,2,180.0,0.12,1,0.029312230751356333
mobile,Android,Chrome,"38.2771,-86.2871","45.1407,-72.7891",0.0,0,0.0,SUB_3,Grand Horizon Resorts,3,450.0,0.15,0,0.013386917827664779
mobile,Android,Chrome,"38.2771,-86.2871","45.1407,-72.7891",0.0,0,0.0,SUB_4,EcoLodge Boutique,2,220.0,0.14,1,0.029312230751356333
mobile,Android,Chrome,"38.2771,-86.2871","45.1407,-72.7891",0.0,0,0.0,SUB_5,Express Stop Motel,1,-99.0,0.08,0,0.013386917827664779
mobile,Android,Chrome,"46.0431,-119.7141","32.4523,-126.7945",0.0,0,0.0,SUB_1,BudgetInns Global,1,85.0,0.1,1,0.029312230751356333
mobile,Android,Chrome,"46.0431,-119.7141","32.4523,-126.7945",0.0,0,0.0,SUB_2,Urban Stay Suites,2,180.0,0.12,1,0.029312230751356333
mobile,Android,Chrome,"46.0431,-119.7141","32.4523,-126.7945",0.0,0,0.0,SUB_3,Grand Horizon Resorts,3,450.0,0.15,0,0.013386917827664779
mobile,Android,Chrome,"46.0431,-119.7141","32.4523,-126.7945",0.0,0,0.0,SUB_4,EcoLodge Boutique,2,220.0,0.14,1,0.029312230751356333
mobile,Android,Chrome,"46.0431,-119.7141","32.4523,-126.7945",0.0,0,0.0,SUB_5,Express Stop Motel,1,-99.0,0.08,0,0.013386917827664779
mobile,iOS,Safari,"39.5055,-96.7087","52.3471,-81.1482",0.0,0,0.0,SUB_1,BudgetInns Global,1,85.0,0.1,1,0.029312230751356333
mobile,iOS,Safari,"39.5055,-96.7087","52.3471,-81.1482",0.0,0,0.0,SUB_2,Urban Stay Suites,2,180.0,0.12,1,0.029312230751356333
mobile,iOS,Safari,"39.5055,-96.7087","52.3471,-81.1482",0.0,0,0.0,SUB_3,Grand Horizon Resorts,3,450.0,0.15,0,0.013386917827664779
mobile,iOS,Safari,"39.5055,-96.7087","52.3471,-81.1482",0.0,0,0.0,SUB_4,EcoLodge Boutique,2,220.0,0.14,1,0.029312230751356333
mobile,iOS,Safari,"39.5055,-96.7087","52.3471,-81.1482",0.0,0,0.0,SUB_5,Express Stop Motel,1,-99.0,0.08,0,0.013386917827664779
mobile,Android,,"38.9922,-91.4419","26.7264,-105.0166",0.0,0,0.0,SUB_1,BudgetInns Global,1,85.0,0.1,1,0.029312230751356333
mobile,Android,,"38.9922,-91.4419","26.7264,-105.0166",0.0,0,0.0,SUB_2,Urban Stay Suites,2,180.0,0.12,1,0.029312230751356333
mobile,Android,,"38.9922,-91.4419","26.7264,-105.0166",0.0,0,0.0,SUB_3,Grand Horizon Resorts,3,450.0,0.15,0,0.013386917827664779
mobile,Android,,"38.9922,-91.4419","26.7264,-105.0166",0.0,0,0.0,SUB_4,EcoLodge Boutique,2,220.0,0.14,1,0.029312230751356333
mobile,Android,,"38.9922,-91.4419","26.7264,-105.0166",0.0,0,0.0,SUB_5,Express Stop Motel,1,-99.0,0.08,0,0.013386917827664779
tablet,iOS,Safari,"27.6315,-104.7985","21.2085,-117.8775",0.0,0,0.0,SUB_1,BudgetInns Global,1,85.0,0.1,1,0.029312230751356333
tablet,iOS,Safari,"27.6315,-104.7985","21.2085,-117.8775",0.0,0,0.0,SUB_2,Urban Stay Suites,2,180.0,0.12,1,0.029312230751356333
tablet,iOS,Safari,"27.6315,-104.7985","21.2085,-117.8775",0.0,0,0.0,SUB_3,Grand Horizon Resorts,3,450.0,0.15,0,0.029312230751356333
tablet,iOS,Safari,"27.6315,-104.7985","21.2085,-117.8775",0.0,0,0.0,SUB_4,EcoLodge Boutique,2,220.0,0.14,1,0.029312230751356333
tablet,iOS,Safari,"27.6315,-104.7985","21.2085,-117.8775",0.0,0,0.0,SUB_5,Express Stop Motel,1,-99.0,0.08,0,0.029312230751356333
desktop,Windows,Edge,"29.184,-104.0948","34.3557,-113.4239",0.0,0,0.0,SUB_1,BudgetInns Global,1,85.0,0.1,1,0.029312230751356333
desktop,Windows,Edge,"29.184,-104.0948","34.3557,-113.4239",0.0,0,0.0,SUB_2,Urban Stay Suites,2,180.0,0.12,1,0.029312230751356333
desktop,Windows,Edge,"29.184,-104.0948","34.3557,-113.4239",0.0,0,0.0,SUB_3,Grand Horizon Resorts,3,450.0,0.15,0,0.029312230751356333
desktop,Windows,Edge,"29.184,-104.0948","34.3557,-113.4239",0.0,0,0.0,SUB_4,EcoLodge Boutique,2,220.0,0.14,1,0.029312230751356333
desktop,Windows,Edge,"29.184,-104.0948","34.3557,-113.4239",0.0,0,0.0,SUB_5,Express Stop Motel,1,-99.0,0.08,0,0.029312230751356333
desktop,Windows,Edge,"49.3006,-71.942","39.3968,-87.1608",0.0,0,0.0,SUB_1,BudgetInns Global,1,85.0,0.1,1,0.029312230751356333
desktop,Windows,Edge,"49.3006,-71.942","39.3968,-87.1608",0.0,0,0.0,SUB_2,Urban Stay Suites,2,180.0,0.12,1,0.029312230751356333
desktop,Windows,Edge,"49.3006,-71.942","39.3968,-87.1608",0.0,0,0.0,SUB_3,Grand Horizon Resorts,3,450.0,0.15,0,0.029312230751356333
desktop,Windows,Edge,"49.3006,-71.942","39.3968,-87.1608",0.0,0,0.0,SUB_4,EcoLodge Boutique,2,220.0,0.14,1,0.029312230751356333
desktop,Windows,Edge,"49.3006,-71.942","39.3968,-87.1608",0.0,0,0.0,SUB_5,Express Stop Motel,1,-99.0,0.08,0,0.029312230751356333
mobile,iOS,Safari,"30.7122,-75.4145","17.3747,-86.2017",0.0,0,0.0,SUB_1,BudgetInns Global,1,85.0,0.1,1,0.029312230751356333
mobile,iOS,Safari,"30.7122,-75.4145","17.3747,-86.2017",0.0,0,0.0,SUB_2,Urban Stay Suites,2,180.0,0.12,1,0.029312230751356333
mobile,iOS,Safari,"30.7122,-75.4145","17.3747,-86.2017",0.0,0,0.0,SUB_3,Grand Horizon Resorts,3,450.0,0.15,0,0.013386917827664779
mobile,iOS,Safari,"30.7122,-75.4145","17.3747,-86.2017",0.0,0,0.0,SUB_4,EcoLodge Boutique,2,220.0,0.14,1,0.029312230751356333
mobile,iOS,Safari,"30.7122,-75.4145","17.3747,-86.2017",0.0,0,0.0,SUB_5,Express Stop Motel,1,-99.0,0.08,0,0.013386917827664779
mobile,Android,Chrome,"49.4363,-77.541","44.3707,-93.2845",0.0,0,0.0,SUB_1,BudgetInns Global,1,85.0,0.1,1,0.029312230751356333
mobile,Android,Chrome,"49.4363,-77.541","44.3707,-93.2845",0.0,0,0.0,SUB_2,Urban Stay Suites,2,180.0,0.12,1,0.029312230751356333
mobile,Android,Chrome,"49.4363,-77.541","44.3707,-93.2845",0.0,0,0.0,SUB_3,Grand Horizon Resorts,3,450.0,0.15,0,0.013386917827664779
mobile,Android,Chrome,"49.4363,-77.541","44.3707,-93.2845",0.0,0,0.0,SUB_4,EcoLodge Boutique,2,220.0,0.14,1,0.029312230751356333
mobile,Android,Chrome,"49.4363,-77.541","44.3707,-93.2845",0.0,0,0.0,SUB_5,Express Stop Motel,1,-99.0,0.08,0,0.013386917827664779
mobile,iOS,Chrome,"38.2978,-99.6994","46.2769,-86.8293",0.0,0,0.0,SUB_1,BudgetInns Global,1,85.0,0.1,1,0.029312230751356333
mobile,iOS,Chrome,"38.2978,-99.6994","46.2769,-86.8293",0.0,0,0.0,SUB_2,Urban Stay Suites,2,180.0,0.12,1,0.029312230751356333
mobile,iOS,Chrome,"38.2978,-99.6994","46.2769,-86.8293",0.0,0,0.0,SUB_3,Grand Horizon Resorts,3,450.0,0.15,0,0.013386917827664779
mobile,iOS,Chrome,"38.2978,-99.6994","46.2769,-86.8293",0.0,0,0.0,SUB_4,EcoLodge Boutique,2,220.0,0.14,1,0.029312230751356333
mobile,iOS,Chrome,"38.2978,-99.6994","46.2769,-86.8293",0.0,0,0.0,SUB_5,Express Stop Motel,1,-99.0,0.08,0,0.013386917827664779
mobile,Android,Samsung Internet,NULL,"25.8051,-133.7563",1.0,1,0.0,SUB_1,BudgetInns Global,1,85.0,0.1,1,0.03916572279676437
mobile,Android,Samsung Internet,NULL,"25.8051,-133.7563",1.0,0,0.0,SUB_2,Urban Stay Suites,2,180.0,0.12,1,0.03916572279676437
mobile,Android,Samsung Internet,NULL,"25.8051,-133.7563",1.0,0,0.0,SUB_3,Grand Horizon Resorts,3,450.0,0.15,0,0.01798620996209156
mobile,Android,Samsung Internet,NULL,"25.8051,-133.7563",1.0,0,0.0,SUB_4,EcoLodge Boutique,2,220.0,0.14,1,0.03916572279676437
mobile,Android,Samsung Internet,NULL,"25.8051,-133.7563",1.0,0,0.0,SUB_5,Express Stop Motel,1,-99.0,0.08,0,0.01798620996209156
mobile,Android,Samsung Internet,"27.4826,-115.9889","32.0718,-106.097",1.0,0,0.0,SUB_1,BudgetInns Global,1,85.0,0.1,1,0.06913842034334684
mobile,Android,Samsung Internet,"27.4826,-115.9889","32.0718,-106.097",1.0,1,0.0,SUB_2,Urban Stay Suites,2,180.0,0.12,1,0.06913842034334684
mobile,Android,Samsung Internet,"27.4826,-115.9889","32.0718,-106.097",1.0,0,0.0,SUB_3,Grand Horizon Resorts,3,450.0,0.15,0,0.03229546469845053
mobile,Android,Samsung Internet,"27.4826,-115.9889","32.0718,-106.097",1.0,0,0.0,SUB_4,EcoLodge Boutique,2,220.0,0.14,1,0.06913842034334684
mobile,Android,Samsung Internet,"27.4826,-115.9889","32.0718,-106.097",1.0,0,0.0,SUB_5,Express Stop Motel,1,-99.0,0.08,0,0.03229546469845053
desktop,Windows,Chrome,"30.2216,-104.3902","32.6102,-122.4736",0.0,0,0.0,SUB_1,BudgetInns Global,1,85.0,0.1,1,0.029312230751356333
desktop,Windows,Chrome,"30.2216,-104.3902","32.6102,-122.4736",0.0,0,0.0,SUB_2,Urban Stay Suites,2,180.0,0.12,1,0.029312230751356333
desktop,Windows,Chrome,"30.2216,-104.3902","32.6102,-122.4736",0.0,0,0.0,SUB_3,Grand Horizon Resorts,3,450.0,0.15,0,0.029312230751356333
desktop,Windows,Chrome,"30.2216,-104.3902","32.6102,-122.4736",0.0,0,0.0,SUB_4,EcoLodge Boutique,2,220.0,0.14,1,0.029312230751356333
desktop,Windows,Chrome,"30.2216,-104.3902","32.6102,-122.4736",0.0,0,0.0,SUB_5,Express Stop Motel,1,-99.0,0.08,0,0.029312230751356333
desktop,Linux,Chrome,"48.1409,-119.2129","33.8075,-101.2721",1.0,0,0.0,SUB_1,BudgetInns Global,1,85.0,0.1,1,0.06913842034334684
desktop,Linux,Chrome,"48.1409,-119.2129","33.8075,-101.2721",1.0,0,0.0,SUB_2,Urban Stay Suites,2,180.0,0.12,1,0.06913842034334684
desktop,Linux,Chrome,"48.1409,-119.2129","33.8075,-101.2721",1.0,1,0.0,SUB_3,Grand Horizon Resorts,3,450.0,0.15,0,0.06913842034334684
desktop,Linux,Chrome,"48.1409,-119.2129","33.8075,-101.2721",1.0,0,0.0,SUB_4,EcoLodge Boutique,2,220.0,0.14,1,0.06913842034334684
desktop,Linux,Chrome,"48.1409,-119.2129","33.8075,-101.2721",1.0,0,0.0,SUB_5,Express Stop Motel,1,-99.0,0.08,0,0.06913842034334684
mobile,Android,Samsung Internet,"35.3538,-119.1425","50.01,-110.6961",0.0,0,,SUB_1,BudgetInns Global,1,85.0,0.1,1,0.029312230751356333
mobile,Android,Samsung Internet,"35.3538,-119.1425","50.01,-110.6961",0.0,0,,SUB_2,Urban Stay Suites,2,180.0,0.12,1,0.029312230751356333
mobile,Android,Samsung Internet,"35.3538,-119.1425","50.01,-110.6961",0.0,0,,SUB_3,Grand Horizon Resorts,3,450.0,0.15,0,0.013386917827664779
mobile,Android,Samsung Internet,"35.3538,-119.1425","50.01,-110.6961",0.0,0,,SUB_4,EcoLodge Boutique,2,220.0,0.14,1,0.029312230751356333
mobile,Android,Samsung Internet,"35.3538,-119.1425","50.01,-110.6961",0.0,0,,SUB_5,Express Stop Motel,1,-99.0,0.08,0,0.013386917827664779
tablet,Android,Chrome,"34.8859,-74.1698","21.1287,-93.8979",1.0,0,0.0,SUB_1,BudgetInns Global,1,85.0,0.1,1,0.06913842034334684
tablet,Android,Chrome,"34.8859,-74.1698","21.1287,-93.8979",1.0,0,0.0,SUB_2,Urban Stay Suites,2,180.0,0.12,1,0.06913842034334684
tablet,Android,Chrome,"34.8859,-74.1698","21.1287,-93.8979",1.0,0,0.0,SUB_3,Grand Horizon Resorts,3,450.0,0.15,0,0.06913842034334684
tablet,Android,Chrome,"34.8859,-74.1698","21.1287,-93.8979",1.0,0,0.0,SUB_4,EcoLodge Boutique,2,220.0,0.14,1,0.06913842034334684
tablet,Android,Chrome,"34.8859,-74.1698","21.1287,-93.8979",1.0,0,0.0,SUB_5,Express Stop Motel,1,-99.0,0.08,0,0.06913842034334684
desktop,Linux,Chrome,"32.8302,-84.6921","46.8643,-74.1378",0.0,0,0.0,SUB_1,BudgetInns Global,1,85.0,0.1,1,0.029312230751356333
desktop,Linux,Chrome,"32.8302,-84.6921","46.8643,-74.1378",0.0,0,0.0,SUB_2,Urban Stay Suites,2,180.0,0.12,1,0.029312230751356333
desktop,Linux,Chrome,"32.8302,-84.6921","46.8643,-74.1378",0.0,0,0.0,SUB_3,Grand Horizon Resorts,3,450.0,0.15,0,0.029312230751356333
desktop,Linux,Chrome,"32.8302,-84.6921","46.8643,-74.1378",0.0,0,0.0,SUB_4,EcoLodge Boutique,2,220.0,0.14,1,0.029312230751356333
desktop,Linux,Chrome,"32.8302,-84.6921","46.8643,-74.1378",0.0,0,0.0,SUB_5,Express Stop Motel,1,-99.0,0.08,0,0.029312230751356333
desktop,macOS,Safari,"28.6765,-104.5522","30.1724,-103.9889",0.0,0,0.0,SUB_1,BudgetInns Global,1,85.0,0.1,1,0.016302499371440946
desktop,macOS,Safari,"28.6765,-104.5522","30.1724,-103.9889",0.0,0,0.0,SUB_2,Urban Stay Suites,2,180.0,0.12,1,0.016302499371440946
desktop,macOS,Safari,"28.6765,-104.5522","30.1724,-103.9889",0.0,0,0.0,SUB_3,Grand Horizon Resorts,3,450.0,0.15,0,0.03229546469845053
desktop,macOS,Safari,"28.6765,-104.5522","30.1724,-103.9889",0.0,0,0.0,SUB_4,EcoLodge Boutique,2,220.0,0.14,1,0.016302499371440946
desktop,macOS,Safari,"28.6765,-104.5522","30.1724,-103.9889",0.0,0,0.0,SUB_5,Express Stop Motel,1,-99.0,0.08,0,0.016302499371440946
desktop,Linux,Firefox,"37.1963,-113.3678","51.0911,-102.1932",0.0,0,0.0,SUB_1,BudgetInns Global,1,85.0,0.1,1,0.029312230751356333
desktop,Linux,Firefox,"37.1963,-113.3678","51.0911,-102.1932",0.0,0,0.0,SUB_2,Urban Stay Suites,2,180.0,0.12,1,0.029312230751356333
desktop,Linux,Firefox,"37.1963,-113.3678","51.0911,-102.1932",0.0,0,0.0,SUB_3,Grand Horizon Resorts,3,450.0,0.15,0,0.029312230751356333
desktop,Linux,Firefox,"37.1963,-113.3678","51.0911,-102.1932",0.0,0,0.0,SUB_4,EcoLodge Boutique,2,220.0,0.14,1,0.029312230751356333
desktop,Linux,Firefox,"37.1963,-113.3678","51.0911,-102.1932",0.0,0,0.0,SUB_5,Express Stop Motel,1,-99.0,0.08,0,0.029312230751356333
mobile,Android,Chrome,"28.2512,-94.4182","16.6938,-93.5183",0.0,0,0.0,SUB_1,BudgetInns Global,1,85.0,0.1,1,0.029312230751356333
mobile,Android,Chrome,"28.2512,-94.4182","16.6938,-93.5183",0.0,0,0.0,SUB_2,Urban Stay Suites,2,180.0,0.12,1,0.029312230751356333
mobile,Android,Chrome,"28.2512,-94.4182","16.6938,-93.5183",0.0,0,0.0,SUB_3,Grand Horizon Resorts,3,450.0,0.15,0,0.013386917827664779
mobile,Android,Chrome,"28.2512,-94.4182","16.6938,-93.5183",0.0,0,0.0,SUB_4,EcoLodge Boutique,2,220.0,0.14,1,0.029312230751356333
mobile,Android,Chrome,"28.2512,-94.4182","16.6938,-93.5183",0.0,0,0.0,SUB_5,Express Stop Motel,1,-99.0,0.08,0,0.013386917827664779
mobile,iOS,Chrome,"45.887,-119.7327","45.5993,-114.0917",0.0,0,0.0,SUB_1,BudgetInns Global,1,85.0,0.1,1,0.016302499371440946
mobile,iOS,Chrome,"45.887,-119.7327","45.5993,-114.0917",0.0,0,0.0,SUB_2,Urban Stay Suites,2,180.0,0.12,1,0.016302499371440946
mobile,iOS,Chrome,"45.887,-119.7327","45.5993,-114.0917",0.0,0,0.0,SUB_3,Grand Horizon Resorts,3,450.0,0.15,0,0.007391541344281977
mobile,iOS,Chrome,"45.887,-119.7327","45.5993,-114.0917",0.0,0,0.0,SUB_4,EcoLodge Boutique,2,220.0,0.14,1,0.016302499371440946
mobile,iOS,Chrome,"45.887,-119.7327","45.5993,-114.0917",0.0,0,0.0,SUB_5,Express Stop Motel,1,-99.0,0.08,0,0.007391541344281977
mobile,Android,Samsung Internet,"34.2599,-73.0793","24.345,-61.626",0.0,0,0.0,SUB_1,BudgetInns Global,1,85.0,0.1,1,0.029312230751356333
mobile,Android,Samsung Internet,"34.2599,-73.0793","24.345,-61.626",0.0,0,0.0,SUB_2,Urban Stay Suites,2,180.0,0.12,1,0.029312230751356333
mobile,Android,Samsung Internet,"34.2599,-73.0793","24.345,-61.626",0.0,0,0.0,SUB_3,Grand Horizon Resorts,3,450.0,0.15,0,0.013386917827664779
mobile,Android,Samsung Internet,"34.2599,-73.0793","24.345,-61.626",0.0,0,0.0,SUB_4,EcoLodge Boutique,2,220.0,0.14,1,0.029312230751356333
mobile,Android,Samsung Internet,"34.2599,-73.0793","24.345,-61.626",0.0,0,0.0,SUB_5,Express Stop Motel,1,-99.0,0.08,0,0.013386917827664779
desktop,macOS,,"34.3701,-99.2592","20.8993,-103.0549",1.0,1,0.0,SUB_1,BudgetInns Global,1,85.0,0.1,1,0.06913842034334684
desktop,macOS,,"34.3701,-99.2592","20.8993,-103.0549",1.0,0,0.0,SUB_2,Urban Stay Suites,2,180.0,0.12,1,0.06913842034334684
desktop,macOS,,"34.3701,-99.2592","20.8993,-103.0549",1.0,0,0.0,SUB_3,Grand Horizon Resorts,3,450.0,0.15,0,0.13010847436299788
desktop,macOS,,"34.3701,-99.2592","20.8993,-103.0549",1.0,0,0.0,SUB_4,EcoLodge Boutique,2,220.0,0.14,1,0.06913842034334684
desktop,macOS,,"34.3701,-99.2592","20.8993,-103.0549",1.0,1,0.0,SUB_5,Express Stop Motel,1,-99.0,0.08,0,0.06913842034334684
mobile,iOS,Chrome,"36.8502,-99.8833","40.3761,-119.775",0.0,1,1.0,SUB_1,BudgetInns Global,1,85.0,0.1,1,0.045217473483287515
mobile,iOS,Chrome,"36.8502,-99.8833","40.3761,-119.775",0.0,1,1.0,SUB_2,Urban Stay Suites,2,180.0,0.12,1,0.045217473483287515
mobile,iOS,Chrome,"36.8502,-99.8833","40.3761,-119.775",0.0,0,1.0,SUB_3,Grand Horizon Resorts,3,450.0,0.15,0,0.02083634451868043
mobile,iOS,Chrome,"36.8502,-99.8833","40.3761,-119.775",0.0,0,1.0,SUB_4,EcoLodge Boutique,2,220.0,0.14,1,0.045217473483287515
mobile,iOS,Chrome,"36.8502,-99.8833","40.3761,-119.775",0.0,0,1.0,SUB_5,Express Stop Motel,1,-99.0,0.08,0,0.02083634451868043
mobile,Android,,"36.1032,-100.4703","27.3367,-86.4724",0.0,0,0.0,SUB_1,BudgetInns Global,1,85.0,0.1,1,0.029312230751356333
mobile,Android,,"36.1032,-100.4703","27.3367,-86.4724",0.0,0,0.0,SUB_2,Urban Stay Suites,2,180.0,0.12,1,0.029312230751356333
mobile,Android,,"36.1032,-100.4703","27.3367,-86.4724",0.0,0,0.0,SUB_3,Grand Horizon Resorts,3,450.0,0.15,0,0.013386917827664779
mobile,Android,,"36.1032,-100.4703","27.3367,-86.4724",0.0,0,0.0,SUB_4,EcoLodge Boutique,2,220.0,0.14,1,0.029312230751356333
mobile,Android,,"36.1032,-100.4703","27.3367,-86.4724",0.0,0,0.0,SUB_5,Express Stop Motel,1,-99.0,0.08,0,0.013386917827664779
mobile,Android,Samsung Internet,"49.8714,-116.5336","52.5023,-121.298",0.0,0,0.0,SUB_1,BudgetInns Global,1,85.0,0.1,1,0.016302499371440946
mobile,Android,Samsung Internet,"49.8714,-116.5336","52.5023,-121.298",0.0,0,0.0,SUB_2,Urban Stay Suites,2,180.0,0.12,1,0.016302499371440946
mobile,Android,Samsung Internet,"49.8714,-116.5336","52.5023,-121.298",0.0,0,0.0,SUB_3,Grand Horizon Resorts,3,450.0,0.15,0,0.007391541344281977
mobile,Android,Samsung Internet,"49.8714,-116.5336","52.5023,-121.298",0.0,0,0.0,SUB_4,EcoLodge Boutique,2,220.0,0.14,1,0.016302499371440946
mobile,Android,Samsung Internet,"49.8714,-116.5336","52.5023,-121.298",0.0,0,0.0,SUB_5,Express Stop Motel,1,-99.0,0.08,0,0.007391541344281977
mobile,iOS,Chrome,"38.6345,-88.0839","27.0054,-88.2422",0.0,0,0.0,SUB_1,BudgetInns Global,1,85.0,0.1,1,0.029312230751356333
mobile,iOS,Chrome,"38.6345,-88.0839","27.0054,-88.2422",0.0,0,0.0,SUB_2,Urban Stay Suites,2,180.0,0.12,1,0.029312230751356333
mobile,iOS,Chrome,"38.6345,-88.0839","27.0054,-88.2422",0.0,0,0.0,SUB_3,Grand Horizon Resorts,3,450.0,0.15,0,0.013386917827664779
mobile,iOS,Chrome,"38.6345,-88.0839","27.0054,-88.2422",0.0,0,0.0,SUB_4,EcoLodge Boutique,2,220.0,0.14,1,0.029312230751356333
mobile,iOS,Chrome,"38.6345,-88.0839","27.0054,-88.2422",0.0,0,0.0,SUB_5,Express Stop Motel,1,-99.0,0.08,0,0.013386917827664779
desktop,macOS,Firefox,"27.205,-83.3498","22.1646,-103.0391",0.0,0,0.0,SUB_1,BudgetInns Global,1,85.0,0.1,1,0.029312230751356333
desktop,macOS,Firefox,"27.205,-83.3498","22.1646,-103.0391",0.0,0,0.0,SUB_2,Urban Stay Suites,2,180.0,0.12,1,0.029312230751356333
desktop,macOS,Firefox,"27.205,-83.3498","22.1646,-103.0391",0.0,0,0.0,SUB_3,Grand Horizon Resorts,3,450.0,0.15,0,0.057324175898868755
desktop,macOS,Firefox,"27.205,-83.3498","22.1646,-103.0391",0.0,0,0.0,SUB_4,EcoLodge Boutique,2,220.0,0.14,1,0.029312230751356333
desktop,macOS,Firefox,"27.205,-83.3498","22.1646,-103.0391",0.0,0,0.0,SUB_5,Express Stop Motel,1,-99.0,0.08,0,0.029312230751356333
desktop,Windows,Edge,"40.1719,-86.1937","48.6209,-86.51",0.0,0,0.0,SUB_1,BudgetInns Global,1,85.0,0.1,1,0.016302499371440946
desktop,Windows,Edge,"40.1719,-86.1937","48.6209,-86.51",0.0,0,0.0,SUB_2,Urban Stay Suites,2,180.0,0.12,1,0.016302499371440946
desktop,Windows,Edge,"40.1719,-86.1937","48.6209,-86.51",0.0,0,0.0,SUB_3,Grand Horizon Resorts,3,450.0,0.15,0,0.016302499371440946
desktop,Windows,Edge,"40.1719,-86.1937","48.6209,-86.51",0.0,0,0.0,SUB_4,EcoLodge Boutique,2,220.0,0.14,1,0.016302499371440946
desktop,Windows,Edge,"40.1719,-86.1937","48.6209,-86.51",0.0,0,0.0,SUB_5,Express Stop Motel,1,-99.0,0.08,0,0.016302499371440946
mobile,iOS,Safari,"28.7896,-113.0782","26.9011,-93.6187",0.0,0,0.0,SUB_1,BudgetInns Global,1,85.0,0.1,1,0.029312230751356333
mobile,iOS,Safari,"28.7896,-113.0782","26.9011,-93.6187",0.0,0,0.0,SUB_2,Urban Stay Suites,2,180.0,0.12,1,0.029312230751356333
mobile,iOS,Safari,"28.7896,-113.0782","26.9011,-93.6187",0.0,0,0.0,SUB_3,Grand Horizon Resorts,3,450.0,0.15,0,0.013386917827664779
mobile,iOS,Safari,"28.7896,-113.0782","26.9011,-93.6187",0.0,0,0.0,SUB_4,EcoLodge Boutique,2,220.0,0.14,1,0.029312230751356333
mobile,iOS,Safari,"28.7896,-113.0782","26.9011,-93.6187",0.0,1,0.0,SUB_5,Express Stop Motel,1,-99.0,0.08,0,0.013386917827664779
mobile,Android,Chrome,45.5017;-73.5673,"29.6058,-99.9273",0.0,0,0.0,SUB_1,BudgetInns Global,1,85.0,0.1,1,0.016302499371440946
mobile,Android,Chrome,45.5017;-73.5673,"29.6058,-99.9273",0.0,0,0.0,SUB_2,Urban Stay Suites,2,180.0,0.12,1,0.016302499371440946
mobile,Android,Chrome,45.5017;-73.5673,"29.6058,-99.9273",0.0,0,0.0,SUB_3,Grand Horizon Resorts,3,450.0,0.15,0,0.007391541344281977
mobile,Android,Chrome,45.5017;-73.5673,"29.6058,-99.9273",0.0,0,0.0,SUB_4,EcoLodge Boutique,2,220.0,0.14,1,0.016302499371440946
mobile,Android,Chrome,45.5017;-73.5673,"29.6058,-99.9273",0.0,0,0.0,SUB_5,Express Stop Motel,1,-99.0,0.08,0,0.007391541344281977
mobile,Android,Samsung Internet,"49.2686,-91.5258","53.6923,-95.7091",0.0,0,0.0,SUB_1,BudgetInns Global,1,85.0,0.1,1,0.016302499371440946
mobile,Android,Samsung Internet,"49.2686,-91.5258","53.6923,-95.7091",0.0,0,0.0,SUB_2,Urban Stay Suites,2,180.0,0.12,1,0.016302499371440946
mobile,Android,Samsung Internet,"49.2686,-91.5258","53.6923,-95.7091",0.0,0,0.0,SUB_3,Grand Horizon Resorts,3,450.0,0.15,0,0.007391541344281977
mobile,Android,Samsung Internet,"49.2686,-91.5258","53.6923,-95.7091",0.0,0,0.0,SUB_4,EcoLodge Boutique,2,220.0,0.14,1,0.016302499371440946
mobile,Android,Samsung Internet,"49.2686,-91.5258","53.6923,-95.7091",0.0,0,0.0,SUB_5,Express Stop Motel,1,-99.0,0.08,0,0.007391541344281977
mobile,Android,Chrome,"44.3385,-76.5795","54.6512,-69.0919",1.0,0,0.0,SUB_1,BudgetInns Global,1,85.0,0.1,1,0.06913842034334684
mobile,Android,Chrome,"44.3385,-76.5795","54.6512,-69.0919",1.0,0,0.0,SUB_2,Urban Stay Suites,2,180.0,0.12,1,0.06913842034334684
mobile,Android,Chrome,"44.3385,-76.5795","54.6512,-69.0919",1.0,0,0.0,SUB_3,Grand Horizon Resorts,3,450.0,0.15,0,0.03229546469845053
mobile,Android,Chrome,"44.3385,-76.5795","54.6512,-69.0919",1.0,0,0.0,SUB_4,EcoLodge Boutique,2,220.0,0.14,1,0.06913842034334684
mobile,Android,Chrome,"44.3385,-76.5795","54.6512,-69.0919",1.0,0,0.0,SUB_5,Express Stop Motel,1,-99.0,0.08,0,0.03229546469845053
mobile,Android,Samsung Internet,"49.5027,-101.0436","44.2504,-88.4519",1.0,1,0.0,SUB_1,BudgetInns Global,1,85.0,0.1,1,0.06913842034334684
mobile,Android,Samsung Internet,"49.5027,-101.0436","44.2504,-88.4519",1.0,0,0.0,SUB_2,Urban Stay Suites,2,180.0,0.12,1,0.06913842034334684
mobile,Android,Samsung Internet,"49.5027,-101.0436","44.2504,-88.4519",1.0,0,0.0,SUB_3,Grand Horizon Resorts,3,450.0,0.15,0,0.03229546469845053
mobile,Android,Samsung Internet,"49.5027,-101.0436","44.2504,-88.4519",1.0,0,0.0,SUB_4,EcoLodge Boutique,2,220.0,0.14,1,0.06913842034334684
mobile,Android,Samsung Internet,"49.5027,-101.0436","44.2504,-88.4519",1.0,0,0.0,SUB_5,Express Stop Motel,1,-99.0,0.08,0,0.03229546469845053
mobile,Android,Samsung Internet,"36.947,-101.4257","42.5659,-104.73",0.0,0,1.0,SUB_1,BudgetInns Global,1,85.0,0.1,1,0.025332703226871745
mobile,Android,Samsung Internet,"36.947,-101.4257","42.5659,-104.73",0.0,0,1.0,SUB_2,Urban Stay Suites,2,180.0,0.12,1,0.025332703226871745
mobile,Android,Samsung Internet,"36.947,-101.4257","42.5659,-104.73",0.0,0,1.0,SUB_3,Grand Horizon Resorts,3,450.0,0.15,0,0.011543752483922297
mobile,Android,Samsung Internet,"36.947,-101.4257","42.5659,-104.73",0.0,0,1.0,SUB_4,EcoLodge Boutique,2,220.0,0.14,1,0.025332703226871745
mobile,Android,Samsung Internet,"36.947,-101.4257","42.5659,-104.73",0.0,0,1.0,SUB_5,Express Stop Motel,1,-99.0,0.08,0,0.011543752483922297
mobile,Android,Chrome,"38.3064,-89.0736","52.1549,-96.6868",0.0,0,0.0,SUB_1,BudgetInns Global,1,85.0,0.1,1,0.029312230751356333
mobile,Android,Chrome,"38.3064,-89.0736","52.1549,-96.6868",0.0,0,0.0,SUB_2,Urban Stay Suites,2,180.0,0.12,1,0.029312230751356333
mobile,Android,Chrome,"38.3064,-89.0736","52.1549,-96.6868",0.0,0,0.0,SUB_3,Grand Horizon Resorts,3,450.0,0.15,0,0.013386917827664779
mobile,Android,Chrome,"38.3064,-89.0736","52.1549,-96.6868",0.0,0,0.0,SUB_4,EcoLodge Boutique,2,220.0,0.14,1,0.029312230751356333
mobile,Android,Chrome,"38.3064,-89.0736","52.1549,-96.6868",0.0,0,0.0,SUB_5,Express Stop Motel,1,-99.0,0.08,0,0.013386917827664779
desktop,Linux,Firefox,"29.2084,-88.3464","36.1157,-70.8334",0.0,0,0.0,SUB_1,BudgetInns Global,1,85.0,0.1,1,0.029312230751356333
desktop,Linux,Firefox,"29.2084,-88.3464","36.1157,-70.8334",0.0,0,0.0,SUB_2,Urban Stay Suites,2,180.0,0.12,1,0.029312230751356333
desktop,Linux,Firefox,"29.2084,-88.3464","36.1157,-70.8334",0.0,0,0.0,SUB_3,Grand Horizon Resorts,3,450.0,0.15,0,0.029312230751356333
desktop,Linux,Firefox,"29.2084,-88.3464","36.1157,-70.8334",0.0,0,0.0,SUB_4,EcoLodge Boutique,2,220.0,0.14,1,0.029312230751356333
desktop,Linux,Firefox,"29.2084,-88.3464","36.1157,-70.8334",0.0,0,0.0,SUB_5,Express Stop Motel,1,-99.0,0.08,0,0.029312230751356333
desktop,Windows,Firefox,"31.1727,-96.5357","30.8688,-89.4499",0.0,0,0.0,SUB_1,BudgetInns Global,1,85.0,0.1,1,0.016302499371440946
desktop,Windows,Firefox,"31.1727,-96.5357","30.8688,-89.4499",0.0,0,0.0,SUB_2,Urban Stay Suites,2,180.0,0.12,1,0.016302499371440946
desktop,Windows,Firefox,"31.1727,-96.5357","30.8688,-89.4499",0.0,0,0.0,SUB_3,Grand Horizon Resorts,3,450.0,0.15,0,0.016302499371440946
desktop,Windows,Firefox,"31.1727,-96.5357","30.8688,-89.4499",0.0,0,0.0,SUB_4,EcoLodge Boutique,2,220.0,0.14,1,0.016302499371440946
desktop,Windows,Firefox,"31.1727,-96.5357","30.8688,-89.4499",0.0,0,0.0,SUB_5,Express Stop Motel,1,-99.0,0.08,0,0.016302499371440946
mobile,Android,Chrome,"45.9637,-97.847","49.8852,-113.0861",0.0,0,1.0,SUB_1,BudgetInns Global,1,85.0,0.1,1,0.045217473483287515
mobile,Android,Chrome,"45.9637,-97.847","49.8852,-113.0861",0.0,0,1.0,SUB_2,Urban Stay Suites,2,180.0,0.12,1,0.045217473483287515
mobile,Android,Chrome,"45.9637,-97.847","49.8852,-113.0861",0.0,0,1.0,SUB_3,Grand Horizon Resorts,3,450.0,0.15,0,0.02083634451868043
mobile,Android,Chrome,"45.9637,-97.847","49.8852,-113.0861",0.0,0,1.0,SUB_4,EcoLodge Boutique,2,220.0,0.14,1,0.045217473483287515
mobile,Android,Chrome,"45.9637,-97.847","49.8852,-113.0861",0.0,0,1.0,SUB_5,Express Stop Motel,1,-99.0,0.08,0,0.02083634451868043
mobile,Android,Samsung Internet,"33.9046,-95.2926","41.0951,-112.5355",0.0,0,,SUB_1,BudgetInns Global,1,85.0,0.1,1,0.029312230751356333
mobile,Android,Samsung Internet,"33.9046,-95.2926","41.0951,-112.5355",0.0,0,,SUB_2,Urban Stay Suites,2,180.0,0.12,1,0.029312230751356333
mobile,Android,Samsung Internet,"33.9046,-95.2926","41.0951,-112.5355",0.0,0,,SUB_3,Grand Horizon Resorts,3,450.0,0.15,0,0.013386917827664779
mobile,Android,Samsung Internet,"33.9046,-95.2926","41.0951,-112.5355",0.0,0,,SUB_4,EcoLodge Boutique,2,220.0,0.14,1,0.029312230751356333
mobile,Android,Samsung Internet,"33.9046,-95.2926","41.0951,-112.5355",0.0,0,,SUB_5,Express Stop Motel,1,-99.0,0.08,0,0.013386917827664779
desktop,Windows,Edge,"45.6704,-76.9477","49.0387,-77.6057",1.0,0,0.0,SUB_1,BudgetInns Global,1,85.0,0.1,1,0.03916572279676437
desktop,Windows,Edge,"45.6704,-76.9477","49.0387,-77.6057",1.0,0,0.0,SUB_2,Urban Stay Suites,2,180.0,0.12,1,0.03916572279676437
desktop,Windows,Edge,"45.6704,-76.9477","49.0387,-77.6057",1.0,0,0.0,SUB_3,Grand Horizon Resorts,3,450.0,0.15,0,0.03916572279676437
desktop,Windows,Edge,"45.6704,-76.9477","49.0387,-77.6057",1.0,0,0.0,SUB_4,EcoLodge Boutique,2,220.0,0.14,1,0.03916572279676437
desktop,Windows,Edge,"45.6704,-76.9477","49.0387,-77.6057",1.0,0,0.0,SUB_5,Express Stop Motel,1,-99.0,0.08,0,0.03916572279676437
mobile,Android,Samsung Internet,"42.7253,-96.9417","28.2256,-108.1381",0.0,0,0.0,SUB_1,BudgetInns Global,1,85.0,0.1,1,0.029312230751356333
mobile,Android,Samsung Internet,"42.7253,-96.9417","28.2256,-108.1381",0.0,0,0.0,SUB_2,Urban Stay Suites,2,180.0,0.12,1,0.029312230751356333
mobile,Android,Samsung Internet,"42.7253,-96.9417","28.2256,-108.1381",0.0,0,0.0,SUB_3,Grand Horizon Resorts,3,450.0,0.15,0,0.013386917827664779
mobile,Android,Samsung Internet,"42.7253,-96.9417","28.2256,-108.1381",0.0,0,0.0,SUB_4,EcoLodge Boutique,2,220.0,0.14,1,0.029312230751356333
mobile,Android,Samsung Internet,"42.7253,-96.9417","28.2256,-108.1381",0.0,0,0.0,SUB_5,Express Stop Motel,1,-99.0,0.08,0,0.013386917827664779
desktop,macOS,Firefox,"29.4293,-73.0034","20.2725,-82.844",0.0,0,0.0,SUB_1,BudgetInns Global,1,85.0,0.1,1,0.029312230751356333
desktop,macOS,Firefox,"29.4293,-73.0034","20.2725,-82.844",0.0,0,0.0,SUB_2,Urban Stay Suites,2,180.0,0.12,1,0.029312230751356333
desktop,macOS,Firefox,"29.4293,-73.0034","20.2725,-82.844",0.0,0,0.0,SUB_3,Grand Horizon Resorts,3,450.0,0.15,0,0.057324175898868755
desktop,macOS,Firefox,"29.4293,-73.0034","20.2725,-82.844",0.0,0,0.0,SUB_4,EcoLodge Boutique,2,220.0,0.14,1,0.029312230751356333
desktop,macOS,Firefox,"29.4293,-73.0034","20.2725,-82.844",0.0,0,0.0,SUB_5,Express Stop Motel,1,-99.0,0.08,0,0.029312230751356333
desktop,Windows,Chrome,"37.6862,-94.7998","47.0002,-79.6921",0.0,0,0.0,SUB_1,BudgetInns Global,1,85.0,0.1,1,0.029312230751356333
desktop,Windows,Chrome,"37.6862,-94.7998","47.0002,-79.6921",0.0,0,0.0,SUB_2,Urban Stay Suites,2,180.0,0.12,1,0.029312230751356333
desktop,Windows,Chrome,"37.6862,-94.7998","47.0002,-79.6921",0.0,0,0.0,SUB_3,Grand Horizon Resorts,3,450.0,0.15,0,0.029312230751356333
desktop,Windows,Chrome,"37.6862,-94.7998","47.0002,-79.6921",0.0,0,0.0,SUB_4,EcoLodge Boutique,2,220.0,0.14,1,0.029312230751356333
desktop,Windows,Chrome,"37.6862,-94.7998","47.0002,-79.6921",0.0,0,0.0,SUB_5,Express Stop Motel,1,-99.0,0.08,0,0.029312230751356333
mobile,Android,safari_mobile,"41.9347,-72.54","35.1142,-88.9574",0.0,0,0.0,SUB_1,BudgetInns Global,1,85.0,0.1,1,0.029312230751356333
mobile,Android,safari_mobile,"41.9347,-72.54","35.1142,-88.9574",0.0,0,0.0,SUB_2,Urban Stay Suites,2,180.0,0.12,1,0.029312230751356333
mobile,Android,safari_mobile,"41.9347,-72.54","35.1142,-88.9574",0.0,0,0.0,SUB_3,Grand Horizon Resorts,3,450.0,0.15,0,0.013386917827664779
mobile,Android,safari_mobile,"41.9347,-72.54","35.1142,-88.9574",0.0,0,0.0,SUB_4,EcoLodge Boutique,2,220.0,0.14,1,0.029312230751356333
mobile,Android,safari_mobile,"41.9347,-72.54","35.1142,-88.9574",0.0,0,0.0,SUB_5,Express Stop Motel,1,-99.0,0.08,0,0.013386917827664779
mobile,Android,Samsung Internet,"30.8759,-78.3584","37.8228,-69.7438",0.0,0,1.0,SUB_1,BudgetInns Global,1,85.0,0.1,1,0.045217473483287515
mobile,Android,Samsung Internet,"30.8759,-78.3584","37.8228,-69.7438",0.0,0,1.0,SUB_2,Urban Stay Suites,2,180.0,0.12,1,0.045217473483287515
mobile,Android,Samsung Internet,"30.8759,-78.3584","37.8228,-69.7438",0.0,0,1.0,SUB_3,Grand Horizon Resorts,3,450.0,0.15,0,0.02083634451868043
mobile,Android,Samsung Internet,"30.8759,-78.3584","37.8228,-69.7438",0.0,0,1.0,SUB_4,EcoLodge Boutique,2,220.0,0.14,1,0.045217473483287515
mobile,Android,Samsung Internet,"30.8759,-78.3584","37.8228,-69.7438",0.0,0,1.0,SUB_5,Express Stop Motel,1,-99.0,0.08,0,0.02083634451868043
desktop,Linux,Firefox,"45.7672,-101.8784","41.9308,-111.0327",0.0,0,0.0,SUB_1,BudgetInns Global,1,85.0,0.1,1,0.016302499371440946
desktop,Linux,Firefox,"45.7672,-101.8784","41.9308,-111.0327",0.0,0,0.0,SUB_2,Urban Stay Suites,2,180.0,0.12,1,0.016302499371440946
desktop,Linux,Firefox,"45.7672,-101.8784","41.9308,-111.0327",0.0,0,0.0,SUB_3,Grand Horizon Resorts,3,450.0,0.15,0,0.016302499371440946
desktop,Linux,Firefox,"45.7672,-101.8784","41.9308,-111.0327",0.0,0,0.0,SUB_4,EcoLodge Boutique,2,220.0,0.14,1,0.016302499371440946
desktop,Linux,Firefox,"45.7672,-101.8784","41.9308,-111.0327",0.0,0,0.0,SUB_5,Express Stop Motel,1,-99.0,0.08,0,0.016302499371440946
mobile,Android,Samsung Internet,"38.6207,-76.8179","39.2772,-66.4048",0.0,0,0.0,SUB_1,BudgetInns Global,1,85.0,0.1,1,0.016302499371440946
mobile,Android,Samsung Internet,"38.6207,-76.8179","39.2772,-66.4048",0.0,0,0.0,SUB_2,Urban Stay Suites,2,180.0,0.12,1,0.016302499371440946
mobile,Android,Samsung Internet,"38.6207,-76.8179","39.2772,-66.4048",0.0,0,0.0,SUB_3,Grand Horizon Resorts,3,450.0,0.15,0,0.007391541344281977
mobile,Android,Samsung Internet,"38.6207,-76.8179","39.2772,-66.4048",0.0,0,0.0,SUB_4,EcoLodge Boutique,2,220.0,0.14,1,0.016302499371440946
mobile,Android,Samsung Internet,"38.6207,-76.8179","39.2772,-66.4048",0.0,0,0.0,SUB_5,Express Stop Motel,1,-99.0,0.08,0,0.007391541344281977
desktop,macOS,Firefox,"29.1311,-114.4968","16.1703,-105.6003",0.0,0,0.0,SUB_1,BudgetInns Global,1,85.0,0.1,1,0.029312230751356333
desktop,macOS,Firefox,"29.1311,-114.4968","16.1703,-105.6003",0.0,0,0.0,SUB_2,Urban Stay Suites,2,180.0,0.12,1,0.029312230751356333
desktop,macOS,Firefox,"29.1311,-114.4968","16.1703,-105.6003",0.0,0,0.0,SUB_3,Grand Horizon Resorts,3,450.0,0.15,0,0.057324175898868755
desktop,macOS,Firefox,"29.1311,-114.4968","16.1703,-105.6003",0.0,0,0.0,SUB_4,EcoLodge Boutique,2,220.0,0.14,1,0.029312230751356333
desktop,macOS,Firefox,"29.1311,-114.4968","16.1703,-105.6003",0.0,0,0.0,SUB_5,Express Stop Motel,1,-99.0,0.08,0,0.029312230751356333
tablet,Android,Samsung Internet,"39.5746,-73.7476","30.0114,-93.4519",0.0,0,0.0,SUB_1,BudgetInns Global,1,85.0,0.1,1,0.029312230751356333
tablet,Android,Samsung Internet,"39.5746,-73.7476","30.0114,-93.4519",0.0,0,0.0,SUB_2,Urban Stay Suites,2,180.0,0.12,1,0.029312230751356333
tablet,Android,Samsung Internet,"39.5746,-73.7476","30.0114,-93.4519",0.0,0,0.0,SUB_3,Grand Horizon Resorts,3,450.0,0.15,0,0.029312230751356333
tablet,Android,Samsung Internet,"39.5746,-73.7476","30.0114,-93.4519",0.0,0,0.0,SUB_4,EcoLodge Boutique,2,220.0,0.14,1,0.029312230751356333
tablet,Android,Samsung Internet,"39.5746,-73.7476","30.0114,-93.4519",0.0,0,0.0,SUB_5,Express Stop Motel,1,-99.0,0.08,0,0.029312230751356333
desktop,Linux,Chrome,"49.9928,-88.4178","63.7087,-88.0524",0.0,0,0.0,SUB_1,BudgetInns Global,1,85.0,0.1,1,0.029312230751356333
desktop,Linux,Chrome,"49.9928,-88.4178","63.7087,-88.0524",0.0,0,0.0,SUB_2,Urban Stay Suites,2,180.0,0.12,1,0.029312230751356333
desktop,Linux,Chrome,"49.9928,-88.4178","63.7087,-88.0524",0.0,0,0.0,SUB_3,Grand Horizon Resorts,3,450.0,0.15,0,0.029312230751356333
desktop,Linux,Chrome,"49.9928,-88.4178","63.7087,-88.0524",0.0,0,0.0,SUB_4,EcoLodge Boutique,2,220.0,0.14,1,0.029312230751356333
desktop,Linux,Chrome,"49.9928,-88.4178","63.7087,-88.0524",0.0,0,0.0,SUB_5,Express Stop Motel,1,-99.0,0.08,0,0.029312230751356333
mobile,iOS,Safari,"28.763,-117.2805","40.4671,-131.7077",0.0,0,1.0,SUB_1,BudgetInns Global,1,85.0,0.1,1,0.045217473483287515
mobile,iOS,Safari,"28.763,-117.2805","40.4671,-131.7077",0.0,0,1.0,SUB_2,Urban Stay Suites,2,180.0,0.12,1,0.045217473483287515
mobile,iOS,Safari,"28.763,-117.2805","40.4671,-131.7077",0.0,0,1.0,SUB_3,Grand Horizon Resorts,3,450.0,0.15,0,0.02083634451868043
mobile,iOS,Safari,"28.763,-117.2805","40.4671,-131.7077",0.0,0,1.0,SUB_4,EcoLodge Boutique,2,220.0,0.14,1,0.045217473483287515
mobile,iOS,Safari,"28.763,-117.2805","40.4671,-131.7077",0.0,0,1.0,SUB_5,Express Stop Motel,1,-99.0,0.08,0,0.02083634451868043
desktop,Linux,Firefox,"45.4189,-87.7872","49.9872,-73.1381",0.0,0,1.0,SUB_1,BudgetInns Global,1,85.0,0.1,1,0.045217473483287515
desktop,Linux,Firefox,"45.4189,-87.7872","49.9872,-73.1381",0.0,0,1.0,SUB_2,Urban Stay Suites,2,180.0,0.12,1,0.045217473483287515
desktop,Linux,Firefox,"45.4189,-87.7872","49.9872,-73.1381",0.0,0,1.0,SUB_3,Grand Horizon Resorts,3,450.0,0.15,0,0.045217473483287515
desktop,Linux,Firefox,"45.4189,-87.7872","49.9872,-73.1381",0.0,0,1.0,SUB_4,EcoLodge Boutique,2,220.0,0.14,1,0.045217473483287515
desktop,Linux,Firefox,"45.4189,-87.7872","49.9872,-73.1381",0.0,0,1.0,SUB_5,Express Stop Motel,1,-99.0,0.08,0,0.045217473483287515
mobile,iOS,Chrome,"30.1827,-71.2876","28.972,-56.4242",0.0,0,0.0,SUB_1,BudgetInns Global,1,85.0,0.1,1,0.029312230751356333
mobile,iOS,Chrome,"30.1827,-71.2876","28.972,-56.4242",0.0,0,0.0,SUB_2,Urban Stay Suites,2,180.0,0.12,1,0.029312230751356333
mobile,iOS,Chrome,"30.1827,-71.2876","28.972,-56.4242",0.0,0,0.0,SUB_3,Grand Horizon Resorts,3,450.0,0.15,0,0.013386917827664779
mobile,iOS,Chrome,"30.1827,-71.2876","28.972,-56.4242",0.0,0,0.0,SUB_4,EcoLodge Boutique,2,220.0,0.14,1,0.029312230751356333
mobile,iOS,Chrome,"30.1827,-71.2876","28.972,-56.4242",0.0,0,0.0,SUB_5,Express Stop Motel,1,-99.0,0.08,0,0.013386917827664779
mobile,Android,Samsung Internet,"44.5597,-116.51","49.8325,-119.7762",1.0,0,1.0,SUB_1,BudgetInns Global,1,85.0,0.1,1,0.060086650174007654
mobile,Android,Samsung Internet,"44.5597,-116.51","49.8325,-119.7762",1.0,0,1.0,SUB_2,Urban Stay Suites,2,180.0,0.12,1,0.060086650174007654
mobile,Android,Samsung Internet,"44.5597,-116.51","49.8325,-119.7762",1.0,0,1.0,SUB_3,Grand Horizon Resorts,3,450.0,0.15,0,0.027922573784073024
mobile,Android,Samsung Internet,"44.5597,-116.51","49.8325,-119.7762",1.0,0,1.0,SUB_4,EcoLodge Boutique,2,220.0,0.14,1,0.060086650174007654
mobile,Android,Samsung Internet,"44.5597,-116.51","49.8325,-119.7762",1.0,0,1.0,SUB_5,Express Stop Motel,1,-99.0,0.08,0,0.027922573784073024
tablet,iOS,Safari,"43.3644,-92.2656","46.9227,-94.4898",0.0,0,0.0,SUB_1,BudgetInns Global,1,85.0,0.1,1,0.016302499371440946
tablet,iOS,Safari,"43.3644,-92.2656","46.9227,-94.4898",0.0,0,0.0,SUB_2,Urban Stay Suites,2,180.0,0.12,1,0.016302499371440946
tablet,iOS,Safari,"43.3644,-92.2656","46.9227,-94.4898",0.0,0,0.0,SUB_3,Grand Horizon Resorts,3,450.0,0.15,0,0.016302499371440946
tablet,iOS,Safari,"43.3644,-92.2656","46.9227,-94.4898",0.0,0,0.0,SUB_4,EcoLodge Boutique,2,220.0,0.14,1,0.016302499371440946
tablet,iOS,Safari,"43.3644,-92.2656","46.9227,-94.4898",0.0,0,0.0,SUB_5,Express Stop Motel,1,-99.0,0.08,0,0.016302499371440946
mobile,Android,Chrome,"32.5122,-82.6103","34.5688,-90.479",1.0,0,0.0,SUB_1,BudgetInns Global,1,85.0,0.1,1,0.03916572279676437
mobile,Android,Chrome,"32.5122,-82.6103","34.5688,-90.479",1.0,0,0.0,SUB_2,Urban Stay Suites,2,180.0,0.12,1,0.03916572279676437
mobile,Android,Chrome,"32.5122,-82.6103","34.5688,-90.479",1.0,0,0.0,SUB_3,Grand Horizon Resorts,3,450.0,0.15,0,0.01798620996209156
mobile,Android,Chrome,"32.5122,-82.6103","34.5688,-90.479",1.0,0,0.0,SUB_4,EcoLodge Boutique,2,220.0,0.14,1,0.03916572279676437
mobile,Android,Chrome,"32.5122,-82.6103","34.5688,-90.479",1.0,0,0.0,SUB_5,Express Stop Motel,1,-99.0,0.08,0,0.01798620996209156
tablet,iOS,safari_mobile,"33.1456,-79.4871","19.9209,-70.8228",1.0,0,0.0,SUB_1,BudgetInns Global,1,85.0,0.1,1,0.06913842034334684
tablet,iOS,safari_mobile,"33.1456,-79.4871","19.9209,-70.8228",1.0,0,0.0,SUB_2,Urban Stay Suites,2,180.0,0.12,1,0.06913842034334684
tablet,iOS,safari_mobile,"33.1456,-79.4871","19.9209,-70.8228",1.0,0,0.0,SUB_3,Grand Horizon Resorts,3,450.0,0.15,0,0.06913842034334684
tablet,iOS,safari_mobile,"33.1456,-79.4871","19.9209,-70.8228",1.0,0,0.0,SUB_4,EcoLodge Boutique,2,220.0,0.14,1,0.06913842034334684
tablet,iOS,safari_mobile,"33.1456,-79.4871","19.9209,-70.8228",1.0,0,0.0,SUB_5,Express Stop Motel,1,-99.0,0.08,0,0.06913842034334684
tablet,iOS,Safari,"44.813,-99.3086","48.7971,-104.9621",0.0,0,1.0,SUB_1,BudgetInns Global,1,85.0,0.1,1,0.025332703226871745
tablet,iOS,Safari,"44.813,-99.3086","48.7971,-104.9621",0.0,0,1.0,SUB_2,Urban Stay Suites,2,180.0,0.12,1,0.025332703226871745
tablet,iOS,Safari,"44.813,-99.3086","48.7971,-104.9621",0.0,0,1.0,SUB_3,Grand Horizon Resorts,3,450.0,0.15,0,0.025332703226871745
tablet,iOS,Safari,"44.813,-99.3086","48.7971,-104.9621",0.0,0,1.0,SUB_4,EcoLodge Boutique,2,220.0,0.14,1,0.025332703226871745
tablet,iOS,Safari,"44.813,-99.3086","48.7971,-104.9621",0.0,0,1.0,SUB_5,Express Stop Motel,1,-99.0,0.08,0,0.025332703226871745
mobile,iOS,Chrome,"36.5361,-109.7917","44.6037,-119.08",0.0,0,0.0,SUB_1,BudgetInns Global,1,85.0,0.1,1,0.029312230751356333
mobile,iOS,Chrome,"36.5361,-109.7917","44.6037,-119.08",0.0,0,0.0,SUB_2,Urban Stay Suites,2,180.0,0.12,1,0.029312230751356333
mobile,iOS,Chrome,"36.5361,-109.7917","44.6037,-119.08",0.0,0,0.0,SUB_3,Grand Horizon Resorts,3,450.0,0.15,0,0.013386917827664779
mobile,iOS,Chrome,"36.5361,-109.7917","44.6037,-119.08",0.0,0,0.0,SUB_4,EcoLodge Boutique,2,220.0,0.14,1,0.029312230751356333
mobile,iOS,Chrome,"36.5361,-109.7917","44.6037,-119.08",0.0,0,0.0,SUB_5,Express Stop Motel,1,-99.0,0.08,0,0.013386917827664779
mobile,iOS,Chrome,"43.2705,-117.8829","58.0929,-120.5937",1.0,0,0.0,SUB_1,BudgetInns Global,1,85.0,0.1,1,0.06913842034334684
mobile,iOS,Chrome,"43.2705,-117.8829","58.0929,-120.5937",1.0,0,0.0,SUB_2,Urban Stay Suites,2,180.0,0.12,1,0.06913842034334684
mobile,iOS,Chrome,"43.2705,-117.8829","58.0929,-120.5937",1.0,0,0.0,SUB_3,Grand Horizon Resorts,3,450.0,0.15,0,0.03229546469845053
mobile,iOS,Chrome,"43.2705,-117.8829","58.0929,-120.5937",1.0,0,0.0,SUB_4,EcoLodge Boutique,2,220.0,0.14,1,0.06913842034334684
mobile,iOS,Chrome,"43.2705,-117.8829","58.0929,-120.5937",1.0,0,0.0,SUB_5,Express Stop Motel,1,-99.0,0.08,0,0.03229546469845053
mobile,Android,Chrome,"28.6996,-91.0137","14.032,-107.3542",0.0,0,0.0,SUB_1,BudgetInns Global,1,85.0,0.1,1,0.029312230751356333
mobile,Android,Chrome,"28.6996,-91.0137","14.032,-107.3542",0.0,0,0.0,SUB_2,Urban Stay Suites,2,180.0,0.12,1,0.029312230751356333
mobile,Android,Chrome,"28.6996,-91.0137","14.032,-107.3542",0.0,0,0.0,SUB_3,Grand Horizon Resorts,3,450.0,0.15,0,0.013386917827664779
mobile,Android,Chrome,"28.6996,-91.0137","14.032,-107.3542",0.0,0,0.0,SUB_4,EcoLodge Boutique,2,220.0,0.14,1,0.029312230751356333
mobile,Android,Chrome,"28.6996,-91.0137","14.032,-107.3542",0.0,0,0.0,SUB_5,Express Stop Motel,1,-99.0,0.08,0,0.013386917827664779
mobile,iOS,Safari,"46.3139,-97.3544","53.2191,-87.4903",0.0,0,0.0,SUB_1,BudgetInns Global,1,85.0,0.1,1,0.029312230751356333
mobile,iOS,Safari,"46.3139,-97.3544","53.2191,-87.4903",0.0,0,0.0,SUB_2,Urban Stay Suites,2,180.0,0.12,1,0.029312230751356333
mobile,iOS,Safari,"46.3139,-97.3544","53.2191,-87.4903",0.0,0,0.0,SUB_3,Grand Horizon Resorts,3,450.0,0.15,0,0.013386917827664779
mobile,iOS,Safari,"46.3139,-97.3544","53.2191,-87.4903",0.0,0,0.0,SUB_4,EcoLodge Boutique,2,220.0,0.14,1,0.029312230751356333
mobile,iOS,Safari,"46.3139,-97.3544","53.2191,-87.4903",0.0,0,0.0,SUB_5,Express Stop Motel,1,-99.0,0.08,0,0.013386917827664779
mobile,iOS,Safari,"42.7721,-72.5628","44.9258,-92.0589",1.0,0,0.0,SUB_1,BudgetInns Global,1,85.0,0.1,1,0.06913842034334684
mobile,iOS,Safari,"42.7721,-72.5628","44.9258,-92.0589",1.0,0,0.0,SUB_2,Urban Stay Suites,2,180.0,0.12,1,0.06913842034334684
mobile,iOS,Safari,"42.7721,-72.5628","44.9258,-92.0589",1.0,0,0.0,SUB_3,Grand Horizon Resorts,3,450.0,0.15,0,0.03229546469845053
mobile,iOS,Safari,"42.7721,-72.5628","44.9258,-92.0589",1.0,0,0.0,SUB_4,EcoLodge Boutique,2,220.0,0.14,1,0.06913842034334684
mobile,iOS,Safari,"42.7721,-72.5628","44.9258,-92.0589",1.0,0,0.0,SUB_5,Express Stop Motel,1,-99.0,0.08,0,0.03229546469845053
desktop,Linux,Firefox,"47.6736,-116.9698","45.6952,-111.1904",0.0,0,0.0,SUB_1,BudgetInns Global,1,85.0,0.1,1,0.016302499371440946
desktop,Linux,Firefox,"47.6736,-116.9698","45.6952,-111.1904",0.0,0,0.0,SUB_2,Urban Stay Suites,2,180.0,0.12,1,0.016302499371440946
desktop,Linux,Firefox,"47.6736,-116.9698","45.6952,-111.1904",0.0,0,0.0,SUB_3,Grand Horizon Resorts,3,450.0,0.15,0,0.016302499371440946
desktop,Linux,Firefox,"47.6736,-116.9698","45.6952,-111.1904",0.0,0,0.0,SUB_4,EcoLodge Boutique,2,220.0,0.14,1,0.016302499371440946
desktop,Linux,Firefox,"47.6736,-116.9698","45.6952,-111.1904",0.0,0,0.0,SUB_5,Express Stop Motel,1,-99.0,0.08,0,0.016302499371440946
mobile,iOS,,"28.3093,-85.7302","17.1364,-98.4156",0.0,0,0.0,SUB_1,BudgetInns Global,1,85.0,0.1,1,0.029312230751356333
mobile,iOS,,"28.3093,-85.7302","17.1364,-98.4156",0.0,0,0.0,SUB_2,Urban Stay Suites,2,180.0,0.12,1,0.029312230751356333
mobile,iOS,,"28.3093,-85.7302","17.1364,-98.4156",0.0,0,0.0,SUB_3,Grand Horizon Resorts,3,450.0,0.15,0,0.013386917827664779
mobile,iOS,,"28.3093,-85.7302","17.1364,-98.4156",0.0,0,0.0,SUB_4,EcoLodge Boutique,2,220.0,0.14,1,0.029312230751356333
mobile,iOS,,"28.3093,-85.7302","17.1364,-98.4156",0.0,0,0.0,SUB_5,Express Stop Motel,1,-99.0,0.08,0,0.013386917827664779
mobile,Android,Samsung Internet,"39.8254,-118.7517","37.098,-129.4555",0.0,1,0.0,SUB_1,BudgetInns Global,1,85.0,0.1,1,0.016302499371440946
mobile,Android,Samsung Internet,"39.8254,-118.7517","37.098,-129.4555",0.0,0,0.0,SUB_2,Urban Stay Suites,2,180.0,0.12,1,0.016302499371440946
mobile,Android,Samsung Internet,"39.8254,-118.7517","37.098,-129.4555",0.0,0,0.0,SUB_3,Grand Horizon Resorts,3,450.0,0.15,0,0.007391541344281977
mobile,Android,Samsung Internet,"39.8254,-118.7517","37.098,-129.4555",0.0,0,0.0,SUB_4,EcoLodge Boutique,2,220.0,0.14,1,0.016302499371440946
mobile,Android,Samsung Internet,"39.8254,-118.7517","37.098,-129.4555",0.0,0,0.0,SUB_5,Express Stop Motel,1,-99.0,0.08,0,0.007391541344281977
desktop,Linux,Chrome,"39.978,-111.4283","35.6093,-106.003",1.0,0,0.0,SUB_1,BudgetInns Global,1,85.0,0.1,1,0.03916572279676437
desktop,Linux,Chrome,"39.978,-111.4283","35.6093,-106.003",1.0,0,0.0,SUB_2,Urban Stay Suites,2,180.0,0.12,1,0.03916572279676437
desktop,Linux,Chrome,"39.978,-111.4283","35.6093,-106.003",1.0,0,0.0,SUB_3,Grand Horizon Resorts,3,450.0,0.15,0,0.03916572279676437
desktop,Linux,Chrome,"39.978,-111.4283","35.6093,-106.003",1.0,0,0.0,SUB_4,EcoLodge Boutique,2,220.0,0.14,1,0.03916572279676437
desktop,Linux,Chrome,"39.978,-111.4283","35.6093,-106.003",1.0,0,0.0,SUB_5,Express Stop Motel,1,-99.0,0.08,0,0.03916572279676437
mobile,Android,Chrome,"33.8365,-97.3211","27.9214,-77.6034",0.0,0,0.0,SUB_1,BudgetInns Global,1,85.0,0.1,1,0.029312230751356333
mobile,Android,Chrome,"33.8365,-97.3211","27.9214,-77.6034",0.0,0,0.0,SUB_2,Urban Stay Suites,2,180.0,0.12,1,0.029312230751356333
mobile,Android,Chrome,"33.8365,-97.3211","27.9214,-77.6034",0.0,0,0.0,SUB_3,Grand Horizon Resorts,3,450.0,0.15,0,0.013386917827664779
mobile,Android,Chrome,"33.8365,-97.3211","27.9214,-77.6034",0.0,0,0.0,SUB_4,EcoLodge Boutique,2,220.0,0.14,1,0.029312230751356333
mobile,Android,Chrome,"33.8365,-97.3211","27.9214,-77.6034",0.0,0,0.0,SUB_5,Express Stop Motel,1,-99.0,0.08,0,0.013386917827664779
desktop,macOS,Safari,"36.4617,-97.2564","43.3881,-86.1477",0.0,0,0.0,SUB_1,BudgetInns Global,1,85.0,0.1,1,0.029312230751356333
desktop,macOS,Safari,"36.4617,-97.2564","43.3881,-86.1477",0.0,0,0.0,SUB_2,Urban Stay Suites,2,180.0,0.12,1,0.029312230751356333
desktop,macOS,Safari,"36.4617,-97.2564","43.3881,-86.1477",0.0,1,0.0,SUB_3,Grand Horizon Resorts,3,450.0,0.15,0,0.057324175898868755
desktop,macOS,Safari,"36.4617,-97.2564","43.3881,-86.1477",0.0,0,0.0,SUB_4,EcoLodge Boutique,2,220.0,0.14,1,0.029312230751356333
desktop,macOS,Safari,"36.4617,-97.2564","43.3881,-86.1477",0.0,0,0.0,SUB_5,Express Stop Motel,1,-99.0,0.08,0,0.029312230751356333
mobile,Android,Chrome,"25.9495,-85.715","31.9713,-96.6814",1.0,0,0.0,SUB_1,BudgetInns Global,1,85.0,0.1,1,0.06913842034334684
mobile,Android,Chrome,"25.9495,-85.715","31.9713,-96.6814",1.0,0,0.0,SUB_2,Urban Stay Suites,2,180.0,0.12,1,0.06913842034334684
mobile,Android,Chrome,"25.9495,-85.715","31.9713,-96.6814",1.0,0,0.0,SUB_3,Grand Horizon Resorts,3,450.0,0.15,0,0.03229546469845053
mobile,Android,Chrome,"25.9495,-85.715","31.9713,-96.6814",1.0,0,0.0,SUB_4,EcoLodge Boutique,2,220.0,0.14,1,0.06913842034334684
mobile,Android,Chrome,"25.9495,-85.715","31.9713,-96.6814",1.0,0,0.0,SUB_5,Express Stop Motel,1,-99.0,0.08,0,0.03229546469845053
mobile,Android,Samsung Internet,"43.6465,-74.4893","46.3171,-87.4483",0.0,0,0.0,SUB_1,BudgetInns Global,1,85.0,0.1,1,0.029312230751356333
mobile,Android,Samsung Internet,"43.6465,-74.4893","46.3171,-87.4483",0.0,0,0.0,SUB_2,Urban Stay Suites,2,180.0,0.12,1,0.029312230751356333
mobile,Android,Samsung Internet,"43.6465,-74.4893","46.3171,-87.4483",0.0,0,0.0,SUB_3,Grand Horizon Resorts,3,450.0,0.15,0,0.013386917827664779
mobile,Android,Samsung Internet,"43.6465,-74.4893","46.3171,-87.4483",0.0,0,0.0,SUB_4,EcoLodge Boutique,2,220.0,0.14,1,0.029312230751356333
mobile,Android,Samsung Internet,"43.6465,-74.4893","46.3171,-87.4483",0.0,0,0.0,SUB_5,Express Stop Motel,1,-99.0,0.08,0,0.013386917827664779
desktop,Windows,Chrome,"38.7331,-88.0484","51.893,-73.3991",0.0,0,0.0,SUB_1,BudgetInns Global,1,85.0,0.1,1,0.029312230751356333
desktop,Windows,Chrome,"38.7331,-88.0484","51.893,-73.3991",0.0,0,0.0,SUB_2,Urban Stay Suites,2,180.0,0.12,1,0.029312230751356333
desktop,Windows,Chrome,"38.7331,-88.0484","51.893,-73.3991",0.0,0,0.0,SUB_3,Grand Horizon Resorts,3,450.0,0.15,0,0.029312230751356333
desktop,Windows,Chrome,"38.7331,-88.0484","51.893,-73.3991",0.0,0,0.0,SUB_4,EcoLodge Boutique,2,220.0,0.14,1,0.029312230751356333
desktop,Windows,Chrome,"38.7331,-88.0484","51.893,-73.3991",0.0,0,0.0,SUB_5,Express Stop Motel,1,-99.0,0.08,0,0.029312230751356333
desktop,Windows,Chrome,"26.4435,-72.3232","21.9391,-74.5558",0.0,0,0.0,SUB_1,BudgetInns Global,1,85.0,0.1,1,0.016302499371440946
desktop,Windows,Chrome,"26.4435,-72.3232","21.9391,-74.5558",0.0,0,0.0,SUB_2,Urban Stay Suites,2,180.0,0.12,1,0.016302499371440946
desktop,Windows,Chrome,"26.4435,-72.3232","21.9391,-74.5558",0.0,0,0.0,SUB_3,Grand Horizon Resorts,3,450.0,0.15,0,0.016302499371440946
desktop,Windows,Chrome,"26.4435,-72.3232","21.9391,-74.5558",0.0,0,0.0,SUB_4,EcoLodge Boutique,2,220.0,0.14,1,0.016302499371440946
desktop,Windows,Chrome,"26.4435,-72.3232","21.9391,-74.5558",0.0,0,0.0,SUB_5,Express Stop Motel,1,-99.0,0.08,0,0.016302499371440946
desktop,Linux,Chrome,"42.0189,-75.9192","34.333,-90.4371",0.0,0,0.0,SUB_1,BudgetInns Global,1,85.0,0.1,1,0.029312230751356333
desktop,Linux,Chrome,"42.0189,-75.9192","34.333,-90.4371",0.0,0,0.0,SUB_2,Urban Stay Suites,2,180.0,0.12,1,0.029312230751356333
desktop,Linux,Chrome,"42.0189,-75.9192","34.333,-90.4371",0.0,0,0.0,SUB_3,Grand Horizon Resorts,3,450.0,0.15,0,0.029312230751356333
desktop,Linux,Chrome,"42.0189,-75.9192","34.333,-90.4371",0.0,0,0.0,SUB_4,EcoLodge Boutique,2,220.0,0.14,1,0.029312230751356333
desktop,Linux,Chrome,"42.0189,-75.9192","34.333,-90.4371",0.0,0,0.0,SUB_5,Express Stop Motel,1,-99.0,0.08,0,0.029312230751356333
desktop,Windows,Chrome,"36.6696,-90.775","41.3467,-76.2865",0.0,1,0.0,SUB_1,BudgetInns Global,1,85.0,0.1,1,0.029312230751356333
desktop,Windows,Chrome,"36.6696,-90.775","41.3467,-76.2865",0.0,0,0.0,SUB_2,Urban Stay Suites,2,180.0,0.12,1,0.029312230751356333
desktop,Windows,Chrome,"36.6696,-90.775","41.3467,-76.2865",0.0,0,0.0,SUB_3,Grand Horizon Resorts,3,450.0,0.15,0,0.029312230751356333
desktop,Windows,Chrome,"36.6696,-90.775","41.3467,-76.2865",0.0,0,0.0,SUB_4,EcoLodge Boutique,2,220.0,0.14,1,0.029312230751356333
desktop,Windows,Chrome,"36.6696,-90.775","41.3467,-76.2865",0.0,0,0.0,SUB_5,Express Stop Motel,1,-99.0,0.08,0,0.029312230751356333
desktop,Windows,Firefox,"25.8615,-78.3104","16.8259,-65.6667",0.0,0,0.0,SUB_1,BudgetInns Global,1,85.0,0.1,1,0.029312230751356333
desktop,Windows,Firefox,"25.8615,-78.3104","16.8259,-65.6667",0.0,0,0.0,SUB_2,Urban Stay Suites,2,180.0,0.12,1,0.029312230751356333
desktop,Windows,Firefox,"25.8615,-78.3104","16.8259,-65.6667",0.0,0,0.0,SUB_3,Grand Horizon Resorts,3,450.0,0.15,0,0.029312230751356333
desktop,Windows,Firefox,"25.8615,-78.3104","16.8259,-65.6667",0.0,0,0.0,SUB_4,EcoLodge Boutique,2,220.0,0.14,1,0.029312230751356333
desktop,Windows,Firefox,"25.8615,-78.3104","16.8259,-65.6667",0.0,0,0.0,SUB_5,Express Stop Motel,1,-99.0,0.08,0,0.029312230751356333
mobile,iOS,Safari,"49.2402,-87.8711","43.6905,-68.5148",0.0,0,,SUB_1,BudgetInns Global,1,85.0,0.1,1,0.029312230751356333
mobile,iOS,Safari,"49.2402,-87.8711","43.6905,-68.5148",0.0,0,,SUB_2,Urban Stay Suites,2,180.0,0.12,1,0.029312230751356333
mobile,iOS,Safari,"49.2402,-87.8711","43.6905,-68.5148",0.0,0,,SUB_3,Grand Horizon Resorts,3,450.0,0.15,0,0.013386917827664779
mobile,iOS,Safari,"49.2402,-87.8711","43.6905,-68.5148",0.0,0,,SUB_4,EcoLodge Boutique,2,220.0,0.14,1,0.029312230751356333
mobile,iOS,Safari,"49.2402,-87.8711","43.6905,-68.5148",0.0,0,,SUB_5,Express Stop Motel,1,-99.0,0.08,0,0.013386917827664779
mobile,iOS,Chrome,"48.7278,-116.0721","40.4659,-99.6824",1.0,0,0.0,SUB_1,BudgetInns Global,1,85.0,0.1,1,0.06913842034334684
mobile,iOS,Chrome,"48.7278,-116.0721","40.4659,-99.6824",1.0,0,0.0,SUB_2,Urban Stay Suites,2,180.0,0.12,1,0.06913842034334684
mobile,iOS,Chrome,"48.7278,-116.0721","40.4659,-99.6824",1.0,0,0.0,SUB_3,Grand Horizon Resorts,3,450.0,0.15,0,0.03229546469845053
mobile,iOS,Chrome,"48.7278,-116.0721","40.4659,-99.6824",1.0,0,0.0,SUB_4,EcoLodge Boutique,2,220.0,0.14,1,0.06913842034334684
mobile,iOS,Chrome,"48.7278,-116.0721","40.4659,-99.6824",1.0,0,0.0,SUB_5,Express Stop Motel,1,-99.0,0.08,0,0.03229546469845053
desktop,Linux,,"37.8226,-82.9718","24.8972,-68.9002",0.0,0,0.0,SUB_1,BudgetInns Global,1,85.0,0.1,1,0.029312230751356333
desktop,Linux,,"37.8226,-82.9718","24.8972,-68.9002",0.0,0,0.0,SUB_2,Urban Stay Suites,2,180.0,0.12,1,0.029312230751356333
desktop,Linux,,"37.8226,-82.9718","24.8972,-68.9002",0.0,0,0.0,SUB_3,Grand Horizon Resorts,3,450.0,0.15,0,0.029312230751356333
desktop,Linux,,"37.8226,-82.9718","24.8972,-68.9002",0.0,0,0.0,SUB_4,EcoLodge Boutique,2,220.0,0.14,1,0.029312230751356333
desktop,Linux,,"37.8226,-82.9718","24.8972,-68.9002",0.0,0,0.0,SUB_5,Express Stop Motel,1,-99.0,0.08,0,0.029312230751356333
desktop,Windows,Firefox,"27.3418,-115.2546","37.1668,-133.1516",0.0,0,0.0,SUB_1,BudgetInns Global,1,85.0,0.1,1,0.029312230751356333
desktop,Windows,Firefox,"27.3418,-115.2546","37.1668,-133.1516",0.0,0,0.0,SUB_2,Urban Stay Suites,2,180.0,0.12,1,0.029312230751356333
desktop,Windows,Firefox,"27.3418,-115.2546","37.1668,-133.1516",0.0,0,0.0,SUB_3,Grand Horizon Resorts,3,450.0,0.15,0,0.029312230751356333
desktop,Windows,Firefox,"27.3418,-115.2546","37.1668,-133.1516",0.0,0,0.0,SUB_4,EcoLodge Boutique,2,220.0,0.14,1,0.029312230751356333
desktop,Windows,Firefox,"27.3418,-115.2546","37.1668,-133.1516",0.0,0,0.0,SUB_5,Express Stop Motel,1,-99.0,0.08,0,0.029312230751356333
tablet,iOS,Safari,"43.8655,-90.2959","36.5017,-106.1193",0.0,0,,SUB_1,BudgetInns Global,1,85.0,0.1,1,0.029312230751356333
tablet,iOS,Safari,"43.8655,-90.2959","36.5017,-106.1193",0.0,0,,SUB_2,Urban Stay Suites,2,180.0,0.12,1,0.029312230751356333
tablet,iOS,Safari,"43.8655,-90.2959","36.5017,-106.1193",0.0,0,,SUB_3,Grand Horizon Resorts,3,450.0,0.15,0,0.029312230751356333
tablet,iOS,Safari,"43.8655,-90.2959","36.5017,-106.1193",0.0,0,,SUB_4,EcoLodge Boutique,2,220.0,0.14,1,0.029312230751356333
tablet,iOS,Safari,"43.8655,-90.2959","36.5017,-106.1193",0.0,0,,SUB_5,Express Stop Motel,1,-99.0,0.08,0,0.029312230751356333
mobile,iOS,,"37.2983,-84.868","36.4891,-82.1087",1.0,0,1.0,SUB_1,BudgetInns Global,1,85.0,0.1,1,0.060086650174007654
mobile,iOS,,"37.2983,-84.868","36.4891,-82.1087",1.0,0,1.0,SUB_2,Urban Stay Suites,2,180.0,0.12,1,0.060086650174007654
mobile,iOS,,"37.2983,-84.868","36.4891,-82.1087",1.0,0,1.0,SUB_3,Grand Horizon Resorts,3,450.0,0.15,0,0.027922573784073024
mobile,iOS,,"37.2983,-84.868","36.4891,-82.1087",1.0,0,1.0,SUB_4,EcoLodge Boutique,2,220.0,0.14,1,0.060086650174007654
mobile,iOS,,"37.2983,-84.868","36.4891,-82.1087",1.0,0,1.0,SUB_5,Express Stop Motel,1,-99.0,0.08,0,0.027922573784073024
mobile,Android,Samsung Internet,"32.5612,-116.6736","18.8607,-115.4144",0.0,0,1.0,SUB_1,BudgetInns Global,1,85.0,0.1,1,0.045217473483287515
mobile,Android,Samsung Internet,"32.5612,-116.6736","18.8607,-115.4144",0.0,0,1.0,SUB_2,Urban Stay Suites,2,180.0,0.12,1,0.045217473483287515
mobile,Android,Samsung Internet,"32.5612,-116.6736","18.8607,-115.4144",0.0,0,1.0,SUB_3,Grand Horizon Resorts,3,450.0,0.15,0,0.02083634451868043
mobile,Android,Samsung Internet,"32.5612,-116.6736","18.8607,-115.4144",0.0,0,1.0,SUB_4,EcoLodge Boutique,2,220.0,0.14,1,0.045217473483287515
mobile,Android,Samsung Internet,"32.5612,-116.6736","18.8607,-115.4144",0.0,0,1.0,SUB_5,Express Stop Motel,1,-99.0,0.08,0,0.02083634451868043
desktop,macOS,Firefox,"37.2855,-108.4603","43.2657,-110.1418",0.0,0,1.0,SUB_1,BudgetInns Global,1,85.0,0.1,1,0.025332703226871745
desktop,macOS,Firefox,"37.2855,-108.4603","43.2657,-110.1418",0.0,0,1.0,SUB_2,Urban Stay Suites,2,180.0,0.12,1,0.025332703226871745
desktop,macOS,Firefox,"37.2855,-108.4603","43.2657,-110.1418",0.0,0,1.0,SUB_3,Grand Horizon Resorts,3,450.0,0.15,0,0.04973651155855676
desktop,macOS,Firefox,"37.2855,-108.4603","43.2657,-110.1418",0.0,0,1.0,SUB_4,EcoLodge Boutique,2,220.0,0.14,1,0.025332703226871745
desktop,macOS,Firefox,"37.2855,-108.4603","43.2657,-110.1418",0.0,0,1.0,SUB_5,Express Stop Motel,1,-99.0,0.08,0,0.025332703226871745
mobile,iOS,Safari,"38.0611,-74.2164","32.9779,-78.3448",0.0,0,0.0,SUB_1,BudgetInns Global,1,85.0,0.1,1,0.016302499371440946
mobile,iOS,Safari,"38.0611,-74.2164","32.9779,-78.3448",0.0,0,0.0,SUB_2,Urban Stay Suites,2,180.0,0.12,1,0.016302499371440946
mobile,iOS,Safari,"38.0611,-74.2164","32.9779,-78.3448",0.0,0,0.0,SUB_3,Grand Horizon Resorts,3,450.0,0.15,0,0.007391541344281977
mobile,iOS,Safari,"38.0611,-74.2164","32.9779,-78.3448",0.0,0,0.0,SUB_4,EcoLodge Boutique,2,220.0,0.14,1,0.016302499371440946
mobile,iOS,Safari,"38.0611,-74.2164","32.9779,-78.3448",0.0,0,0.0,SUB_5,Express Stop Motel,1,-99.0,0.08,0,0.007391541344281977
tablet,Android,Samsung Internet,"39.0678,-89.1843","46.4099,-91.9359",0.0,0,0.0,SUB_1,BudgetInns Global,1,85.0,0.1,1,0.016302499371440946
tablet,Android,Samsung Internet,"39.0678,-89.1843","46.4099,-91.9359",0.0,0,0.0,SUB_2,Urban Stay Suites,2,180.0,0.12,1,0.016302499371440946
tablet,Android,Samsung Internet,"39.0678,-89.1843","46.4099,-91.9359",0.0,0,0.0,SUB_3,Grand Horizon Resorts,3,450.0,0.15,0,0.016302499371440946
tablet,Android,Samsung Internet,"39.0678,-89.1843","46.4099,-91.9359",0.0,0,0.0,SUB_4,EcoLodge Boutique,2,220.0,0.14,1,0.016302499371440946
tablet,Android,Samsung Internet,"39.0678,-89.1843","46.4099,-91.9359",0.0,0,0.0,SUB_5,Express Stop Motel,1,-99.0,0.08,0,0.016302499371440946
desktop,macOS,Chrome,"36.0306,-107.6857","33.4027,-104.9138",0.0,0,0.0,SUB_1,BudgetInns Global,1,85.0,0.1,1,0.016302499371440946
desktop,macOS,Chrome,"36.0306,-107.6857","33.4027,-104.9138",0.0,1,0.0,SUB_2,Urban Stay Suites,2,180.0,0.12,1,0.016302499371440946
desktop,macOS,Chrome,"36.0306,-107.6857","33.4027,-104.9138",0.0,0,0.0,SUB_3,Grand Horizon Resorts,3,450.0,0.15,0,0.03229546469845053
desktop,macOS,Chrome,"36.0306,-107.6857","33.4027,-104.9138",0.0,0,0.0,SUB_4,EcoLodge Boutique,2,220.0,0.14,1,0.016302499371440946
desktop,macOS,Chrome,"36.0306,-107.6857","33.4027,-104.9138",0.0,0,0.0,SUB_5,Express Stop Motel,1,-99.0,0.08,0,0.016302499371440946
mobile,iOS,Chrome,"40.1439,-85.466","31.0166,-105.3829",0.0,0,0.0,SUB_1,BudgetInns Global,1,85.0,0.1,1,0.029312230751356333
mobile,iOS,Chrome,"40.1439,-85.466","31.0166,-105.3829",0.0,0,0.0,SUB_2,Urban Stay Suites,2,180.0,0.12,1,0.029312230751356333
mobile,iOS,Chrome,"40.1439,-85.466","31.0166,-105.3829",0.0,0,0.0,SUB_3,Grand Horizon Resorts,3,450.0,0.15,0,0.013386917827664779
mobile,iOS,Chrome,"40.1439,-85.466","31.0166,-105.3829",0.0,0,0.0,SUB_4,EcoLodge Boutique,2,220.0,0.14,1,0.029312230751356333
mobile,iOS,Chrome,"40.1439,-85.466","31.0166,-105.3829",0.0,0,0.0,SUB_5,Express Stop Motel,1,-99.0,0.08,0,0.013386917827664779
desktop,Linux,Chrome,"47.9684,-90.1612","48.3637,-99.7328",0.0,0,0.0,SUB_1,BudgetInns Global,1,85.0,0.1,1,0.016302499371440946
desktop,Linux,Chrome,"47.9684,-90.1612","48.3637,-99.7328",0.0,0,0.0,SUB_2,Urban Stay Suites,2,180.0,0.12,1,0.016302499371440946
desktop,Linux,Chrome,"47.9684,-90.1612","48.3637,-99.7328",0.0,0,0.0,SUB_3,Grand Horizon Resorts,3,450.0,0.15,0,0.016302499371440946
desktop,Linux,Chrome,"47.9684,-90.1612","48.3637,-99.7328",0.0,0,0.0,SUB_4,EcoLodge Boutique,2,220.0,0.14,1,0.016302499371440946
desktop,Linux,Chrome,"47.9684,-90.1612","48.3637,-99.7328",0.0,0,0.0,SUB_5,Express Stop Motel,1,-99.0,0.08,0,0.016302499371440946
desktop,Linux,Chrome,"34.0567,-94.9212","22.9718,-94.19",1.0,0,0.0,SUB_1,BudgetInns Global,1,85.0,0.1,1,0.06913842034334684
desktop,Linux,Chrome,"34.0567,-94.9212","22.9718,-94.19",1.0,0,0.0,SUB_2,Urban Stay Suites,2,180.0,0.12,1,0.06913842034334684
desktop,Linux,Chrome,"34.0567,-94.9212","22.9718,-94.19",1.0,0,0.0,SUB_3,Grand Horizon Resorts,3,450.0,0.15,0,0.06913842034334684
desktop,Linux,Chrome,"34.0567,-94.9212","22.9718,-94.19",1.0,0,0.0,SUB_4,EcoLodge Boutique,2,220.0,0.14,1,0.06913842034334684
desktop,Linux,Chrome,"34.0567,-94.9212","22.9718,-94.19",1.0,0,0.0,SUB_5,Express Stop Motel,1,-99.0,0.08,0,0.06913842034334684
mobile,iOS,Chrome,"43.1429,-71.1907","41.3591,-62.3021",0.0,0,0.0,SUB_1,BudgetInns Global,1,85.0,0.1,1,0.016302499371440946
mobile,iOS,Chrome,"43.1429,-71.1907","41.3591,-62.3021",0.0,0,0.0,SUB_2,Urban Stay Suites,2,180.0,0.12,1,0.016302499371440946
mobile,iOS,Chrome,"43.1429,-71.1907","41.3591,-62.3021",0.0,0,0.0,SUB_3,Grand Horizon Resorts,3,450.0,0.15,0,0.007391541344281977
mobile,iOS,Chrome,"43.1429,-71.1907","41.3591,-62.3021",0.0,0,0.0,SUB_4,EcoLodge Boutique,2,220.0,0.14,1,0.016302499371440946
mobile,iOS,Chrome,"43.1429,-71.1907","41.3591,-62.3021",0.0,0,0.0,SUB_5,Express Stop Motel,1,-99.0,0.08,0,0.007391541344281977
tablet,Android,Samsung Internet,"47.3613,-85.8273","41.8805,-98.861",0.0,0,0.0,SUB_1,BudgetInns Global,1,85.0,0.1,1,0.029312230751356333
tablet,Android,Samsung Internet,"47.3613,-85.8273","41.8805,-98.861",0.0,0,0.0,SUB_2,Urban Stay Suites,2,180.0,0.12,1,0.029312230751356333
tablet,Android,Samsung Internet,"47.3613,-85.8273","41.8805,-98.861",0.0,0,0.0,SUB_3,Grand Horizon Resorts,3,450.0,0.15,0,0.029312230751356333
tablet,Android,Samsung Internet,"47.3613,-85.8273","41.8805,-98.861",0.0,0,0.0,SUB_4,EcoLodge Boutique,2,220.0,0.14,1,0.029312230751356333
tablet,Android,Samsung Internet,"47.3613,-85.8273","41.8805,-98.861",0.0,0,0.0,SUB_5,Express Stop Motel,1,-99.0,0.08,0,0.029312230751356333
mobile,Android,,"36.3995,-101.2279","48.7583,-99.3527",0.0,0,1.0,SUB_1,BudgetInns Global,1,85.0,0.1,1,0.045217473483287515
mobile,Android,,"36.3995,-101.2279","48.7583,-99.3527",0.0,0,1.0,SUB_2,Urban Stay Suites,2,180.0,0.12,1,0.045217473483287515
mobile,Android,,"36.3995,-101.2279","48.7583,-99.3527",0.0,0,1.0,SUB_3,Grand Horizon Resorts,3,450.0,0.15,0,0.02083634451868043
mobile,Android,,"36.3995,-101.2279","48.7583,-99.3527",0.0,1,1.0,SUB_4,EcoLodge Boutique,2,220.0,0.14,1,0.045217473483287515
mobile,Android,,"36.3995,-101.2279","48.7583,-99.3527",0.0,0,1.0,SUB_5,Express Stop Motel,1,-99.0,0.08,0,0.02083634451868043
desktop,Windows,Firefox,"36.0864,-79.9963","22.9143,-71.4179",1.0,0,0.0,SUB_1,BudgetInns Global,1,85.0,0.1,1,0.06913842034334684
desktop,Windows,Firefox,"36.0864,-79.9963","22.9143,-71.4179",1.0,0,0.0,SUB_2,Urban Stay Suites,2,180.0,0.12,1,0.06913842034334684
desktop,Windows,Firefox,"36.0864,-79.9963","22.9143,-71.4179",1.0,0,0.0,SUB_3,Grand Horizon Resorts,3,450.0,0.15,0,0.06913842034334684
desktop,Windows,Firefox,"36.0864,-79.9963","22.9143,-71.4179",1.0,0,0.0,SUB_4,EcoLodge Boutique,2,220.0,0.14,1,0.06913842034334684
desktop,Windows,Firefox,"36.0864,-79.9963","22.9143,-71.4179",1.0,1,0.0,SUB_5,Express Stop Motel,1,-99.0,0.08,0,0.06913842034334684
mobile,iOS,Safari,"40.0529,-75.7708","45.8734,-77.9857",0.0,0,0.0,SUB_1,BudgetInns Global,1,85.0,0.1,1,0.016302499371440946
mobile,iOS,Safari,"40.0529,-75.7708","45.8734,-77.9857",0.0,0,0.0,SUB_2,Urban Stay Suites,2,180.0,0.12,1,0.016302499371440946
mobile,iOS,Safari,"40.0529,-75.7708","45.8734,-77.9857",0.0,0,0.0,SUB_3,Grand Horizon Resorts,3,450.0,0.15,0,0.007391541344281977
mobile,iOS,Safari,"40.0529,-75.7708","45.8734,-77.9857",0.0,0,0.0,SUB_4,EcoLodge Boutique,2,220.0,0.14,1,0.016302499371440946
mobile,iOS,Safari,"40.0529,-75.7708","45.8734,-77.9857",0.0,0,0.0,SUB_5,Express Stop Motel,1,-99.0,0.08,0,0.007391541344281977
desktop,Linux,Firefox,"39.7852,-113.739","30.2677,-132.6558",1.0,0,1.0,SUB_1,BudgetInns Global,1,85.0,0.1,1,0.10433122311900135
desktop,Linux,Firefox,"39.7852,-113.739","30.2677,-132.6558",1.0,0,1.0,SUB_2,Urban Stay Suites,2,180.0,0.12,1,0.10433122311900135
desktop,Linux,Firefox,"39.7852,-113.739","30.2677,-132.6558",1.0,0,1.0,SUB_3,Grand Horizon Resorts,3,450.0,0.15,0,0.10433122311900135
desktop,Linux,Firefox,"39.7852,-113.739","30.2677,-132.6558",1.0,0,1.0,SUB_4,EcoLodge Boutique,2,220.0,0.14,1,0.10433122311900135
desktop,Linux,Firefox,"39.7852,-113.739","30.2677,-132.6558",1.0,0,1.0,SUB_5,Express Stop Motel,1,-99.0,0.08,0,0.10433122311900135
mobile,Android,Samsung Internet,"45.1647,-109.9724","39.7361,-112.0017",1.0,0,0.0,SUB_1,BudgetInns Global,1,85.0,0.1,1,0.03916572279676437
mobile,Android,Samsung Internet,"45.1647,-109.9724","39.7361,-112.0017",1.0,0,0.0,SUB_2,Urban Stay Suites,2,180.0,0.12,1,0.03916572279676437
mobile,Android,Samsung Internet,"45.1647,-109.9724","39.7361,-112.0017",1.0,0,0.0,SUB_3,Grand Horizon Resorts,3,450.0,0.15,0,0.01798620996209156
mobile,Android,Samsung Internet,"45.1647,-109.9724","39.7361,-112.0017",1.0,0,0.0,SUB_4,EcoLodge Boutique,2,220.0,0.14,1,0.03916572279676437
mobile,Android,Samsung Internet,"45.1647,-109.9724","39.7361,-112.0017",1.0,0,0.0,SUB_5,Express Stop Motel,1,-99.0,0.08,0,0.01798620996209156
mobile,iOS,Safari,"36.9121,-109.1886","34.3775,-117.3308",0.0,0,0.0,SUB_1,BudgetInns Global,1,85.0,0.1,1,0.016302499371440946
mobile,iOS,Safari,"36.9121,-109.1886","34.3775,-117.3308",0.0,0,0.0,SUB_2,Urban Stay Suites,2,180.0,0.12,1,0.016302499371440946
mobile,iOS,Safari,"36.9121,-109.1886","34.3775,-117.3308",0.0,0,0.0,SUB_3,Grand Horizon Resorts,3,450.0,0.15,0,0.007391541344281977
mobile,iOS,Safari,"36.9121,-109.1886","34.3775,-117.3308",0.0,0,0.0,SUB_4,EcoLodge Boutique,2,220.0,0.14,1,0.016302499371440946
mobile,iOS,Safari,"36.9121,-109.1886","34.3775,-117.3308",0.0,0,0.0,SUB_5,Express Stop Motel,1,-99.0,0.08,0,0.007391541344281977
tablet,iOS,Chrome,"49.9031,-85.4394","62.1436,-68.2534",0.0,0,0.0,SUB_1,BudgetInns Global,1,85.0,0.1,1,0.029312230751356333
tablet,iOS,Chrome,"49.9031,-85.4394","62.1436,-68.2534",0.0,0,0.0,SUB_2,Urban Stay Suites,2,180.0,0.12,1,0.029312230751356333
tablet,iOS,Chrome,"49.9031,-85.4394","62.1436,-68.2534",0.0,0,0.0,SUB_3,Grand Horizon Resorts,3,450.0,0.15,0,0.029312230751356333
tablet,iOS,Chrome,"49.9031,-85.4394","62.1436,-68.2534",0.0,0,0.0,SUB_4,EcoLodge Boutique,2,220.0,0.14,1,0.029312230751356333
tablet,iOS,Chrome,"49.9031,-85.4394","62.1436,-68.2534",0.0,0,0.0,SUB_5,Express Stop Motel,1,-99.0,0.08,0,0.029312230751356333
mobile,Android,Samsung Internet,"26.4868,-89.848","18.7641,-104.8635",0.0,0,0.0,SUB_1,BudgetInns Global,1,85.0,0.1,1,0.029312230751356333
mobile,Android,Samsung Internet,"26.4868,-89.848","18.7641,-104.8635",0.0,0,0.0,SUB_2,Urban Stay Suites,2,180.0,0.12,1,0.029312230751356333
mobile,Android,Samsung Internet,"26.4868,-89.848","18.7641,-104.8635",0.0,0,0.0,SUB_3,Grand Horizon Resorts,3,450.0,0.15,0,0.013386917827664779
mobile,Android,Samsung Internet,"26.4868,-89.848","18.7641,-104.8635",0.0,0,0.0,SUB_4,EcoLodge Boutique,2,220.0,0.14,1,0.029312230751356333
mobile,Android,Samsung Internet,"26.4868,-89.848","18.7641,-104.8635",0.0,0,0.0,SUB_5,Express Stop Motel,1,-99.0,0.08,0,0.013386917827664779
mobile,Android,Chrome,"25.0792,-89.0504","12.8185,-82.9514",0.0,0,,SUB_1,BudgetInns Global,1,85.0,0.1,1,0.029312230751356333
mobile,Android,Chrome,"25.0792,-89.0504","12.8185,-82.9514",0.0,1,,SUB_2,Urban Stay Suites,2,180.0,0.12,1,0.029312230751356333
mobile,Android,Chrome,"25.0792,-89.0504","12.8185,-82.9514",0.0,0,,SUB_3,Grand Horizon Resorts,3,450.0,0.15,0,0.013386917827664779
mobile,Android,Chrome,"25.0792,-89.0504","12.8185,-82.9514",0.0,0,,SUB_4,EcoLodge Boutique,2,220.0,0.14,1,0.029312230751356333
mobile,Android,Chrome,"25.0792,-89.0504","12.8185,-82.9514",0.0,0,,SUB_5,Express Stop Motel,1,-99.0,0.08,0,0.013386917827664779
tablet,iOS,Chrome,"41.005,-72.9613","35.5657,-90.8525",0.0,0,1.0,SUB_1,BudgetInns Global,1,85.0,0.1,1,0.045217473483287515
tablet,iOS,Chrome,"41.005,-72.9613","35.5657,-90.8525",0.0,0,1.0,SUB_2,Urban Stay Suites,2,180.0,0.12,1,0.045217473483287515
tablet,iOS,Chrome,"41.005,-72.9613","35.5657,-90.8525",0.0,0,1.0,SUB_3,Grand Horizon Resorts,3,450.0,0.15,0,0.045217473483287515
tablet,iOS,Chrome,"41.005,-72.9613","35.5657,-90.8525",0.0,0,1.0,SUB_4,EcoLodge Boutique,2,220.0,0.14,1,0.045217473483287515
tablet,iOS,Chrome,"41.005,-72.9613","35.5657,-90.8525",0.0,0,1.0,SUB_5,Express Stop Motel,1,-99.0,0.08,0,0.045217473483287515
tablet,iOS,Safari,INVALID_COORD,"20.6012,-83.3576",0.0,0,0.0,SUB_1,BudgetInns Global,1,85.0,0.1,1,0.016302499371440946
tablet,iOS,Safari,INVALID_COORD,"20.6012,-83.3576",0.0,0,0.0,SUB_2,Urban Stay Suites,2,180.0,0.12,1,0.016302499371440946
tablet,iOS,Safari,INVALID_COORD,"20.6012,-83.3576",0.0,0,0.0,SUB_3,Grand Horizon Resorts,3,450.0,0.15,0,0.016302499371440946
tablet,iOS,Safari,INVALID_COORD,"20.6012,-83.3576",0.0,0,0.0,SUB_4,EcoLodge Boutique,2,220.0,0.14,1,0.016302499371440946
tablet,iOS,Safari,INVALID_COORD,"20.6012,-83.3576",0.0,0,0.0,SUB_5,Express Stop Motel,1,-99.0,0.08,0,0.016302499371440946
desktop,Windows,Chrome,"31.0096,-113.6032","19.8675,-111.444",1.0,0,0.0,SUB_1,BudgetInns Global,1,85.0,0.1,1,0.06913842034334684
desktop,Windows,Chrome,"31.0096,-113.6032","19.8675,-111.444",1.0,0,0.0,SUB_2,Urban Stay Suites,2,180.0,0.12,1,0.06913842034334684
desktop,Windows,Chrome,"31.0096,-113.6032","19.8675,-111.444",1.0,0,0.0,SUB_3,Grand Horizon Resorts,3,450.0,0.15,0,0.06913842034334684
desktop,Windows,Chrome,"31.0096,-113.6032","19.8675,-111.444",1.0,0,0.0,SUB_4,EcoLodge Boutique,2,220.0,0.14,1,0.06913842034334684
desktop,Windows,Chrome,"31.0096,-113.6032","19.8675,-111.444",1.0,0,0.0,SUB_5,Express Stop Motel,1,-99.0,0.08,0,0.06913842034334684
desktop,Linux,Firefox,"32.7975,-102.6246","35.013,-110.7064",0.0,0,0.0,SUB_1,BudgetInns Global,1,85.0,0.1,1,0.016302499371440946
desktop,Linux,Firefox,"32.7975,-102.6246","35.013,-110.7064",0.0,0,0.0,SUB_2,Urban Stay Suites,2,180.0,0.12,1,0.016302499371440946
desktop,Linux,Firefox,"32.7975,-102.6246","35.013,-110.7064",0.0,0,0.0,SUB_3,Grand Horizon Resorts,3,450.0,0.15,0,0.016302499371440946
desktop,Linux,Firefox,"32.7975,-102.6246","35.013,-110.7064",0.0,0,0.0,SUB_4,EcoLodge Boutique,2,220.0,0.14,1,0.016302499371440946
desktop,Linux,Firefox,"32.7975,-102.6246","35.013,-110.7064",0.0,0,0.0,SUB_5,Express Stop Motel,1,-99.0,0.08,0,0.016302499371440946
mobile,iOS,Chrome,"31.4012,-98.2303","18.2283,-100.0273",1.0,0,0.0,SUB_1,BudgetInns Global,1,85.0,0.1,1,0.06913842034334684
mobile,iOS,Chrome,"31.4012,-98.2303","18.2283,-100.0273",1.0,0,0.0,SUB_2,Urban Stay Suites,2,180.0,0.12,1,0.06913842034334684
mobile,iOS,Chrome,"31.4012,-98.2303","18.2283,-100.0273",1.0,0,0.0,SUB_3,Grand Horizon Resorts,3,450.0,0.15,0,0.03229546469845053
mobile,iOS,Chrome,"31.4012,-98.2303","18.2283,-100.0273",1.0,0,0.0,SUB_4,EcoLodge Boutique,2,220.0,0.14,1,0.06913842034334684
mobile,iOS,Chrome,"31.4012,-98.2303","18.2283,-100.0273",1.0,0,0.0,SUB_5,Express Stop Motel,1,-99.0,0.08,0,0.03229546469845053
mobile,iOS,Safari,"25.7698,-100.2019","11.6977,-113.6597",0.0,0,1.0,SUB_1,BudgetInns Global,1,85.0,0.1,1,0.045217473483287515
mobile,iOS,Safari,"25.7698,-100.2019","11.6977,-113.6597",0.0,0,1.0,SUB_2,Urban Stay Suites,2,180.0,0.12,1,0.045217473483287515
mobile,iOS,Safari,"25.7698,-100.2019","11.6977,-113.6597",0.0,0,1.0,SUB_3,Grand Horizon Resorts,3,450.0,0.15,0,0.02083634451868043
mobile,iOS,Safari,"25.7698,-100.2019","11.6977,-113.6597",0.0,0,1.0,SUB_4,EcoLodge Boutique,2,220.0,0.14,1,0.045217473483287515
mobile,iOS,Safari,"25.7698,-100.2019","11.6977,-113.6597",0.0,0,1.0,SUB_5,Express Stop Motel,1,-99.0,0.08,0,0.02083634451868043
mobile,Android,Samsung Internet,"49.2883,-86.5346","55.7207,-94.3696",0.0,0,0.0,SUB_1,BudgetInns Global,1,85.0,0.1,1,0.016302499371440946
mobile,Android,Samsung Internet,"49.2883,-86.5346","55.7207,-94.3696",0.0,0,0.0,SUB_2,Urban Stay Suites,2,180.0,0.12,1,0.016302499371440946
mobile,Android,Samsung Internet,"49.2883,-86.5346","55.7207,-94.3696",0.0,1,0.0,SUB_3,Grand Horizon Resorts,3,450.0,0.15,0,0.007391541344281977
mobile,Android,Samsung Internet,"49.2883,-86.5346","55.7207,-94.3696",0.0,0,0.0,SUB_4,EcoLodge Boutique,2,220.0,0.14,1,0.016302499371440946
mobile,Android,Samsung Internet,"49.2883,-86.5346","55.7207,-94.3696",0.0,0,0.0,SUB_5,Express Stop Motel,1,-99.0,0.08,0,0.007391541344281977
desktop,macOS,Safari,"30.5186,-75.4053","26.368,-70.561",1.0,0,0.0,SUB_1,BudgetInns Global,1,85.0,0.1,1,0.03916572279676437
desktop,macOS,Safari,"30.5186,-75.4053","26.368,-70.561",1.0,0,0.0,SUB_2,Urban Stay Suites,2,180.0,0.12,1,0.03916572279676437
desktop,macOS,Safari,"30.5186,-75.4053","26.368,-70.561",1.0,0,0.0,SUB_3,Grand Horizon Resorts,3,450.0,0.15,0,0.07585818002124355
desktop,macOS,Safari,"30.5186,-75.4053","26.368,-70.561",1.0,0,0.0,SUB_4,EcoLodge Boutique,2,220.0,0.14,1,0.03916572279676437
desktop,macOS,Safari,"30.5186,-75.4053","26.368,-70.561",1.0,0,0.0,SUB_5,Express Stop Motel,1,-99.0,0.08,0,0.03916572279676437
desktop,Linux,Firefox,"43.3507,-104.6974","32.112,-112.6254",0.0,0,0.0,SUB_1,BudgetInns Global,1,85.0,0.1,1,0.029312230751356333
desktop,Linux,Firefox,"43.3507,-104.6974","32.112,-112.6254",0.0,0,0.0,SUB_2,Urban Stay Suites,2,180.0,0.12,1,0.029312230751356333
desktop,Linux,Firefox,"43.3507,-104.6974","32.112,-112.6254",0.0,0,0.0,SUB_3,Grand Horizon Resorts,3,450.0,0.15,0,0.029312230751356333
desktop,Linux,Firefox,"43.3507,-104.6974","32.112,-112.6254",0.0,0,0.0,SUB_4,EcoLodge Boutique,2,220.0,0.14,1,0.029312230751356333
desktop,Linux,Firefox,"43.3507,-104.6974","32.112,-112.6254",0.0,0,0.0,SUB_5,Express Stop Motel,1,-99.0,0.08,0,0.029312230751356333
desktop,macOS,Safari,"44.0649,-92.4061","36.6733,-76.4164",0.0,0,0.0,SUB_1,BudgetInns Global,1,85.0,0.1,1,0.029312230751356333
desktop,macOS,Safari,"44.0649,-92.4061","36.6733,-76.4164",0.0,0,0.0,SUB_2,Urban Stay Suites,2,180.0,0.12,1,0.029312230751356333
desktop,macOS,Safari,"44.0649,-92.4061","36.6733,-76.4164",0.0,0,0.0,SUB_3,Grand Horizon Resorts,3,450.0,0.15,0,0.057324175898868755
desktop,macOS,Safari,"44.0649,-92.4061","36.6733,-76.4164",0.0,1,0.0,SUB_4,EcoLodge Boutique,2,220.0,0.14,1,0.029312230751356333
desktop,macOS,Safari,"44.0649,-92.4061","36.6733,-76.4164",0.0,0,0.0,SUB_5,Express Stop Motel,1,-99.0,0.08,0,0.029312230751356333
desktop,Windows,Edge,"48.2314,-80.5295","52.494,-75.3932",0.0,0,0.0,SUB_1,BudgetInns Global,1,85.0,0.1,1,0.016302499371440946
desktop,Windows,Edge,"48.2314,-80.5295","52.494,-75.3932",0.0,0,0.0,SUB_2,Urban Stay Suites,2,180.0,0.12,1,0.016302499371440946
desktop,Windows,Edge,"48.2314,-80.5295","52.494,-75.3932",0.0,0,0.0,SUB_3,Grand Horizon Resorts,3,450.0,0.15,0,0.016302499371440946
desktop,Windows,Edge,"48.2314,-80.5295","52.494,-75.3932",0.0,0,0.0,SUB_4,EcoLodge Boutique,2,220.0,0.14,1,0.016302499371440946
desktop,Windows,Edge,"48.2314,-80.5295","52.494,-75.3932",0.0,0,0.0,SUB_5,Express Stop Motel,1,-99.0,0.08,0,0.016302499371440946
mobile,iOS,Chrome,"25.7637,-99.1891","19.0298,-101.6431",0.0,0,0.0,SUB_1,BudgetInns Global,1,85.0,0.1,1,0.016302499371440946
mobile,iOS,Chrome,"25.7637,-99.1891","19.0298,-101.6431",0.0,0,0.0,SUB_2,Urban Stay Suites,2,180.0,0.12,1,0.016302499371440946
mobile,iOS,Chrome,"25.7637,-99.1891","19.0298,-101.6431",0.0,0,0.0,SUB_3,Grand Horizon Resorts,3,450.0,0.15,0,0.007391541344281977
mobile,iOS,Chrome,"25.7637,-99.1891","19.0298,-101.6431",0.0,0,0.0,SUB_4,EcoLodge Boutique,2,220.0,0.14,1,0.016302499371440946
mobile,iOS,Chrome,"25.7637,-99.1891","19.0298,-101.6431",0.0,1,0.0,SUB_5,Express Stop Motel,1,-99.0,0.08,0,0.007391541344281977
mobile,Android,Samsung Internet,"46.8012,-111.5941","46.6368,-130.0438",0.0,1,0.0,SUB_1,BudgetInns Global,1,85.0,0.1,1,0.029312230751356333
mobile,Android,Samsung Internet,"46.8012,-111.5941","46.6368,-130.0438",0.0,0,0.0,SUB_2,Urban Stay Suites,2,180.0,0.12,1,0.029312230751356333
mobile,Android,Samsung Internet,"46.8012,-111.5941","46.6368,-130.0438",0.0,0,0.0,SUB_3,Grand Horizon Resorts,3,450.0,0.15,0,0.013386917827664779
mobile,Android,Samsung Internet,"46.8012,-111.5941","46.6368,-130.0438",0.0,0,0.0,SUB_4,EcoLodge Boutique,2,220.0,0.14,1,0.029312230751356333
mobile,Android,Samsung Internet,"46.8012,-111.5941","46.6368,-130.0438",0.0,1,0.0,SUB_5,Express Stop Motel,1,-99.0,0.08,0,0.013386917827664779
mobile,iOS,Safari,"38.1807,-96.2525","26.8316,-96.2706",0.0,0,0.0,SUB_1,BudgetInns Global,1,85.0,0.1,1,0.029312230751356333
mobile,iOS,Safari,"38.1807,-96.2525","26.8316,-96.2706",0.0,0,0.0,SUB_2,Urban Stay Suites,2,180.0,0.12,1,0.029312230751356333
mobile,iOS,Safari,"38.1807,-96.2525","26.8316,-96.2706",0.0,0,0.0,SUB_3,Grand Horizon Resorts,3,450.0,0.15,0,0.013386917827664779
mobile,iOS,Safari,"38.1807,-96.2525","26.8316,-96.2706",0.0,0,0.0,SUB_4,EcoLodge Boutique,2,220.0,0.14,1,0.029312230751356333
mobile,iOS,Safari,"38.1807,-96.2525","26.8316,-96.2706",0.0,0,0.0,SUB_5,Express Stop Motel,1,-99.0,0.08,0,0.013386917827664779
mobile,iOS,Safari,"40.8136,-117.2389","43.4564,-106.6479",0.0,0,0.0,SUB_1,BudgetInns Global,1,85.0,0.1,1,0.016302499371440946
mobile,iOS,Safari,"40.8136,-117.2389","43.4564,-106.6479",0.0,0,0.0,SUB_2,Urban Stay Suites,2,180.0,0.12,1,0.016302499371440946
mobile,iOS,Safari,"40.8136,-117.2389","43.4564,-106.6479",0.0,0,0.0,SUB_3,Grand Horizon Resorts,3,450.0,0.15,0,0.007391541344281977
mobile,iOS,Safari,"40.8136,-117.2389","43.4564,-106.6479",0.0,0,0.0,SUB_4,EcoLodge Boutique,2,220.0,0.14,1,0.016302499371440946
mobile,iOS,Safari,"40.8136,-117.2389","43.4564,-106.6479",0.0,0,0.0,SUB_5,Express Stop Motel,1,-99.0,0.08,0,0.007391541344281977
mobile,Android,Samsung Internet,"41.1118,-72.8808","35.5941,-82.2585",1.0,0,1.0,SUB_1,BudgetInns Global,1,85.0,0.1,1,0.10433122311900135
mobile,Android,Samsung Internet,"41.1118,-72.8808","35.5941,-82.2585",1.0,0,1.0,SUB_2,Urban Stay Suites,2,180.0,0.12,1,0.10433122311900135
mobile,Android,Samsung Internet,"41.1118,-72.8808","35.5941,-82.2585",1.0,0,1.0,SUB_3,Grand Horizon Resorts,3,450.0,0.15,0,0.04973651155855676
mobile,Android,Samsung Internet,"41.1118,-72.8808","35.5941,-82.2585",1.0,0,1.0,SUB_4,EcoLodge Boutique,2,220.0,0.14,1,0.10433122311900135
mobile,Android,Samsung Internet,"41.1118,-72.8808","35.5941,-82.2585",1.0,0,1.0,SUB_5,Express Stop Motel,1,-99.0,0.08,0,0.04973651155855676
desktop,macOS,Chrome,"45.4949,-116.2589","49.304,-103.988",0.0,1,1.0,SUB_1,BudgetInns Global,1,85.0,0.1,1,0.045217473483287515
desktop,macOS,Chrome,"45.4949,-116.2589","49.304,-103.988",0.0,0,1.0,SUB_2,Urban Stay Suites,2,180.0,0.12,1,0.045217473483287515
desktop,macOS,Chrome,"45.4949,-116.2589","49.304,-103.988",0.0,0,1.0,SUB_3,Grand Horizon Resorts,3,450.0,0.15,0,0.08706577244027129
desktop,macOS,Chrome,"45.4949,-116.2589","49.304,-103.988",0.0,0,1.0,SUB_4,EcoLodge Boutique,2,220.0,0.14,1,0.045217473483287515
desktop,macOS,Chrome,"45.4949,-116.2589","49.304,-103.988",0.0,0,1.0,SUB_5,Express Stop Motel,1,-99.0,0.08,0,0.045217473483287515
mobile,iOS,Chrome,"33.3352,-98.0772","42.587,-108.0049",1.0,0,0.0,SUB_1,BudgetInns Global,1,85.0,0.1,1,0.06913842034334684
mobile,iOS,Chrome,"33.3352,-98.0772","42.587,-108.0049",1.0,0,0.0,SUB_2,Urban Stay Suites,2,180.0,0.12,1,0.06913842034334684
mobile,iOS,Chrome,"33.3352,-98.0772","42.587,-108.0049",1.0,0,0.0,SUB_3,Grand Horizon Resorts,3,450.0,0.15,0,0.03229546469845053
mobile,iOS,Chrome,"33.3352,-98.0772","42.587,-108.0049",1.0,0,0.0,SUB_4,EcoLodge Boutique,2,220.0,0.14,1,0.06913842034334684
mobile,iOS,Chrome,"33.3352,-98.0772","42.587,-108.0049",1.0,0,0.0,SUB_5,Express Stop Motel,1,-99.0,0.08,0,0.03229546469845053
mobile,Android,Samsung Internet,"43.3263,-93.5059","46.6757,-80.556",0.0,0,0.0,SUB_1,BudgetInns Global,1,85.0,0.1,1,0.029312230751356333
mobile,Android,Samsung Internet,"43.3263,-93.5059","46.6757,-80.556",0.0,0,0.0,SUB_2,Urban Stay Suites,2,180.0,0.12,1,0.029312230751356333
mobile,Android,Samsung Internet,"43.3263,-93.5059","46.6757,-80.556",0.0,0,0.0,SUB_3,Grand Horizon Resorts,3,450.0,0.15,0,0.013386917827664779
mobile,Android,Samsung Internet,"43.3263,-93.5059","46.6757,-80.556",0.0,0,0.0,SUB_4,EcoLodge Boutique,2,220.0,0.14,1,0.029312230751356333
mobile,Android,Samsung Internet,"43.3263,-93.5059","46.6757,-80.556",0.0,0,0.0,SUB_5,Express Stop Motel,1,-99.0,0.08,0,0.013386917827664779
mobile,Android,Samsung Internet,"38.2145,-70.7348","32.0869,-87.3241",0.0,0,0.0,SUB_1,BudgetInns Global,1,85.0,0.1,1,0.029312230751356333
mobile,Android,Samsung Internet,"38.2145,-70.7348","32.0869,-87.3241",0.0,0,0.0,SUB_2,Urban Stay Suites,2,180.0,0.12,1,0.029312230751356333
mobile,Android,Samsung Internet,"38.2145,-70.7348","32.0869,-87.3241",0.0,0,0.0,SUB_3,Grand Horizon Resorts,3,450.0,0.15,0,0.013386917827664779
mobile,Android,Samsung Internet,"38.2145,-70.7348","32.0869,-87.3241",0.0,0,0.0,SUB_4,EcoLodge Boutique,2,220.0,0.14,1,0.029312230751356333
mobile,Android,Samsung Internet,"38.2145,-70.7348","32.0869,-87.3241",0.0,0,0.0,SUB_5,Express Stop Motel,1,-99.0,0.08,0,0.013386917827664779
desktop,Linux,Chrome,"44.8349,-111.6989","37.5072,-97.0516",0.0,0,0.0,SUB_1,BudgetInns Global,1,85.0,0.1,1,0.029312230751356333
desktop,Linux,Chrome,"44.8349,-111.6989","37.5072,-97.0516",0.0,0,0.0,SUB_2,Urban Stay Suites,2,180.0,0.12,1,0.029312230751356333
desktop,Linux,Chrome,"44.8349,-111.6989","37.5072,-97.0516",0.0,0,0.0,SUB_3,Grand Horizon Resorts,3,450.0,0.15,0,0.029312230751356333
desktop,Linux,Chrome,"44.8349,-111.6989","37.5072,-97.0516",0.0,0,0.0,SUB_4,EcoLodge Boutique,2,220.0,0.14,1,0.029312230751356333
desktop,Linux,Chrome,"44.8349,-111.6989","37.5072,-97.0516",0.0,0,0.0,SUB_5,Express Stop Motel,1,-99.0,0.08,0,0.029312230751356333
desktop,macOS,Safari,"49.7637,-114.2784","44.5863,-114.3109",0.0,0,0.0,SUB_1,BudgetInns Global,1,85.0,0.1,1,0.016302499371440946
desktop,macOS,Safari,"49.7637,-114.2784","44.5863,-114.3109",0.0,0,0.0,SUB_2,Urban Stay Suites,2,180.0,0.12,1,0.016302499371440946
desktop,macOS,Safari,"49.7637,-114.2784","44.5863,-114.3109",0.0,0,0.0,SUB_3,Grand Horizon Resorts,3,450.0,0.15,0,0.03229546469845053
desktop,macOS,Safari,"49.7637,-114.2784","44.5863,-114.3109",0.0,0,0.0,SUB_4,EcoLodge Boutique,2,220.0,0.14,1,0.016302499371440946
desktop,macOS,Safari,"49.7637,-114.2784","44.5863,-114.3109",0.0,0,0.0,SUB_5,Express Stop Motel,1,-99.0,0.08,0,0.016302499371440946
mobile,iOS,Chrome,"30.0163,-119.5647","19.9549,-127.7032",1.0,0,0.0,SUB_1,BudgetInns Global,1,85.0,0.1,1,0.06913842034334684
mobile,iOS,Chrome,"30.0163,-119.5647","19.9549,-127.7032",1.0,0,0.0,SUB_2,Urban Stay Suites,2,180.0,0.12,1,0.06913842034334684
mobile,iOS,Chrome,"30.0163,-119.5647","19.9549,-127.7032",1.0,0,0.0,SUB_3,Grand Horizon Resorts,3,450.0,0.15,0,0.03229546469845053
mobile,iOS,Chrome,"30.0163,-119.5647","19.9549,-127.7032",1.0,0,0.0,SUB_4,EcoLodge Boutique,2,220.0,0.14,1,0.06913842034334684
mobile,iOS,Chrome,"30.0163,-119.5647","19.9549,-127.7032",1.0,1,0.0,SUB_5,Express Stop Motel,1,-99.0,0.08,0,0.03229546469845053
mobile,iOS,Safari,"49.8662,-112.2214","40.3014,-121.6169",0.0,0,0.0,SUB_1,BudgetInns Global,1,85.0,0.1,1,0.029312230751356333
mobile,iOS,Safari,"49.8662,-112.2214","40.3014,-121.6169",0.0,0,0.0,SUB_2,Urban Stay Suites,2,180.0,0.12,1,0.029312230751356333
mobile,iOS,Safari,"49.8662,-112.2214","40.3014,-121.6169",0.0,0,0.0,SUB_3,Grand Horizon Resorts,3,450.0,0.15,0,0.013386917827664779
mobile,iOS,Safari,"49.8662,-112.2214","40.3014,-121.6169",0.0,0,0.0,SUB_4,EcoLodge Boutique,2,220.0,0.14,1,0.029312230751356333
mobile,iOS,Safari,"49.8662,-112.2214","40.3014,-121.6169",0.0,0,0.0,SUB_5,Express Stop Motel,1,-99.0,0.08,0,0.013386917827664779
desktop,Windows,Firefox,"27.2453,-109.6364","35.966,-112.356",0.0,0,0.0,SUB_1,BudgetInns Global,1,85.0,0.1,1,0.029312230751356333
desktop,Windows,Firefox,"27.2453,-109.6364","35.966,-112.356",0.0,0,0.0,SUB_2,Urban Stay Suites,2,180.0,0.12,1,0.029312230751356333
desktop,Windows,Firefox,"27.2453,-109.6364","35.966,-112.356",0.0,0,0.0,SUB_3,Grand Horizon Resorts,3,450.0,0.15,0,0.029312230751356333
desktop,Windows,Firefox,"27.2453,-109.6364","35.966,-112.356",0.0,0,0.0,SUB_4,EcoLodge Boutique,2,220.0,0.14,1,0.029312230751356333
desktop,Windows,Firefox,"27.2453,-109.6364","35.966,-112.356",0.0,0,0.0,SUB_5,Express Stop Motel,1,-99.0,0.08,0,0.029312230751356333
mobile,iOS,Chrome,"25.0579,-88.471","21.5999,-68.509",0.0,0,0.0,SUB_1,BudgetInns Global,1,85.0,0.1,1,0.029312230751356333
mobile,iOS,Chrome,"25.0579,-88.471","21.5999,-68.509",0.0,0,0.0,SUB_2,Urban Stay Suites,2,180.0,0.12,1,0.029312230751356333
mobile,iOS,Chrome,"25.0579,-88.471","21.5999,-68.509",0.0,0,0.0,SUB_3,Grand Horizon Resorts,3,450.0,0.15,0,0.013386917827664779
mobile,iOS,Chrome,"25.0579,-88.471","21.5999,-68.509",0.0,1,0.0,SUB_4,EcoLodge Boutique,2,220.0,0.14,1,0.029312230751356333
mobile,iOS,Chrome,"25.0579,-88.471","21.5999,-68.509",0.0,0,0.0,SUB_5,Express Stop Motel,1,-99.0,0.08,0,0.013386917827664779
desktop,Linux,Chrome,"26.104,-109.0147","24.1839,-120.2016",0.0,0,0.0,SUB_1,BudgetInns Global,1,85.0,0.1,1,0.029312230751356333
desktop,Linux,Chrome,"26.104,-109.0147","24.1839,-120.2016",0.0,0,0.0,SUB_2,Urban Stay Suites,2,180.0,0.12,1,0.029312230751356333
desktop,Linux,Chrome,"26.104,-109.0147","24.1839,-120.2016",0.0,0,0.0,SUB_3,Grand Horizon Resorts,3,450.0,0.15,0,0.029312230751356333
desktop,Linux,Chrome,"26.104,-109.0147","24.1839,-120.2016",0.0,0,0.0,SUB_4,EcoLodge Boutique,2,220.0,0.14,1,0.029312230751356333
desktop,Linux,Chrome,"26.104,-109.0147","24.1839,-120.2016",0.0,0,0.0,SUB_5,Express Stop Motel,1,-99.0,0.08,0,0.029312230751356333
desktop,Linux,Firefox,"33.5446,-118.974","36.3661,-134.8453",1.0,0,,SUB_1,BudgetInns Global,1,85.0,0.1,1,0.06913842034334684
desktop,Linux,Firefox,"33.5446,-118.974","36.3661,-134.8453",1.0,0,,SUB_2,Urban Stay Suites,2,180.0,0.12,1,0.06913842034334684
desktop,Linux,Firefox,"33.5446,-118.974","36.3661,-134.8453",1.0,0,,SUB_3,Grand Horizon Resorts,3,450.0,0.15,0,0.06913842034334684
desktop,Linux,Firefox,"33.5446,-118.974","36.3661,-134.8453",1.0,0,,SUB_4,EcoLodge Boutique,2,220.0,0.14,1,0.06913842034334684
desktop,Linux,Firefox,"33.5446,-118.974","36.3661,-134.8453",1.0,0,,SUB_5,Express Stop Motel,1,-99.0,0.08,0,0.06913842034334684
mobile,Android,Samsung Internet,"40.8227,-78.6691","43.5123,-75.2677",1.0,0,0.0,SUB_1,BudgetInns Global,1,85.0,0.1,1,0.03916572279676437
mobile,Android,Samsung Internet,"40.8227,-78.6691","43.5123,-75.2677",1.0,0,0.0,SUB_2,Urban Stay Suites,2,180.0,0.12,1,0.03916572279676437
mobile,Android,Samsung Internet,"40.8227,-78.6691","43.5123,-75.2677",1.0,0,0.0,SUB_3,Grand Horizon Resorts,3,450.0,0.15,0,0.01798620996209156
mobile,Android,Samsung Internet,"40.8227,-78.6691","43.5123,-75.2677",1.0,0,0.0,SUB_4,EcoLodge Boutique,2,220.0,0.14,1,0.03916572279676437
mobile,Android,Samsung Internet,"40.8227,-78.6691","43.5123,-75.2677",1.0,0,0.0,SUB_5,Express Stop Motel,1,-99.0,0.08,0,0.01798620996209156
mobile,Android,CHROME_v118,"26.7257,-101.7202","13.747,-102.1785",0.0,0,0.0,SUB_1,BudgetInns Global,1,85.0,0.1,1,0.029312230751356333
mobile,Android,CHROME_v118,"26.7257,-101.7202","13.747,-102.1785",0.0,0,0.0,SUB_2,Urban Stay Suites,2,180.0,0.12,1,0.029312230751356333
mobile,Android,CHROME_v118,"26.7257,-101.7202","13.747,-102.1785",0.0,0,0.0,SUB_3,Grand Horizon Resorts,3,450.0,0.15,0,0.013386917827664779
mobile,Android,CHROME_v118,"26.7257,-101.7202","13.747,-102.1785",0.0,0,0.0,SUB_4,EcoLodge Boutique,2,220.0,0.14,1,0.029312230751356333
mobile,Android,CHROME_v118,"26.7257,-101.7202","13.747,-102.1785",0.0,0,0.0,SUB_5,Express Stop Motel,1,-99.0,0.08,0,0.013386917827664779
tablet,Android,Chrome,"25.1416,-102.3152","35.0878,-101.3473",0.0,1,0.0,SUB_1,BudgetInns Global,1,85.0,0.1,1,0.029312230751356333
tablet,Android,Chrome,"25.1416,-102.3152","35.0878,-101.3473",0.0,0,0.0,SUB_2,Urban Stay Suites,2,180.0,0.12,1,0.029312230751356333
tablet,Android,Chrome,"25.1416,-102.3152","35.0878,-101.3473",0.0,0,0.0,SUB_3,Grand Horizon Resorts,3,450.0,0.15,0,0.029312230751356333
tablet,Android,Chrome,"25.1416,-102.3152","35.0878,-101.3473",0.0,0,0.0,SUB_4,EcoLodge Boutique,2,220.0,0.14,1,0.029312230751356333
tablet,Android,Chrome,"25.1416,-102.3152","35.0878,-101.3473",0.0,0,0.0,SUB_5,Express Stop Motel,1,-99.0,0.08,0,0.029312230751356333
mobile,iOS,Safari,"48.4273,-104.876","38.7471,-98.1986",0.0,0,0.0,SUB_1,BudgetInns Global,1,85.0,0.1,1,0.029312230751356333
mobile,iOS,Safari,"48.4273,-104.876","38.7471,-98.1986",0.0,0,0.0,SUB_2,Urban Stay Suites,2,180.0,0.12,1,0.029312230751356333
mobile,iOS,Safari,"48.4273,-104.876","38.7471,-98.1986",0.0,0,0.0,SUB_3,Grand Horizon Resorts,3,450.0,0.15,0,0.013386917827664779
mobile,iOS,Safari,"48.4273,-104.876","38.7471,-98.1986",0.0,0,0.0,SUB_4,EcoLodge Boutique,2,220.0,0.14,1,0.029312230751356333
mobile,iOS,Safari,"48.4273,-104.876","38.7471,-98.1986",0.0,0,0.0,SUB_5,Express Stop Motel,1,-99.0,0.08,0,0.013386917827664779
mobile,iOS,Safari,"45.5482,-71.2313","52.2403,-80.5455",0.0,0,0.0,SUB_1,BudgetInns Global,1,85.0,0.1,1,0.029312230751356333
mobile,iOS,Safari,"45.5482,-71.2313","52.2403,-80.5455",0.0,0,0.0,SUB_2,Urban Stay Suites,2,180.0,0.12,1,0.029312230751356333
mobile,iOS,Safari,"45.5482,-71.2313","52.2403,-80.5455",0.0,0,0.0,SUB_3,Grand Horizon Resorts,3,450.0,0.15,0,0.013386917827664779
mobile,iOS,Safari,"45.5482,-71.2313","52.2403,-80.5455",0.0,0,0.0,SUB_4,EcoLodge Boutique,2,220.0,0.14,1,0.029312230751356333
mobile,iOS,Safari,"45.5482,-71.2313","52.2403,-80.5455",0.0,0,0.0,SUB_5,Express Stop Motel,1,-99.0,0.08,0,0.013386917827664779
desktop,Windows,Firefox,"45.2296,-111.4942","53.4097,-95.0676",1.0,0,0.0,SUB_1,BudgetInns Global,1,85.0,0.1,1,0.06913842034334684
desktop,Windows,Firefox,"45.2296,-111.4942","53.4097,-95.0676",1.0,0,0.0,SUB_2,Urban Stay Suites,2,180.0,0.12,1,0.06913842034334684
desktop,Windows,Firefox,"45.2296,-111.4942","53.4097,-95.0676",1.0,0,0.0,SUB_3,Grand Horizon Resorts,3,450.0,0.15,0,0.06913842034334684
desktop,Windows,Firefox,"45.2296,-111.4942","53.4097,-95.0676",1.0,0,0.0,SUB_4,EcoLodge Boutique,2,220.0,0.14,1,0.06913842034334684
desktop,Windows,Firefox,"45.2296,-111.4942","53.4097,-95.0676",1.0,0,0.0,SUB_5,Express Stop Motel,1,-99.0,0.08,0,0.06913842034334684
tablet,Android,Samsung Internet,"47.1106,-75.0881","53.5576,-77.6612",0.0,1,0.0,SUB_1,BudgetInns Global,1,85.0,0.1,1,0.016302499371440946
tablet,Android,Samsung Internet,"47.1106,-75.0881","53.5576,-77.6612",0.0,0,0.0,SUB_2,Urban Stay Suites,2,180.0,0.12,1,0.016302499371440946
tablet,Android,Samsung Internet,"47.1106,-75.0881","53.5576,-77.6612",0.0,0,0.0,SUB_3,Grand Horizon Resorts,3,450.0,0.15,0,0.016302499371440946
tablet,Android,Samsung Internet,"47.1106,-75.0881","53.5576,-77.6612",0.0,0,0.0,SUB_4,EcoLodge Boutique,2,220.0,0.14,1,0.016302499371440946
tablet,Android,Samsung Internet,"47.1106,-75.0881","53.5576,-77.6612",0.0,0,0.0,SUB_5,Express Stop Motel,1,-99.0,0.08,0,0.016302499371440946
tablet,Android,Chrome,"42.5009,-81.1598","44.8702,-95.9964",0.0,0,0.0,SUB_1,BudgetInns Global,1,85.0,0.1,1,0.029312230751356333
tablet,Android,Chrome,"42.5009,-81.1598","44.8702,-95.9964",0.0,0,0.0,SUB_2,Urban Stay Suites,2,180.0,0.12,1,0.029312230751356333
tablet,Android,Chrome,"42.5009,-81.1598","44.8702,-95.9964",0.0,0,0.0,SUB_3,Grand Horizon Resorts,3,450.0,0.15,0,0.029312230751356333
tablet,Android,Chrome,"42.5009,-81.1598","44.8702,-95.9964",0.0,0,0.0,SUB_4,EcoLodge Boutique,2,220.0,0.14,1,0.029312230751356333
tablet,Android,Chrome,"42.5009,-81.1598","44.8702,-95.9964",0.0,0,0.0,SUB_5,Express Stop Motel,1,-99.0,0.08,0,0.029312230751356333
desktop,Windows,Firefox,"27.6101,-116.176","13.0484,-106.484",0.0,1,0.0,SUB_1,BudgetInns Global,1,85.0,0.1,1,0.029312230751356333
desktop,Windows,Firefox,"27.6101,-116.176","13.0484,-106.484",0.0,0,0.0,SUB_2,Urban Stay Suites,2,180.0,0.12,1,0.029312230751356333
desktop,Windows,Firefox,"27.6101,-116.176","13.0484,-106.484",0.0,0,0.0,SUB_3,Grand Horizon Resorts,3,450.0,0.15,0,0.029312230751356333
desktop,Windows,Firefox,"27.6101,-116.176","13.0484,-106.484",0.0,0,0.0,SUB_4,EcoLodge Boutique,2,220.0,0.14,1,0.029312230751356333
desktop,Windows,Firefox,"27.6101,-116.176","13.0484,-106.484",0.0,0,0.0,SUB_5,Express Stop Motel,1,-99.0,0.08,0,0.029312230751356333
mobile,Android,Chrome,"34.9775,-70.6635","30.7888,-64.9393",1.0,0,1.0,SUB_1,BudgetInns Global,1,85.0,0.1,1,0.060086650174007654
mobile,Android,Chrome,"34.9775,-70.6635","30.7888,-64.9393",1.0,0,1.0,SUB_2,Urban Stay Suites,2,180.0,0.12,1,0.060086650174007654
mobile,Android,Chrome,"34.9775,-70.6635","30.7888,-64.9393",1.0,0,1.0,SUB_3,Grand Horizon Resorts,3,450.0,0.15,0,0.027922573784073024
mobile,Android,Chrome,"34.9775,-70.6635","30.7888,-64.9393",1.0,0,1.0,SUB_4,EcoLodge Boutique,2,220.0,0.14,1,0.060086650174007654
mobile,Android,Chrome,"34.9775,-70.6635","30.7888,-64.9393",1.0,1,1.0,SUB_5,Express Stop Motel,1,-99.0,0.08,0,0.027922573784073024
mobile,Android,Samsung Internet,"43.0787,-106.4317","46.2239,-113.802",0.0,0,0.0,SUB_1,BudgetInns Global,1,85.0,0.1,1,0.016302499371440946
mobile,Android,Samsung Internet,"43.0787,-106.4317","46.2239,-113.802",0.0,0,0.0,SUB_2,Urban Stay Suites,2,180.0,0.12,1,0.016302499371440946
mobile,Android,Samsung Internet,"43.0787,-106.4317","46.2239,-113.802",0.0,0,0.0,SUB_3,Grand Horizon Resorts,3,450.0,0.15,0,0.007391541344281977
mobile,Android,Samsung Internet,"43.0787,-106.4317","46.2239,-113.802",0.0,0,0.0,SUB_4,EcoLodge Boutique,2,220.0,0.14,1,0.016302499371440946
mobile,Android,Samsung Internet,"43.0787,-106.4317","46.2239,-113.802",0.0,0,0.0,SUB_5,Express Stop Motel,1,-99.0,0.08,0,0.007391541344281977
desktop,macOS,Safari,"32.0084,-115.0709","28.6319,-110.2102",0.0,0,0.0,SUB_1,BudgetInns Global,1,85.0,0.1,1,0.016302499371440946
desktop,macOS,Safari,"32.0084,-115.0709","28.6319,-110.2102",0.0,0,0.0,SUB_2,Urban Stay Suites,2,180.0,0.12,1,0.016302499371440946
desktop,macOS,Safari,"32.0084,-115.0709","28.6319,-110.2102",0.0,0,0.0,SUB_3,Grand Horizon Resorts,3,450.0,0.15,0,0.03229546469845053
desktop,macOS,Safari,"32.0084,-115.0709","28.6319,-110.2102",0.0,0,0.0,SUB_4,EcoLodge Boutique,2,220.0,0.14,1,0.016302499371440946
desktop,macOS,Safari,"32.0084,-115.0709","28.6319,-110.2102",0.0,0,0.0,SUB_5,Express Stop Motel,1,-99.0,0.08,0,0.016302499371440946
desktop,Linux,Firefox,"42.1852,-78.5343","53.0896,-89.7398",0.0,0,1.0,SUB_1,BudgetInns Global,1,85.0,0.1,1,0.045217473483287515
desktop,Linux,Firefox,"42.1852,-78.5343","53.0896,-89.7398",0.0,0,1.0,SUB_2,Urban Stay Suites,2,180.0,0.12,1,0.045217473483287515
desktop,Linux,Firefox,"42.1852,-78.5343","53.0896,-89.7398",0.0,0,1.0,SUB_3,Grand Horizon Resorts,3,450.0,0.15,0,0.045217473483287515
desktop,Linux,Firefox,"42.1852,-78.5343","53.0896,-89.7398",0.0,0,1.0,SUB_4,EcoLodge Boutique,2,220.0,0.14,1,0.045217473483287515
desktop,Linux,Firefox,"42.1852,-78.5343","53.0896,-89.7398",0.0,0,1.0,SUB_5,Express Stop Motel,1,-99.0,0.08,0,0.045217473483287515
mobile,Android,Chrome,"25.6125,-84.6662","19.8766,-86.8726",0.0,0,0.0,SUB_1,BudgetInns Global,1,85.0,0.1,1,0.016302499371440946
mobile,Android,Chrome,"25.6125,-84.6662","19.8766,-86.8726",0.0,0,0.0,SUB_2,Urban Stay Suites,2,180.0,0.12,1,0.016302499371440946
mobile,Android,Chrome,"25.6125,-84.6662","19.8766,-86.8726",0.0,0,0.0,SUB_3,Grand Horizon Resorts,3,450.0,0.15,0,0.007391541344281977
mobile,Android,Chrome,"25.6125,-84.6662","19.8766,-86.8726",0.0,0,0.0,SUB_4,EcoLodge Boutique,2,220.0,0.14,1,0.016302499371440946
mobile,Android,Chrome,"25.6125,-84.6662","19.8766,-86.8726",0.0,0,0.0,SUB_5,Express Stop Motel,1,-99.0,0.08,0,0.007391541344281977
tablet,Android,Samsung Internet,"32.6534,-89.1391","26.4594,-73.1626",1.0,0,0.0,SUB_1,BudgetInns Global,1,85.0,0.1,1,0.06913842034334684
tablet,Android,Samsung Internet,"32.6534,-89.1391","26.4594,-73.1626",1.0,0,0.0,SUB_2,Urban Stay Suites,2,180.0,0.12,1,0.06913842034334684
tablet,Android,Samsung Internet,"32.6534,-89.1391","26.4594,-73.1626",1.0,0,0.0,SUB_3,Grand Horizon Resorts,3,450.0,0.15,0,0.06913842034334684
tablet,Android,Samsung Internet,"32.6534,-89.1391","26.4594,-73.1626",1.0,0,0.0,SUB_4,EcoLodge Boutique,2,220.0,0.14,1,0.06913842034334684
tablet,Android,Samsung Internet,"32.6534,-89.1391","26.4594,-73.1626",1.0,0,0.0,SUB_5,Express Stop Motel,1,-99.0,0.08,0,0.06913842034334684
mobile,iOS,Safari,"38.7283,-112.201","31.7082,-126.8596",0.0,0,0.0,SUB_1,BudgetInns Global,1,85.0,0.1,1,0.029312230751356333
mobile,iOS,Safari,"38.7283,-112.201","31.7082,-126.8596",0.0,0,0.0,SUB_2,Urban Stay Suites,2,180.0,0.12,1,0.029312230751356333
mobile,iOS,Safari,"38.7283,-112.201","31.7082,-126.8596",0.0,0,0.0,SUB_3,Grand Horizon Resorts,3,450.0,0.15,0,0.013386917827664779
mobile,iOS,Safari,"38.7283,-112.201","31.7082,-126.8596",0.0,0,0.0,SUB_4,EcoLodge Boutique,2,220.0,0.14,1,0.029312230751356333
mobile,iOS,Safari,"38.7283,-112.201","31.7082,-126.8596",0.0,0,0.0,SUB_5,Express Stop Motel,1,-99.0,0.08,0,0.013386917827664779
mobile,iOS,Chrome,"40.8022,-96.0752","35.7856,-100.6073",0.0,0,0.0,SUB_1,BudgetInns Global,1,85.0,0.1,1,0.016302499371440946
mobile,iOS,Chrome,"40.8022,-96.0752","35.7856,-100.6073",0.0,0,0.0,SUB_2,Urban Stay Suites,2,180.0,0.12,1,0.016302499371440946
mobile,iOS,Chrome,"40.8022,-96.0752","35.7856,-100.6073",0.0,0,0.0,SUB_3,Grand Horizon Resorts,3,450.0,0.15,0,0.007391541344281977
mobile,iOS,Chrome,"40.8022,-96.0752","35.7856,-100.6073",0.0,0,0.0,SUB_4,EcoLodge Boutique,2,220.0,0.14,1,0.016302499371440946
mobile,iOS,Chrome,"40.8022,-96.0752","35.7856,-100.6073",0.0,0,0.0,SUB_5,Express Stop Motel,1,-99.0,0.08,0,0.007391541344281977
mobile,Android,Chrome,"39.426,-80.9722","41.1481,-68.1265",0.0,0,0.0,SUB_1,BudgetInns Global,1,85.0,0.1,1,0.029312230751356333
mobile,Android,Chrome,"39.426,-80.9722","41.1481,-68.1265",0.0,0,0.0,SUB_2,Urban Stay Suites,2,180.0,0.12,1,0.029312230751356333
mobile,Android,Chrome,"39.426,-80.9722","41.1481,-68.1265",0.0,0,0.0,SUB_3,Grand Horizon Resorts,3,450.0,0.15,0,0.013386917827664779
mobile,Android,Chrome,"39.426,-80.9722","41.1481,-68.1265",0.0,0,0.0,SUB_4,EcoLodge Boutique,2,220.0,0.14,1,0.029312230751356333
mobile,Android,Chrome,"39.426,-80.9722","41.1481,-68.1265",0.0,0,0.0,SUB_5,Express Stop Motel,1,-99.0,0.08,0,0.013386917827664779
mobile,Android,Chrome,45.5017;-73.5673,"48.6544,-86.0392",0.0,0,0.0,SUB_1,BudgetInns Global,1,85.0,0.1,1,0.016302499371440946
mobile,Android,Chrome,45.5017;-73.5673,"48.6544,-86.0392",0.0,0,0.0,SUB_2,Urban Stay Suites,2,180.0,0.12,1,0.016302499371440946
mobile,Android,Chrome,45.5017;-73.5673,"48.6544,-86.0392",0.0,0,0.0,SUB_3,Grand Horizon Resorts,3,450.0,0.15,0,0.007391541344281977
mobile,Android,Chrome,45.5017;-73.5673,"48.6544,-86.0392",0.0,0,0.0,SUB_4,EcoLodge Boutique,2,220.0,0.14,1,0.016302499371440946
mobile,Android,Chrome,45.5017;-73.5673,"48.6544,-86.0392",0.0,0,0.0,SUB_5,Express Stop Motel,1,-99.0,0.08,0,0.007391541344281977
mobile,iOS,Safari,"25.1522,-104.4155","30.0292,-106.2585",0.0,0,0.0,SUB_1,BudgetInns Global,1,85.0,0.1,1,0.016302499371440946
mobile,iOS,Safari,"25.1522,-104.4155","30.0292,-106.2585",0.0,0,0.0,SUB_2,Urban Stay Suites,2,180.0,0.12,1,0.016302499371440946
mobile,iOS,Safari,"25.1522,-104.4155","30.0292,-106.2585",0.0,0,0.0,SUB_3,Grand Horizon Resorts,3,450.0,0.15,0,0.007391541344281977
mobile,iOS,Safari,"25.1522,-104.4155","30.0292,-106.2585",0.0,0,0.0,SUB_4,EcoLodge Boutique,2,220.0,0.14,1,0.016302499371440946
mobile,iOS,Safari,"25.1522,-104.4155","30.0292,-106.2585",0.0,0,0.0,SUB_5,Express Stop Motel,1,-99.0,0.08,0,0.007391541344281977
mobile,iOS,Safari,"27.5235,-119.843","36.755,-119.563",0.0,0,0.0,SUB_1,BudgetInns Global,1,85.0,0.1,1,0.029312230751356333
mobile,iOS,Safari,"27.5235,-119.843","36.755,-119.563",0.0,0,0.0,SUB_2,Urban Stay Suites,2,180.0,0.12,1,0.029312230751356333
mobile,iOS,Safari,"27.5235,-119.843","36.755,-119.563",0.0,0,0.0,SUB_3,Grand Horizon Resorts,3,450.0,0.15,0,0.013386917827664779
mobile,iOS,Safari,"27.5235,-119.843","36.755,-119.563",0.0,0,0.0,SUB_4,EcoLodge Boutique,2,220.0,0.14,1,0.029312230751356333
mobile,iOS,Safari,"27.5235,-119.843","36.755,-119.563",0.0,0,0.0,SUB_5,Express Stop Motel,1,-99.0,0.08,0,0.013386917827664779
mobile,Android,Chrome,"46.7236,-111.2878","58.301,-108.4009",0.0,0,0.0,SUB_1,BudgetInns Global,1,85.0,0.1,1,0.029312230751356333
mobile,Android,Chrome,"46.7236,-111.2878","58.301,-108.4009",0.0,0,0.0,SUB_2,Urban Stay Suites,2,180.0,0.12,1,0.029312230751356333
mobile,Android,Chrome,"46.7236,-111.2878","58.301,-108.4009",0.0,0,0.0,SUB_3,Grand Horizon Resorts,3,450.0,0.15,0,0.013386917827664779
mobile,Android,Chrome,"46.7236,-111.2878","58.301,-108.4009",0.0,0,0.0,SUB_4,EcoLodge Boutique,2,220.0,0.14,1,0.029312230751356333
mobile,Android,Chrome,"46.7236,-111.2878","58.301,-108.4009",0.0,0,0.0,SUB_5,Express Stop Motel,1,-99.0,0.08,0,0.013386917827664779
desktop,Windows,Firefox,"42.0437,-76.2297","51.5261,-58.9358",0.0,0,0.0,SUB_1,BudgetInns Global,1,85.0,0.1,1,0.029312230751356333
desktop,Windows,Firefox,"42.0437,-76.2297","51.5261,-58.9358",0.0,0,0.0,SUB_2,Urban Stay Suites,2,180.0,0.12,1,0.029312230751356333
desktop,Windows,Firefox,"42.0437,-76.2297","51.5261,-58.9358",0.0,0,0.0,SUB_3,Grand Horizon Resorts,3,450.0,0.15,0,0.029312230751356333
desktop,Windows,Firefox,"42.0437,-76.2297","51.5261,-58.9358",0.0,0,0.0,SUB_4,EcoLodge Boutique,2,220.0,0.14,1,0.029312230751356333
desktop,Windows,Firefox,"42.0437,-76.2297","51.5261,-58.9358",0.0,0,0.0,SUB_5,Express Stop Motel,1,-99.0,0.08,0,0.029312230751356333
desktop,macOS,Firefox,"27.8233,-97.9127","13.3917,-83.5844",0.0,0,0.0,SUB_1,BudgetInns Global,1,85.0,0.1,1,0.029312230751356333
desktop,macOS,Firefox,"27.8233,-97.9127","13.3917,-83.5844",0.0,0,0.0,SUB_2,Urban Stay Suites,2,180.0,0.12,1,0.029312230751356333
desktop,macOS,Firefox,"27.8233,-97.9127","13.3917,-83.5844",0.0,0,0.0,SUB_3,Grand Horizon Resorts,3,450.0,0.15,0,0.057324175898868755
desktop,macOS,Firefox,"27.8233,-97.9127","13.3917,-83.5844",0.0,0,0.0,SUB_4,EcoLodge Boutique,2,220.0,0.14,1,0.029312230751356333
desktop,macOS,Firefox,"27.8233,-97.9127","13.3917,-83.5844",0.0,0,0.0,SUB_5,Express Stop Motel,1,-99.0,0.08,0,0.029312230751356333
desktop,Windows,Chrome,"46.0519,-70.7883","53.1294,-83.9643",1.0,0,0.0,SUB_1,BudgetInns Global,1,85.0,0.1,1,0.06913842034334684
desktop,Windows,Chrome,"46.0519,-70.7883","53.1294,-83.9643",1.0,0,0.0,SUB_2,Urban Stay Suites,2,180.0,0.12,1,0.06913842034334684
desktop,Windows,Chrome,"46.0519,-70.7883","53.1294,-83.9643",1.0,0,0.0,SUB_3,Grand Horizon Resorts,3,450.0,0.15,0,0.06913842034334684
desktop,Windows,Chrome,"46.0519,-70.7883","53.1294,-83.9643",1.0,1,0.0,SUB_4,EcoLodge Boutique,2,220.0,0.14,1,0.06913842034334684
desktop,Windows,Chrome,"46.0519,-70.7883","53.1294,-83.9643",1.0,0,0.0,SUB_5,Express Stop Motel,1,-99.0,0.08,0,0.06913842034334684
tablet,Android,UNKNOWN_BROWSER,"31.0558,-100.2146","22.3078,-102.7443",0.0,0,0.0,SUB_1,BudgetInns Global,1,85.0,0.1,1,0.029312230751356333
tablet,Android,UNKNOWN_BROWSER,"31.0558,-100.2146","22.3078,-102.7443",0.0,0,0.0,SUB_2,Urban Stay Suites,2,180.0,0.12,1,0.029312230751356333
tablet,Android,UNKNOWN_BROWSER,"31.0558,-100.2146","22.3078,-102.7443",0.0,0,0.0,SUB_3,Grand Horizon Resorts,3,450.0,0.15,0,0.029312230751356333
tablet,Android,UNKNOWN_BROWSER,"31.0558,-100.2146","22.3078,-102.7443",0.0,0,0.0,SUB_4,EcoLodge Boutique,2,220.0,0.14,1,0.029312230751356333
tablet,Android,UNKNOWN_BROWSER,"31.0558,-100.2146","22.3078,-102.7443",0.0,0,0.0,SUB_5,Express Stop Motel,1,-99.0,0.08,0,0.029312230751356333
mobile,iOS,Chrome,"36.9565,-84.2407","25.9443,-85.6807",0.0,0,0.0,SUB_1,BudgetInns Global,1,85.0,0.1,1,0.029312230751356333
mobile,iOS,Chrome,"36.9565,-84.2407","25.9443,-85.6807",0.0,0,0.0,SUB_2,Urban Stay Suites,2,180.0,0.12,1,0.029312230751356333
mobile,iOS,Chrome,"36.9565,-84.2407","25.9443,-85.6807",0.0,0,0.0,SUB_3,Grand Horizon Resorts,3,450.0,0.15,0,0.013386917827664779
mobile,iOS,Chrome,"36.9565,-84.2407","25.9443,-85.6807",0.0,0,0.0,SUB_4,EcoLodge Boutique,2,220.0,0.14,1,0.029312230751356333
mobile,iOS,Chrome,"36.9565,-84.2407","25.9443,-85.6807",0.0,0,0.0,SUB_5,Express Stop Motel,1,-99.0,0.08,0,0.013386917827664779
mobile,Android,Chrome,"28.6299,-105.904","32.7846,-94.3402",0.0,0,0.0,SUB_1,BudgetInns Global,1,85.0,0.1,1,0.029312230751356333
mobile,Android,Chrome,"28.6299,-105.904","32.7846,-94.3402",0.0,1,0.0,SUB_2,Urban Stay Suites,2,180.0,0.12,1,0.029312230751356333
mobile,Android,Chrome,"28.6299,-105.904","32.7846,-94.3402",0.0,0,0.0,SUB_3,Grand Horizon Resorts,3,450.0,0.15,0,0.013386917827664779
mobile,Android,Chrome,"28.6299,-105.904","32.7846,-94.3402",0.0,0,0.0,SUB_4,EcoLodge Boutique,2,220.0,0.14,1,0.029312230751356333
mobile,Android,Chrome,"28.6299,-105.904","32.7846,-94.3402",0.0,0,0.0,SUB_5,Express Stop Motel,1,-99.0,0.08,0,0.013386917827664779
desktop,macOS,Chrome,"42.7528,-101.8095","37.3451,-97.6938",0.0,0,0.0,SUB_1,BudgetInns Global,1,85.0,0.1,1,0.016302499371440946
desktop,macOS,Chrome,"42.7528,-101.8095","37.3451,-97.6938",0.0,0,0.0,SUB_2,Urban Stay Suites,2,180.0,0.12,1,0.016302499371440946
desktop,macOS,Chrome,"42.7528,-101.8095","37.3451,-97.6938",0.0,0,0.0,SUB_3,Grand Horizon Resorts,3,450.0,0.15,0,0.03229546469845053
desktop,macOS,Chrome,"42.7528,-101.8095","37.3451,-97.6938",0.0,0,0.0,SUB_4,EcoLodge Boutique,2,220.0,0.14,1,0.016302499371440946
desktop,macOS,Chrome,"42.7528,-101.8095","37.3451,-97.6938",0.0,0,0.0,SUB_5,Express Stop Motel,1,-99.0,0.08,0,0.016302499371440946
mobile,iOS,Safari,"41.6714,-110.4637","28.3849,-104.2949",0.0,0,0.0,SUB_1,BudgetInns Global,1,85.0,0.1,1,0.029312230751356333
mobile,iOS,Safari,"41.6714,-110.4637","28.3849,-104.2949",0.0,0,0.0,SUB_2,Urban Stay Suites,2,180.0,0.12,1,0.029312230751356333
mobile,iOS,Safari,"41.6714,-110.4637","28.3849,-104.2949",0.0,0,0.0,SUB_3,Grand Horizon Resorts,3,450.0,0.15,0,0.013386917827664779
mobile,iOS,Safari,"41.6714,-110.4637","28.3849,-104.2949",0.0,0,0.0,SUB_4,EcoLodge Boutique,2,220.0,0.14,1,0.029312230751356333
mobile,iOS,Safari,"41.6714,-110.4637","28.3849,-104.2949",0.0,0,0.0,SUB_5,Express Stop Motel,1,-99.0,0.08,0,0.013386917827664779
tablet,iOS,Chrome,"30.2778,-102.6469","19.4067,-82.7189",1.0,0,,SUB_1,BudgetInns Global,1,85.0,0.1,1,0.06913842034334684
tablet,iOS,Chrome,"30.2778,-102.6469","19.4067,-82.7189",1.0,1,,SUB_2,Urban Stay Suites,2,180.0,0.12,1,0.06913842034334684
tablet,iOS,Chrome,"30.2778,-102.6469","19.4067,-82.7189",1.0,0,,SUB_3,Grand Horizon Resorts,3,450.0,0.15,0,0.06913842034334684
tablet,iOS,Chrome,"30.2778,-102.6469","19.4067,-82.7189",1.0,0,,SUB_4,EcoLodge Boutique,2,220.0,0.14,1,0.06913842034334684
tablet,iOS,Chrome,"30.2778,-102.6469","19.4067,-82.7189",1.0,0,,SUB_5,Express Stop Motel,1,-99.0,0.08,0,0.06913842034334684
mobile,Android,Samsung Internet,"46.585,-92.6381","31.6129,-109.6397",0.0,0,0.0,SUB_1,BudgetInns Global,1,85.0,0.1,1,0.029312230751356333
mobile,Android,Samsung Internet,"46.585,-92.6381","31.6129,-109.6397",0.0,0,0.0,SUB_2,Urban Stay Suites,2,180.0,0.12,1,0.029312230751356333
mobile,Android,Samsung Internet,"46.585,-92.6381","31.6129,-109.6397",0.0,0,0.0,SUB_3,Grand Horizon Resorts,3,450.0,0.15,0,0.013386917827664779
mobile,Android,Samsung Internet,"46.585,-92.6381","31.6129,-109.6397",0.0,0,0.0,SUB_4,EcoLodge Boutique,2,220.0,0.14,1,0.029312230751356333
mobile,Android,Samsung Internet,"46.585,-92.6381","31.6129,-109.6397",0.0,0,0.0,SUB_5,Express Stop Motel,1,-99.0,0.08,0,0.013386917827664779
tablet,Android,Chrome,"35.0327,-70.4114","47.1294,-81.491",0.0,0,0.0,SUB_1,BudgetInns Global,1,85.0,0.1,1,0.029312230751356333
tablet,Android,Chrome,"35.0327,-70.4114","47.1294,-81.491",0.0,0,0.0,SUB_2,Urban Stay Suites,2,180.0,0.12,1,0.029312230751356333
tablet,Android,Chrome,"35.0327,-70.4114","47.1294,-81.491",0.0,0,0.0,SUB_3,Grand Horizon Resorts,3,450.0,0.15,0,0.029312230751356333
tablet,Android,Chrome,"35.0327,-70.4114","47.1294,-81.491",0.0,0,0.0,SUB_4,EcoLodge Boutique,2,220.0,0.14,1,0.029312230751356333
tablet,Android,Chrome,"35.0327,-70.4114","47.1294,-81.491",0.0,0,0.0,SUB_5,Express Stop Motel,1,-99.0,0.08,0,0.029312230751356333
mobile,Android,Samsung Internet,"32.3129,-86.7899","18.0514,-90.4741",0.0,0,0.0,SUB_1,BudgetInns Global,1,85.0,0.1,1,0.029312230751356333
mobile,Android,Samsung Internet,"32.3129,-86.7899","18.0514,-90.4741",0.0,0,0.0,SUB_2,Urban Stay Suites,2,180.0,0.12,1,0.029312230751356333
mobile,Android,Samsung Internet,"32.3129,-86.7899","18.0514,-90.4741",0.0,0,0.0,SUB_3,Grand Horizon Resorts,3,450.0,0.15,0,0.013386917827664779
mobile,Android,Samsung Internet,"32.3129,-86.7899","18.0514,-90.4741",0.0,0,0.0,SUB_4,EcoLodge Boutique,2,220.0,0.14,1,0.029312230751356333
mobile,Android,Samsung Internet,"32.3129,-86.7899","18.0514,-90.4741",0.0,0,0.0,SUB_5,Express Stop Motel,1,-99.0,0.08,0,0.013386917827664779
desktop,Linux,Firefox,"28.8082,-110.0377","20.0919,-116.1264",0.0,0,0.0,SUB_1,BudgetInns Global,1,85.0,0.1,1,0.029312230751356333
desktop,Linux,Firefox,"28.8082,-110.0377","20.0919,-116.1264",0.0,0,0.0,SUB_2,Urban Stay Suites,2,180.0,0.12,1,0.029312230751356333
desktop,Linux,Firefox,"28.8082,-110.0377","20.0919,-116.1264",0.0,0,0.0,SUB_3,Grand Horizon Resorts,3,450.0,0.15,0,0.029312230751356333
desktop,Linux,Firefox,"28.8082,-110.0377","20.0919,-116.1264",0.0,0,0.0,SUB_4,EcoLodge Boutique,2,220.0,0.14,1,0.029312230751356333
desktop,Linux,Firefox,"28.8082,-110.0377","20.0919,-116.1264",0.0,0,0.0,SUB_5,Express Stop Motel,1,-99.0,0.08,0,0.029312230751356333
mobile,Android,Chrome,"31.6542,-117.7519","29.1421,-136.8861",0.0,0,1.0,SUB_1,BudgetInns Global,1,85.0,0.1,1,0.045217473483287515
mobile,Android,Chrome,"31.6542,-117.7519","29.1421,-136.8861",0.0,0,1.0,SUB_2,Urban Stay Suites,2,180.0,0.12,1,0.045217473483287515
mobile,Android,Chrome,"31.6542,-117.7519","29.1421,-136.8861",0.0,0,1.0,SUB_3,Grand Horizon Resorts,3,450.0,0.15,0,0.02083634451868043
mobile,Android,Chrome,"31.6542,-117.7519","29.1421,-136.8861",0.0,0,1.0,SUB_4,EcoLodge Boutique,2,220.0,0.14,1,0.045217473483287515
mobile,Android,Chrome,"31.6542,-117.7519","29.1421,-136.8861",0.0,0,1.0,SUB_5,Express Stop Motel,1,-99.0,0.08,0,0.02083634451868043
tablet,iOS,Safari,"25.5507,-113.6822","21.2478,-130.0111",0.0,0,0.0,SUB_1,BudgetInns Global,1,85.0,0.1,1,0.029312230751356333
tablet,iOS,Safari,"25.5507,-113.6822","21.2478,-130.0111",0.0,0,0.0,SUB_2,Urban Stay Suites,2,180.0,0.12,1,0.029312230751356333
tablet,iOS,Safari,"25.5507,-113.6822","21.2478,-130.0111",0.0,0,0.0,SUB_3,Grand Horizon Resorts,3,450.0,0.15,0,0.029312230751356333
tablet,iOS,Safari,"25.5507,-113.6822","21.2478,-130.0111",0.0,0,0.0,SUB_4,EcoLodge Boutique,2,220.0,0.14,1,0.029312230751356333
tablet,iOS,Safari,"25.5507,-113.6822","21.2478,-130.0111",0.0,0,0.0,SUB_5,Express Stop Motel,1,-99.0,0.08,0,0.029312230751356333
mobile,iOS,Safari,"39.5814,-91.8722","51.9332,-84.6341",0.0,0,0.0,SUB_1,BudgetInns Global,1,85.0,0.1,1,0.029312230751356333
mobile,iOS,Safari,"39.5814,-91.8722","51.9332,-84.6341",0.0,0,0.0,SUB_2,Urban Stay Suites,2,180.0,0.12,1,0.029312230751356333
mobile,iOS,Safari,"39.5814,-91.8722","51.9332,-84.6341",0.0,0,0.0,SUB_3,Grand Horizon Resorts,3,450.0,0.15,0,0.013386917827664779
mobile,iOS,Safari,"39.5814,-91.8722","51.9332,-84.6341",0.0,0,0.0,SUB_4,EcoLodge Boutique,2,220.0,0.14,1,0.029312230751356333
mobile,iOS,Safari,"39.5814,-91.8722","51.9332,-84.6341",0.0,0,0.0,SUB_5,Express Stop Motel,1,-99.0,0.08,0,0.013386917827664779
desktop,Windows,Firefox,"46.0558,-81.742","32.2645,-66.569",0.0,0,0.0,SUB_1,BudgetInns Global,1,85.0,0.1,1,0.029312230751356333
desktop,Windows,Firefox,"46.0558,-81.742","32.2645,-66.569",0.0,0,0.0,SUB_2,Urban Stay Suites,2,180.0,0.12,1,0.029312230751356333
desktop,Windows,Firefox,"46.0558,-81.742","32.2645,-66.569",0.0,0,0.0,SUB_3,Grand Horizon Resorts,3,450.0,0.15,0,0.029312230751356333
desktop,Windows,Firefox,"46.0558,-81.742","32.2645,-66.569",0.0,0,0.0,SUB_4,EcoLodge Boutique,2,220.0,0.14,1,0.029312230751356333
desktop,Windows,Firefox,"46.0558,-81.742","32.2645,-66.569",0.0,0,0.0,SUB_5,Express Stop Motel,1,-99.0,0.08,0,0.029312230751356333
tablet,Android,Chrome,"38.7245,-72.979","39.0909,-72.4099",1.0,0,0.0,SUB_1,BudgetInns Global,1,85.0,0.1,1,0.03916572279676437
tablet,Android,Chrome,"38.7245,-72.979","39.0909,-72.4099",1.0,0,0.0,SUB_2,Urban Stay Suites,2,180.0,0.12,1,0.03916572279676437
tablet,Android,Chrome,"38.7245,-72.979","39.0909,-72.4099",1.0,0,0.0,SUB_3,Grand Horizon Resorts,3,450.0,0.15,0,0.03916572279676437
tablet,Android,Chrome,"38.7245,-72.979","39.0909,-72.4099",1.0,0,0.0,SUB_4,EcoLodge Boutique,2,220.0,0.14,1,0.03916572279676437
tablet,Android,Chrome,"38.7245,-72.979","39.0909,-72.4099",1.0,0,0.0,SUB_5,Express Stop Motel,1,-99.0,0.08,0,0.03916572279676437
mobile,Android,Samsung Internet,"30.4818,-119.2088","35.8962,-117.6412",1.0,0,0.0,SUB_1,BudgetInns Global,1,85.0,0.1,1,0.03916572279676437
mobile,Android,Samsung Internet,"30.4818,-119.2088","35.8962,-117.6412",1.0,0,0.0,SUB_2,Urban Stay Suites,2,180.0,0.12,1,0.03916572279676437
mobile,Android,Samsung Internet,"30.4818,-119.2088","35.8962,-117.6412",1.0,0,0.0,SUB_3,Grand Horizon Resorts,3,450.0,0.15,0,0.01798620996209156
mobile,Android,Samsung Internet,"30.4818,-119.2088","35.8962,-117.6412",1.0,0,0.0,SUB_4,EcoLodge Boutique,2,220.0,0.14,1,0.03916572279676437
mobile,Android,Samsung Internet,"30.4818,-119.2088","35.8962,-117.6412",1.0,0,0.0,SUB_5,Express Stop Motel,1,-99.0,0.08,0,0.01798620996209156
desktop,macOS,Safari,"25.8417,-93.862","38.7926,-103.6583",0.0,1,1.0,SUB_1,BudgetInns Global,1,85.0,0.1,1,0.045217473483287515
desktop,macOS,Safari,"25.8417,-93.862","38.7926,-103.6583",0.0,0,1.0,SUB_2,Urban Stay Suites,2,180.0,0.12,1,0.045217473483287515
desktop,macOS,Safari,"25.8417,-93.862","38.7926,-103.6583",0.0,0,1.0,SUB_3,Grand Horizon Resorts,3,450.0,0.15,0,0.08706577244027129
desktop,macOS,Safari,"25.8417,-93.862","38.7926,-103.6583",0.0,0,1.0,SUB_4,EcoLodge Boutique,2,220.0,0.14,1,0.045217473483287515
desktop,macOS,Safari,"25.8417,-93.862","38.7926,-103.6583",0.0,0,1.0,SUB_5,Express Stop Motel,1,-99.0,0.08,0,0.045217473483287515
desktop,macOS,Safari,"30.3657,-96.4566","33.9768,-85.7415",0.0,0,0.0,SUB_1,BudgetInns Global,1,85.0,0.1,1,0.029312230751356333
desktop,macOS,Safari,"30.3657,-96.4566","33.9768,-85.7415",0.0,0,0.0,SUB_2,Urban Stay Suites,2,180.0,0.12,1,0.029312230751356333
desktop,macOS,Safari,"30.3657,-96.4566","33.9768,-85.7415",0.0,0,0.0,SUB_3,Grand Horizon Resorts,3,450.0,0.15,0,0.057324175898868755
desktop,macOS,Safari,"30.3657,-96.4566","33.9768,-85.7415",0.0,0,0.0,SUB_4,EcoLodge Boutique,2,220.0,0.14,1,0.029312230751356333
desktop,macOS,Safari,"30.3657,-96.4566","33.9768,-85.7415",0.0,1,0.0,SUB_5,Express Stop Motel,1,-99.0,0.08,0,0.029312230751356333
mobile,iOS,Chrome,"35.403,-87.1972","44.5157,-77.1254",1.0,0,0.0,SUB_1,BudgetInns Global,1,85.0,0.1,1,0.06913842034334684
mobile,iOS,Chrome,"35.403,-87.1972","44.5157,-77.1254",1.0,0,0.0,SUB_2,Urban Stay Suites,2,180.0,0.12,1,0.06913842034334684
mobile,iOS,Chrome,"35.403,-87.1972","44.5157,-77.1254",1.0,0,0.0,SUB_3,Grand Horizon Resorts,3,450.0,0.15,0,0.03229546469845053
mobile,iOS,Chrome,"35.403,-87.1972","44.5157,-77.1254",1.0,0,0.0,SUB_4,EcoLodge Boutique,2,220.0,0.14,1,0.06913842034334684
mobile,iOS,Chrome,"35.403,-87.1972","44.5157,-77.1254",1.0,0,0.0,SUB_5,Express Stop Motel,1,-99.0,0.08,0,0.03229546469845053
desktop,Linux,Chrome,"43.9903,-92.0211","31.502,-88.4865",0.0,0,0.0,SUB_1,BudgetInns Global,1,85.0,0.1,1,0.029312230751356333
desktop,Linux,Chrome,"43.9903,-92.0211","31.502,-88.4865",0.0,0,0.0,SUB_2,Urban Stay Suites,2,180.0,0.12,1,0.029312230751356333
desktop,Linux,Chrome,"43.9903,-92.0211","31.502,-88.4865",0.0,0,0.0,SUB_3,Grand Horizon Resorts,3,450.0,0.15,0,0.029312230751356333
desktop,Linux,Chrome,"43.9903,-92.0211","31.502,-88.4865",0.0,0,0.0,SUB_4,EcoLodge Boutique,2,220.0,0.14,1,0.029312230751356333
desktop,Linux,Chrome,"43.9903,-92.0211","31.502,-88.4865",0.0,1,0.0,SUB_5,Express Stop Motel,1,-99.0,0.08,0,0.029312230751356333
desktop,macOS,Chrome,"29.6961,-85.648","26.2743,-97.1414",0.0,0,0.0,SUB_1,BudgetInns Global,1,85.0,0.1,1,0.029312230751356333
desktop,macOS,Chrome,"29.6961,-85.648","26.2743,-97.1414",0.0,0,0.0,SUB_2,Urban Stay Suites,2,180.0,0.12,1,0.029312230751356333
desktop,macOS,Chrome,"29.6961,-85.648","26.2743,-97.1414",0.0,0,0.0,SUB_3,Grand Horizon Resorts,3,450.0,0.15,0,0.057324175898868755
desktop,macOS,Chrome,"29.6961,-85.648","26.2743,-97.1414",0.0,0,0.0,SUB_4,EcoLodge Boutique,2,220.0,0.14,1,0.029312230751356333
desktop,macOS,Chrome,"29.6961,-85.648","26.2743,-97.1414",0.0,0,0.0,SUB_5,Express Stop Motel,1,-99.0,0.08,0,0.029312230751356333
tablet,Android,Samsung Internet,"42.9948,-87.0959","39.2132,-103.2152",1.0,0,0.0,SUB_1,BudgetInns Global,1,85.0,0.1,1,0.06913842034334684
tablet,Android,Samsung Internet,"42.9948,-87.0959","39.2132,-103.2152",1.0,1,0.0,SUB_2,Urban Stay Suites,2,180.0,0.12,1,0.06913842034334684
tablet,Android,Samsung Internet,"42.9948,-87.0959","39.2132,-103.2152",1.0,0,0.0,SUB_3,Grand Horizon Resorts,3,450.0,0.15,0,0.06913842034334684
tablet,Android,Samsung Internet,"42.9948,-87.0959","39.2132,-103.2152",1.0,0,0.0,SUB_4,EcoLodge Boutique,2,220.0,0.14,1,0.06913842034334684
tablet,Android,Samsung Internet,"42.9948,-87.0959","39.2132,-103.2152",1.0,0,0.0,SUB_5,Express Stop Motel,1,-99.0,0.08,0,0.06913842034334684
mobile,iOS, chrome ,"46.6733,-114.1494","58.2619,-131.5799",1.0,0,,SUB_1,BudgetInns Global,1,85.0,0.1,1,0.06913842034334684
mobile,iOS, chrome ,"46.6733,-114.1494","58.2619,-131.5799",1.0,0,,SUB_2,Urban Stay Suites,2,180.0,0.12,1,0.06913842034334684
mobile,iOS, chrome ,"46.6733,-114.1494","58.2619,-131.5799",1.0,0,,SUB_3,Grand Horizon Resorts,3,450.0,0.15,0,0.03229546469845053
mobile,iOS, chrome ,"46.6733,-114.1494","58.2619,-131.5799",1.0,1,,SUB_4,EcoLodge Boutique,2,220.0,0.14,1,0.06913842034334684
mobile,iOS, chrome ,"46.6733,-114.1494","58.2619,-131.5799",1.0,0,,SUB_5,Express Stop Motel,1,-99.0,0.08,0,0.03229546469845053
mobile,iOS,,"36.3487,-80.0141","25.8898,-76.3063",0.0,0,0.0,SUB_1,BudgetInns Global,1,85.0,0.1,1,0.029312230751356333
mobile,iOS,,"36.3487,-80.0141","25.8898,-76.3063",0.0,0,0.0,SUB_2,Urban Stay Suites,2,180.0,0.12,1,0.029312230751356333
mobile,iOS,,"36.3487,-80.0141","25.8898,-76.3063",0.0,0,0.0,SUB_3,Grand Horizon Resorts,3,450.0,0.15,0,0.013386917827664779
mobile,iOS,,"36.3487,-80.0141","25.8898,-76.3063",0.0,0,0.0,SUB_4,EcoLodge Boutique,2,220.0,0.14,1,0.029312230751356333
mobile,iOS,,"36.3487,-80.0141","25.8898,-76.3063",0.0,0,0.0,SUB_5,Express Stop Motel,1,-99.0,0.08,0,0.013386917827664779
tablet,iOS,Chrome,"45.5358,-113.8384","35.0924,-100.837",0.0,0,0.0,SUB_1,BudgetInns Global,1,85.0,0.1,1,0.029312230751356333
tablet,iOS,Chrome,"45.5358,-113.8384","35.0924,-100.837",0.0,0,0.0,SUB_2,Urban Stay Suites,2,180.0,0.12,1,0.029312230751356333
tablet,iOS,Chrome,"45.5358,-113.8384","35.0924,-100.837",0.0,0,0.0,SUB_3,Grand Horizon Resorts,3,450.0,0.15,0,0.029312230751356333
tablet,iOS,Chrome,"45.5358,-113.8384","35.0924,-100.837",0.0,0,0.0,SUB_4,EcoLodge Boutique,2,220.0,0.14,1,0.029312230751356333
tablet,iOS,Chrome,"45.5358,-113.8384","35.0924,-100.837",0.0,0,0.0,SUB_5,Express Stop Motel,1,-99.0,0.08,0,0.029312230751356333
desktop,Windows,Chrome,"38.8664,-85.0735","33.7231,-70.7403",0.0,0,0.0,SUB_1,BudgetInns Global,1,85.0,0.1,1,0.029312230751356333
desktop,Windows,Chrome,"38.8664,-85.0735","33.7231,-70.7403",0.0,0,0.0,SUB_2,Urban Stay Suites,2,180.0,0.12,1,0.029312230751356333
desktop,Windows,Chrome,"38.8664,-85.0735","33.7231,-70.7403",0.0,0,0.0,SUB_3,Grand Horizon Resorts,3,450.0,0.15,0,0.029312230751356333
desktop,Windows,Chrome,"38.8664,-85.0735","33.7231,-70.7403",0.0,0,0.0,SUB_4,EcoLodge Boutique,2,220.0,0.14,1,0.029312230751356333
desktop,Windows,Chrome,"38.8664,-85.0735","33.7231,-70.7403",0.0,0,0.0,SUB_5,Express Stop Motel,1,-99.0,0.08,0,0.029312230751356333
mobile,Android,Chrome,"40.9273,-99.1927","27.5613,-100.6478",0.0,0,0.0,SUB_1,BudgetInns Global,1,85.0,0.1,1,0.029312230751356333
mobile,Android,Chrome,"40.9273,-99.1927","27.5613,-100.6478",0.0,0,0.0,SUB_2,Urban Stay Suites,2,180.0,0.12,1,0.029312230751356333
mobile,Android,Chrome,"40.9273,-99.1927","27.5613,-100.6478",0.0,0,0.0,SUB_3,Grand Horizon Resorts,3,450.0,0.15,0,0.013386917827664779
mobile,Android,Chrome,"40.9273,-99.1927","27.5613,-100.6478",0.0,0,0.0,SUB_4,EcoLodge Boutique,2,220.0,0.14,1,0.029312230751356333
mobile,Android,Chrome,"40.9273,-99.1927","27.5613,-100.6478",0.0,0,0.0,SUB_5,Express Stop Motel,1,-99.0,0.08,0,0.013386917827664779
desktop,macOS,Safari,"38.157,-94.3075","28.6307,-82.9366",0.0,0,0.0,SUB_1,BudgetInns Global,1,85.0,0.1,1,0.029312230751356333
desktop,macOS,Safari,"38.157,-94.3075","28.6307,-82.9366",0.0,0,0.0,SUB_2,Urban Stay Suites,2,180.0,0.12,1,0.029312230751356333
desktop,macOS,Safari,"38.157,-94.3075","28.6307,-82.9366",0.0,0,0.0,SUB_3,Grand Horizon Resorts,3,450.0,0.15,0,0.057324175898868755
desktop,macOS,Safari,"38.157,-94.3075","28.6307,-82.9366",0.0,0,0.0,SUB_4,EcoLodge Boutique,2,220.0,0.14,1,0.029312230751356333
desktop,macOS,Safari,"38.157,-94.3075","28.6307,-82.9366",0.0,0,0.0,SUB_5,Express Stop Motel,1,-99.0,0.08,0,0.029312230751356333
mobile,iOS,Safari,"36.5793,-74.8351","50.5356,-56.9599",0.0,0,0.0,SUB_1,BudgetInns Global,1,85.0,0.1,1,0.029312230751356333
mobile,iOS,Safari,"36.5793,-74.8351","50.5356,-56.9599",0.0,0,0.0,SUB_2,Urban Stay Suites,2,180.0,0.12,1,0.029312230751356333
mobile,iOS,Safari,"36.5793,-74.8351","50.5356,-56.9599",0.0,0,0.0,SUB_3,Grand Horizon Resorts,3,450.0,0.15,0,0.013386917827664779
mobile,iOS,Safari,"36.5793,-74.8351","50.5356,-56.9599",0.0,0,0.0,SUB_4,EcoLodge Boutique,2,220.0,0.14,1,0.029312230751356333
mobile,iOS,Safari,"36.5793,-74.8351","50.5356,-56.9599",0.0,0,0.0,SUB_5,Express Stop Motel,1,-99.0,0.08,0,0.013386917827664779
mobile,Android,Samsung Internet,"30.8663,-75.5058","28.7118,-84.499",0.0,0,0.0,SUB_1,BudgetInns Global,1,85.0,0.1,1,0.016302499371440946
mobile,Android,Samsung Internet,"30.8663,-75.5058","28.7118,-84.499",0.0,0,0.0,SUB_2,Urban Stay Suites,2,180.0,0.12,1,0.016302499371440946
mobile,Android,Samsung Internet,"30.8663,-75.5058","28.7118,-84.499",0.0,0,0.0,SUB_3,Grand Horizon Resorts,3,450.0,0.15,0,0.007391541344281977
mobile,Android,Samsung Internet,"30.8663,-75.5058","28.7118,-84.499",0.0,0,0.0,SUB_4,EcoLodge Boutique,2,220.0,0.14,1,0.016302499371440946
mobile,Android,Samsung Internet,"30.8663,-75.5058","28.7118,-84.499",0.0,0,0.0,SUB_5,Express Stop Motel,1,-99.0,0.08,0,0.007391541344281977
mobile,iOS,Safari,"32.5799,-79.1072","36.5405,-83.1888",0.0,0,1.0,SUB_1,BudgetInns Global,1,85.0,0.1,1,0.025332703226871745
mobile,iOS,Safari,"32.5799,-79.1072","36.5405,-83.1888",0.0,0,1.0,SUB_2,Urban Stay Suites,2,180.0,0.12,1,0.025332703226871745
mobile,iOS,Safari,"32.5799,-79.1072","36.5405,-83.1888",0.0,0,1.0,SUB_3,Grand Horizon Resorts,3,450.0,0.15,0,0.011543752483922297
mobile,iOS,Safari,"32.5799,-79.1072","36.5405,-83.1888",0.0,0,1.0,SUB_4,EcoLodge Boutique,2,220.0,0.14,1,0.025332703226871745
mobile,iOS,Safari,"32.5799,-79.1072","36.5405,-83.1888",0.0,0,1.0,SUB_5,Express Stop Motel,1,-99.0,0.08,0,0.011543752483922297
mobile,Android,Samsung Internet,"32.2493,-94.4926","39.0326,-77.2334",0.0,0,0.0,SUB_1,BudgetInns Global,1,85.0,0.1,1,0.029312230751356333
mobile,Android,Samsung Internet,"32.2493,-94.4926","39.0326,-77.2334",0.0,0,0.0,SUB_2,Urban Stay Suites,2,180.0,0.12,1,0.029312230751356333
mobile,Android,Samsung Internet,"32.2493,-94.4926","39.0326,-77.2334",0.0,0,0.0,SUB_3,Grand Horizon Resorts,3,450.0,0.15,0,0.013386917827664779
mobile,Android,Samsung Internet,"32.2493,-94.4926","39.0326,-77.2334",0.0,0,0.0,SUB_4,EcoLodge Boutique,2,220.0,0.14,1,0.029312230751356333
mobile,Android,Samsung Internet,"32.2493,-94.4926","39.0326,-77.2334",0.0,0,0.0,SUB_5,Express Stop Motel,1,-99.0,0.08,0,0.013386917827664779
desktop,Linux,Firefox,"39.0822,-83.188","35.091,-89.6588",0.0,0,0.0,SUB_1,BudgetInns Global,1,85.0,0.1,1,0.016302499371440946
desktop,Linux,Firefox,"39.0822,-83.188","35.091,-89.6588",0.0,0,0.0,SUB_2,Urban Stay Suites,2,180.0,0.12,1,0.016302499371440946
desktop,Linux,Firefox,"39.0822,-83.188","35.091,-89.6588",0.0,0,0.0,SUB_3,Grand Horizon Resorts,3,450.0,0.15,0,0.016302499371440946
desktop,Linux,Firefox,"39.0822,-83.188","35.091,-89.6588",0.0,0,0.0,SUB_4,EcoLodge Boutique,2,220.0,0.14,1,0.016302499371440946
desktop,Linux,Firefox,"39.0822,-83.188","35.091,-89.6588",0.0,0,0.0,SUB_5,Express Stop Motel,1,-99.0,0.08,0,0.016302499371440946
mobile,Android,Chrome,"27.9988,-94.3551","17.4156,-77.8",0.0,0,1.0,SUB_1,BudgetInns Global,1,85.0,0.1,1,0.045217473483287515
mobile,Android,Chrome,"27.9988,-94.3551","17.4156,-77.8",0.0,0,1.0,SUB_2,Urban Stay Suites,2,180.0,0.12,1,0.045217473483287515
mobile,Android,Chrome,"27.9988,-94.3551","17.4156,-77.8",0.0,0,1.0,SUB_3,Grand Horizon Resorts,3,450.0,0.15,0,0.02083634451868043
mobile,Android,Chrome,"27.9988,-94.3551","17.4156,-77.8",0.0,0,1.0,SUB_4,EcoLodge Boutique,2,220.0,0.14,1,0.045217473483287515
mobile,Android,Chrome,"27.9988,-94.3551","17.4156,-77.8",0.0,0,1.0,SUB_5,Express Stop Motel,1,-99.0,0.08,0,0.02083634451868043
tablet,iOS,UNKNOWN_BROWSER,"47.9198,-76.5197","39.1172,-57.2779",0.0,1,1.0,SUB_1,BudgetInns Global,1,85.0,0.1,1,0.045217473483287515
tablet,iOS,UNKNOWN_BROWSER,"47.9198,-76.5197","39.1172,-57.2779",0.0,0,1.0,SUB_2,Urban Stay Suites,2,180.0,0.12,1,0.045217473483287515
tablet,iOS,UNKNOWN_BROWSER,"47.9198,-76.5197","39.1172,-57.2779",0.0,0,1.0,SUB_3,Grand Horizon Resorts,3,450.0,0.15,0,0.045217473483287515
tablet,iOS,UNKNOWN_BROWSER,"47.9198,-76.5197","39.1172,-57.2779",0.0,0,1.0,SUB_4,EcoLodge Boutique,2,220.0,0.14,1,0.045217473483287515
tablet,iOS,UNKNOWN_BROWSER,"47.9198,-76.5197","39.1172,-57.2779",0.0,1,1.0,SUB_5,Express Stop Motel,1,-99.0,0.08,0,0.045217473483287515
tablet,iOS,Chrome,"43.0164,-99.8612","37.4144,-93.3888",1.0,1,0.0,SUB_1,BudgetInns Global,1,85.0,0.1,1,0.03916572279676437
tablet,iOS,Chrome,"43.0164,-99.8612","37.4144,-93.3888",1.0,0,0.0,SUB_2,Urban Stay Suites,2,180.0,0.12,1,0.03916572279676437
tablet,iOS,Chrome,"43.0164,-99.8612","37.4144,-93.3888",1.0,0,0.0,SUB_3,Grand Horizon Resorts,3,450.0,0.15,0,0.03916572279676437
tablet,iOS,Chrome,"43.0164,-99.8612","37.4144,-93.3888",1.0,0,0.0,SUB_4,EcoLodge Boutique,2,220.0,0.14,1,0.03916572279676437
tablet,iOS,Chrome,"43.0164,-99.8612","37.4144,-93.3888",1.0,0,0.0,SUB_5,Express Stop Motel,1,-99.0,0.08,0,0.03916572279676437
desktop,Windows,Edge,"35.0361,-71.4882","39.1182,-58.8126",0.0,0,0.0,SUB_1,BudgetInns Global,1,85.0,0.1,1,0.029312230751356333
desktop,Windows,Edge,"35.0361,-71.4882","39.1182,-58.8126",0.0,0,0.0,SUB_2,Urban Stay Suites,2,180.0,0.12,1,0.029312230751356333
desktop,Windows,Edge,"35.0361,-71.4882","39.1182,-58.8126",0.0,0,0.0,SUB_3,Grand Horizon Resorts,3,450.0,0.15,0,0.029312230751356333
desktop,Windows,Edge,"35.0361,-71.4882","39.1182,-58.8126",0.0,0,0.0,SUB_4,EcoLodge Boutique,2,220.0,0.14,1,0.029312230751356333
desktop,Windows,Edge,"35.0361,-71.4882","39.1182,-58.8126",0.0,0,0.0,SUB_5,Express Stop Motel,1,-99.0,0.08,0,0.029312230751356333
mobile,Android,Chrome,"28.9656,-73.3839","25.914,-63.4021",1.0,0,0.0,SUB_1,BudgetInns Global,1,85.0,0.1,1,0.06913842034334684
mobile,Android,Chrome,"28.9656,-73.3839","25.914,-63.4021",1.0,0,0.0,SUB_2,Urban Stay Suites,2,180.0,0.12,1,0.06913842034334684
mobile,Android,Chrome,"28.9656,-73.3839","25.914,-63.4021",1.0,0,0.0,SUB_3,Grand Horizon Resorts,3,450.0,0.15,0,0.03229546469845053
mobile,Android,Chrome,"28.9656,-73.3839","25.914,-63.4021",1.0,0,0.0,SUB_4,EcoLodge Boutique,2,220.0,0.14,1,0.06913842034334684
mobile,Android,Chrome,"28.9656,-73.3839","25.914,-63.4021",1.0,0,0.0,SUB_5,Express Stop Motel,1,-99.0,0.08,0,0.03229546469845053
mobile,Android,Chrome,"47.0498,-82.9199","32.2542,-74.9385",1.0,0,0.0,SUB_1,BudgetInns Global,1,85.0,0.1,1,0.06913842034334684
mobile,Android,Chrome,"47.0498,-82.9199","32.2542,-74.9385",1.0,0,0.0,SUB_2,Urban Stay Suites,2,180.0,0.12,1,0.06913842034334684
mobile,Android,Chrome,"47.0498,-82.9199","32.2542,-74.9385",1.0,0,0.0,SUB_3,Grand Horizon Resorts,3,450.0,0.15,0,0.03229546469845053
mobile,Android,Chrome,"47.0498,-82.9199","32.2542,-74.9385",1.0,0,0.0,SUB_4,EcoLodge Boutique,2,220.0,0.14,1,0.06913842034334684
mobile,Android,Chrome,"47.0498,-82.9199","32.2542,-74.9385",1.0,0,0.0,SUB_5,Express Stop Motel,1,-99.0,0.08,0,0.03229546469845053
desktop,Linux,,"45.5945,-106.0292","46.2967,-113.752",0.0,0,0.0,SUB_1,BudgetInns Global,1,85.0,0.1,1,0.016302499371440946
desktop,Linux,,"45.5945,-106.0292","46.2967,-113.752",0.0,0,0.0,SUB_2,Urban Stay Suites,2,180.0,0.12,1,0.016302499371440946
desktop,Linux,,"45.5945,-106.0292","46.2967,-113.752",0.0,0,0.0,SUB_3,Grand Horizon Resorts,3,450.0,0.15,0,0.016302499371440946
desktop,Linux,,"45.5945,-106.0292","46.2967,-113.752",0.0,0,0.0,SUB_4,EcoLodge Boutique,2,220.0,0.14,1,0.016302499371440946
desktop,Linux,,"45.5945,-106.0292","46.2967,-113.752",0.0,0,0.0,SUB_5,Express Stop Motel,1,-99.0,0.08,0,0.016302499371440946
desktop,macOS,Chrome,"43.043,-113.4173","55.6884,-131.1335",0.0,0,0.0,SUB_1,BudgetInns Global,1,85.0,0.1,1,0.029312230751356333
desktop,macOS,Chrome,"43.043,-113.4173","55.6884,-131.1335",0.0,0,0.0,SUB_2,Urban Stay Suites,2,180.0,0.12,1,0.029312230751356333
desktop,macOS,Chrome,"43.043,-113.4173","55.6884,-131.1335",0.0,0,0.0,SUB_3,Grand Horizon Resorts,3,450.0,0.15,0,0.057324175898868755
desktop,macOS,Chrome,"43.043,-113.4173","55.6884,-131.1335",0.0,0,0.0,SUB_4,EcoLodge Boutique,2,220.0,0.14,1,0.029312230751356333
desktop,macOS,Chrome,"43.043,-113.4173","55.6884,-131.1335",0.0,0,0.0,SUB_5,Express Stop Motel,1,-99.0,0.08,0,0.029312230751356333
mobile,Android,Chrome,"31.7887,-77.2648","41.151,-83.5427",1.0,0,0.0,SUB_1,BudgetInns Global,1,85.0,0.1,1,0.06913842034334684
mobile,Android,Chrome,"31.7887,-77.2648","41.151,-83.5427",1.0,0,0.0,SUB_2,Urban Stay Suites,2,180.0,0.12,1,0.06913842034334684
mobile,Android,Chrome,"31.7887,-77.2648","41.151,-83.5427",1.0,0,0.0,SUB_3,Grand Horizon Resorts,3,450.0,0.15,0,0.03229546469845053
mobile,Android,Chrome,"31.7887,-77.2648","41.151,-83.5427",1.0,0,0.0,SUB_4,EcoLodge Boutique,2,220.0,0.14,1,0.06913842034334684
mobile,Android,Chrome,"31.7887,-77.2648","41.151,-83.5427",1.0,0,0.0,SUB_5,Express Stop Motel,1,-99.0,0.08,0,0.03229546469845053
tablet,Android,Samsung Internet,"35.0612,-111.7349","44.8175,-105.0575",0.0,0,0.0,SUB_1,BudgetInns Global,1,85.0,0.1,1,0.029312230751356333
tablet,Android,Samsung Internet,"35.0612,-111.7349","44.8175,-105.0575",0.0,0,0.0,SUB_2,Urban Stay Suites,2,180.0,0.12,1,0.029312230751356333
tablet,Android,Samsung Internet,"35.0612,-111.7349","44.8175,-105.0575",0.0,0,0.0,SUB_3,Grand Horizon Resorts,3,450.0,0.15,0,0.029312230751356333
tablet,Android,Samsung Internet,"35.0612,-111.7349","44.8175,-105.0575",0.0,0,0.0,SUB_4,EcoLodge Boutique,2,220.0,0.14,1,0.029312230751356333
tablet,Android,Samsung Internet,"35.0612,-111.7349","44.8175,-105.0575",0.0,0,0.0,SUB_5,Express Stop Motel,1,-99.0,0.08,0,0.029312230751356333
desktop,Windows,Firefox,"27.5687,-77.287","36.4204,-93.1858",0.0,0,1.0,SUB_1,BudgetInns Global,1,85.0,0.1,1,0.045217473483287515
desktop,Windows,Firefox,"27.5687,-77.287","36.4204,-93.1858",0.0,0,1.0,SUB_2,Urban Stay Suites,2,180.0,0.12,1,0.045217473483287515
desktop,Windows,Firefox,"27.5687,-77.287","36.4204,-93.1858",0.0,1,1.0,SUB_3,Grand Horizon Resorts,3,450.0,0.15,0,0.045217473483287515
desktop,Windows,Firefox,"27.5687,-77.287","36.4204,-93.1858",0.0,0,1.0,SUB_4,EcoLodge Boutique,2,220.0,0.14,1,0.045217473483287515
desktop,Windows,Firefox,"27.5687,-77.287","36.4204,-93.1858",0.0,0,1.0,SUB_5,Express Stop Motel,1,-99.0,0.08,0,0.045217473483287515
tablet,Android,Samsung Internet,"29.726,-95.4617","24.4379,-114.985",0.0,0,0.0,SUB_1,BudgetInns Global,1,85.0,0.1,1,0.029312230751356333
tablet,Android,Samsung Internet,"29.726,-95.4617","24.4379,-114.985",0.0,0,0.0,SUB_2,Urban Stay Suites,2,180.0,0.12,1,0.029312230751356333
tablet,Android,Samsung Internet,"29.726,-95.4617","24.4379,-114.985",0.0,0,0.0,SUB_3,Grand Horizon Resorts,3,450.0,0.15,0,0.029312230751356333
tablet,Android,Samsung Internet,"29.726,-95.4617","24.4379,-114.985",0.0,0,0.0,SUB_4,EcoLodge Boutique,2,220.0,0.14,1,0.029312230751356333
tablet,Android,Samsung Internet,"29.726,-95.4617","24.4379,-114.985",0.0,0,0.0,SUB_5,Express Stop Motel,1,-99.0,0.08,0,0.029312230751356333
desktop,macOS,Chrome,"44.5754,-99.6722","52.5312,-114.0845",0.0,0,0.0,SUB_1,BudgetInns Global,1,85.0,0.1,1,0.029312230751356333
desktop,macOS,Chrome,"44.5754,-99.6722","52.5312,-114.0845",0.0,0,0.0,SUB_2,Urban Stay Suites,2,180.0,0.12,1,0.029312230751356333
desktop,macOS,Chrome,"44.5754,-99.6722","52.5312,-114.0845",0.0,0,0.0,SUB_3,Grand Horizon Resorts,3,450.0,0.15,0,0.057324175898868755
desktop,macOS,Chrome,"44.5754,-99.6722","52.5312,-114.0845",0.0,0,0.0,SUB_4,EcoLodge Boutique,2,220.0,0.14,1,0.029312230751356333
desktop,macOS,Chrome,"44.5754,-99.6722","52.5312,-114.0845",0.0,0,0.0,SUB_5,Express Stop Motel,1,-99.0,0.08,0,0.029312230751356333
desktop,Windows,Chrome,"42.876,-74.8405","32.1708,-66.2111",1.0,1,,SUB_1,BudgetInns Global,1,85.0,0.1,1,0.06913842034334684
desktop,Windows,Chrome,"42.876,-74.8405","32.1708,-66.2111",1.0,0,,SUB_2,Urban Stay Suites,2,180.0,0.12,1,0.06913842034334684
desktop,Windows,Chrome,"42.876,-74.8405","32.1708,-66.2111",1.0,0,,SUB_3,Grand Horizon Resorts,3,450.0,0.15,0,0.06913842034334684
desktop,Windows,Chrome,"42.876,-74.8405","32.1708,-66.2111",1.0,0,,SUB_4,EcoLodge Boutique,2,220.0,0.14,1,0.06913842034334684
desktop,Windows,Chrome,"42.876,-74.8405","32.1708,-66.2111",1.0,0,,SUB_5,Express Stop Motel,1,-99.0,0.08,0,0.06913842034334684
mobile,Android,Samsung Internet,"39.8371,-89.8075","44.5686,-70.8958",1.0,0,1.0,SUB_1,BudgetInns Global,1,85.0,0.1,1,0.10433122311900135
mobile,Android,Samsung Internet,"39.8371,-89.8075","44.5686,-70.8958",1.0,1,1.0,SUB_2,Urban Stay Suites,2,180.0,0.12,1,0.10433122311900135
mobile,Android,Samsung Internet,"39.8371,-89.8075","44.5686,-70.8958",1.0,0,1.0,SUB_3,Grand Horizon Resorts,3,450.0,0.15,0,0.04973651155855676
mobile,Android,Samsung Internet,"39.8371,-89.8075","44.5686,-70.8958",1.0,0,1.0,SUB_4,EcoLodge Boutique,2,220.0,0.14,1,0.10433122311900135
mobile,Android,Samsung Internet,"39.8371,-89.8075","44.5686,-70.8958",1.0,0,1.0,SUB_5,Express Stop Motel,1,-99.0,0.08,0,0.04973651155855676
tablet,iOS,Chrome,"47.3932,-91.1693","51.6403,-71.8467",1.0,0,0.0,SUB_1,BudgetInns Global,1,85.0,0.1,1,0.06913842034334684
tablet,iOS,Chrome,"47.3932,-91.1693","51.6403,-71.8467",1.0,0,0.0,SUB_2,Urban Stay Suites,2,180.0,0.12,1,0.06913842034334684
tablet,iOS,Chrome,"47.3932,-91.1693","51.6403,-71.8467",1.0,0,0.0,SUB_3,Grand Horizon Resorts,3,450.0,0.15,0,0.06913842034334684
tablet,iOS,Chrome,"47.3932,-91.1693","51.6403,-71.8467",1.0,0,0.0,SUB_4,EcoLodge Boutique,2,220.0,0.14,1,0.06913842034334684
tablet,iOS,Chrome,"47.3932,-91.1693","51.6403,-71.8467",1.0,1,0.0,SUB_5,Express Stop Motel,1,-99.0,0.08,0,0.06913842034334684
desktop,Windows,Firefox,"39.5817,-92.0617","25.3488,-92.3025",0.0,0,0.0,SUB_1,BudgetInns Global,1,85.0,0.1,1,0.029312230751356333
desktop,Windows,Firefox,"39.5817,-92.0617","25.3488,-92.3025",0.0,0,0.0,SUB_2,Urban Stay Suites,2,180.0,0.12,1,0.029312230751356333
desktop,Windows,Firefox,"39.5817,-92.0617","25.3488,-92.3025",0.0,0,0.0,SUB_3,Grand Horizon Resorts,3,450.0,0.15,0,0.029312230751356333
desktop,Windows,Firefox,"39.5817,-92.0617","25.3488,-92.3025",0.0,0,0.0,SUB_4,EcoLodge Boutique,2,220.0,0.14,1,0.029312230751356333
desktop,Windows,Firefox,"39.5817,-92.0617","25.3488,-92.3025",0.0,0,0.0,SUB_5,Express Stop Motel,1,-99.0,0.08,0,0.029312230751356333
mobile,iOS,Chrome,"36.6742,-101.4415","45.3133,-86.6674",0.0,0,0.0,SUB_1,BudgetInns Global,1,85.0,0.1,1,0.029312230751356333
mobile,iOS,Chrome,"36.6742,-101.4415","45.3133,-86.6674",0.0,0,0.0,SUB_2,Urban Stay Suites,2,180.0,0.12,1,0.029312230751356333
mobile,iOS,Chrome,"36.6742,-101.4415","45.3133,-86.6674",0.0,0,0.0,SUB_3,Grand Horizon Resorts,3,450.0,0.15,0,0.013386917827664779
mobile,iOS,Chrome,"36.6742,-101.4415","45.3133,-86.6674",0.0,0,0.0,SUB_4,EcoLodge Boutique,2,220.0,0.14,1,0.029312230751356333
mobile,iOS,Chrome,"36.6742,-101.4415","45.3133,-86.6674",0.0,0,0.0,SUB_5,Express Stop Motel,1,-99.0,0.08,0,0.013386917827664779
mobile,iOS,Chrome,"33.5093,-80.7178","45.6067,-71.2447",0.0,0,1.0,SUB_1,BudgetInns Global,1,85.0,0.1,1,0.045217473483287515
mobile,iOS,Chrome,"33.5093,-80.7178","45.6067,-71.2447",0.0,0,1.0,SUB_2,Urban Stay Suites,2,180.0,0.12,1,0.045217473483287515
mobile,iOS,Chrome,"33.5093,-80.7178","45.6067,-71.2447",0.0,0,1.0,SUB_3,Grand Horizon Resorts,3,450.0,0.15,0,0.02083634451868043
mobile,iOS,Chrome,"33.5093,-80.7178","45.6067,-71.2447",0.0,0,1.0,SUB_4,EcoLodge Boutique,2,220.0,0.14,1,0.045217473483287515
mobile,iOS,Chrome,"33.5093,-80.7178","45.6067,-71.2447",0.0,0,1.0,SUB_5,Express Stop Motel,1,-99.0,0.08,0,0.02083634451868043
mobile,Android,Samsung Internet,"48.5112,-107.3601","41.5337,-107.3185",0.0,0,0.0,SUB_1,BudgetInns Global,1,85.0,0.1,1,0.016302499371440946
mobile,Android,Samsung Internet,"48.5112,-107.3601","41.5337,-107.3185",0.0,0,0.0,SUB_2,Urban Stay Suites,2,180.0,0.12,1,0.016302499371440946
mobile,Android,Samsung Internet,"48.5112,-107.3601","41.5337,-107.3185",0.0,0,0.0,SUB_3,Grand Horizon Resorts,3,450.0,0.15,0,0.007391541344281977
mobile,Android,Samsung Internet,"48.5112,-107.3601","41.5337,-107.3185",0.0,0,0.0,SUB_4,EcoLodge Boutique,2,220.0,0.14,1,0.016302499371440946
mobile,Android,Samsung Internet,"48.5112,-107.3601","41.5337,-107.3185",0.0,0,0.0,SUB_5,Express Stop Motel,1,-99.0,0.08,0,0.007391541344281977
desktop,Windows,Chrome,"27.0679,-73.0553","36.4396,-70.1449",0.0,0,0.0,SUB_1,BudgetInns Global,1,85.0,0.1,1,0.029312230751356333
desktop,Windows,Chrome,"27.0679,-73.0553","36.4396,-70.1449",0.0,0,0.0,SUB_2,Urban Stay Suites,2,180.0,0.12,1,0.029312230751356333
desktop,Windows,Chrome,"27.0679,-73.0553","36.4396,-70.1449",0.0,0,0.0,SUB_3,Grand Horizon Resorts,3,450.0,0.15,0,0.029312230751356333
desktop,Windows,Chrome,"27.0679,-73.0553","36.4396,-70.1449",0.0,0,0.0,SUB_4,EcoLodge Boutique,2,220.0,0.14,1,0.029312230751356333
desktop,Windows,Chrome,"27.0679,-73.0553","36.4396,-70.1449",0.0,0,0.0,SUB_5,Express Stop Motel,1,-99.0,0.08,0,0.029312230751356333
tablet,iOS,Safari,"48.2722,-75.3007","35.7444,-89.8116",0.0,0,0.0,SUB_1,BudgetInns Global,1,85.0,0.1,1,0.029312230751356333
tablet,iOS,Safari,"48.2722,-75.3007","35.7444,-89.8116",0.0,0,0.0,SUB_2,Urban Stay Suites,2,180.0,0.12,1,0.029312230751356333
tablet,iOS,Safari,"48.2722,-75.3007","35.7444,-89.8116",0.0,0,0.0,SUB_3,Grand Horizon Resorts,3,450.0,0.15,0,0.029312230751356333
tablet,iOS,Safari,"48.2722,-75.3007","35.7444,-89.8116",0.0,0,0.0,SUB_4,EcoLodge Boutique,2,220.0,0.14,1,0.029312230751356333
tablet,iOS,Safari,"48.2722,-75.3007","35.7444,-89.8116",0.0,0,0.0,SUB_5,Express Stop Motel,1,-99.0,0.08,0,0.029312230751356333
mobile,Android,Samsung Internet,"45.6679,-103.126","48.6669,-85.6195",0.0,0,0.0,SUB_1,BudgetInns Global,1,85.0,0.1,1,0.029312230751356333
mobile,Android,Samsung Internet,"45.6679,-103.126","48.6669,-85.6195",0.0,0,0.0,SUB_2,Urban Stay Suites,2,180.0,0.12,1,0.029312230751356333
mobile,Android,Samsung Internet,"45.6679,-103.126","48.6669,-85.6195",0.0,0,0.0,SUB_3,Grand Horizon Resorts,3,450.0,0.15,0,0.013386917827664779
mobile,Android,Samsung Internet,"45.6679,-103.126","48.6669,-85.6195",0.0,0,0.0,SUB_4,EcoLodge Boutique,2,220.0,0.14,1,0.029312230751356333
mobile,Android,Samsung Internet,"45.6679,-103.126","48.6669,-85.6195",0.0,0,0.0,SUB_5,Express Stop Motel,1,-99.0,0.08,0,0.013386917827664779
desktop,macOS,Firefox,"28.2482,-83.5268","27.8176,-89.4496",0.0,0,0.0,SUB_1,BudgetInns Global,1,85.0,0.1,1,0.016302499371440946
desktop,macOS,Firefox,"28.2482,-83.5268","27.8176,-89.4496",0.0,0,0.0,SUB_2,Urban Stay Suites,2,180.0,0.12,1,0.016302499371440946
desktop,macOS,Firefox,"28.2482,-83.5268","27.8176,-89.4496",0.0,0,0.0,SUB_3,Grand Horizon Resorts,3,450.0,0.15,0,0.03229546469845053
desktop,macOS,Firefox,"28.2482,-83.5268","27.8176,-89.4496",0.0,0,0.0,SUB_4,EcoLodge Boutique,2,220.0,0.14,1,0.016302499371440946
desktop,macOS,Firefox,"28.2482,-83.5268","27.8176,-89.4496",0.0,0,0.0,SUB_5,Express Stop Motel,1,-99.0,0.08,0,0.016302499371440946
mobile,Android,Samsung Internet,"39.1246,-91.3388","40.5023,-93.4928",0.0,0,1.0,SUB_1,BudgetInns Global,1,85.0,0.1,1,0.025332703226871745
mobile,Android,Samsung Internet,"39.1246,-91.3388","40.5023,-93.4928",0.0,0,1.0,SUB_2,Urban Stay Suites,2,180.0,0.12,1,0.025332703226871745
mobile,Android,Samsung Internet,"39.1246,-91.3388","40.5023,-93.4928",0.0,0,1.0,SUB_3,Grand Horizon Resorts,3,450.0,0.15,0,0.011543752483922297
mobile,Android,Samsung Internet,"39.1246,-91.3388","40.5023,-93.4928",0.0,0,1.0,SUB_4,EcoLodge Boutique,2,220.0,0.14,1,0.025332703226871745
mobile,Android,Samsung Internet,"39.1246,-91.3388","40.5023,-93.4928",0.0,0,1.0,SUB_5,Express Stop Motel,1,-99.0,0.08,0,0.011543752483922297
tablet,iOS,Chrome,"46.6637,-103.1175","59.4499,-96.2511",0.0,0,1.0,SUB_1,BudgetInns Global,1,85.0,0.1,1,0.045217473483287515
tablet,iOS,Chrome,"46.6637,-103.1175","59.4499,-96.2511",0.0,0,1.0,SUB_2,Urban Stay Suites,2,180.0,0.12,1,0.045217473483287515
tablet,iOS,Chrome,"46.6637,-103.1175","59.4499,-96.2511",0.0,0,1.0,SUB_3,Grand Horizon Resorts,3,450.0,0.15,0,0.045217473483287515
tablet,iOS,Chrome,"46.6637,-103.1175","59.4499,-96.2511",0.0,0,1.0,SUB_4,EcoLodge Boutique,2,220.0,0.14,1,0.045217473483287515
tablet,iOS,Chrome,"46.6637,-103.1175","59.4499,-96.2511",0.0,0,1.0,SUB_5,Express Stop Motel,1,-99.0,0.08,0,0.045217473483287515
desktop,macOS,Chrome,"39.2952,-70.5739","50.4347,-77.2178",0.0,0,0.0,SUB_1,BudgetInns Global,1,85.0,0.1,1,0.029312230751356333
desktop,macOS,Chrome,"39.2952,-70.5739","50.4347,-77.2178",0.0,0,0.0,SUB_2,Urban Stay Suites,2,180.0,0.12,1,0.029312230751356333
desktop,macOS,Chrome,"39.2952,-70.5739","50.4347,-77.2178",0.0,0,0.0,SUB_3,Grand Horizon Resorts,3,450.0,0.15,0,0.057324175898868755
desktop,macOS,Chrome,"39.2952,-70.5739","50.4347,-77.2178",0.0,0,0.0,SUB_4,EcoLodge Boutique,2,220.0,0.14,1,0.029312230751356333
desktop,macOS,Chrome,"39.2952,-70.5739","50.4347,-77.2178",0.0,0,0.0,SUB_5,Express Stop Motel,1,-99.0,0.08,0,0.029312230751356333
desktop,macOS,CHROME_v118,"47.68,-118.7381","56.2325,-128.5677",0.0,0,0.0,SUB_1,BudgetInns Global,1,85.0,0.1,1,0.029312230751356333
desktop,macOS,CHROME_v118,"47.68,-118.7381","56.2325,-128.5677",0.0,0,0.0,SUB_2,Urban Stay Suites,2,180.0,0.12,1,0.029312230751356333
desktop,macOS,CHROME_v118,"47.68,-118.7381","56.2325,-128.5677",0.0,0,0.0,SUB_3,Grand Horizon Resorts,3,450.0,0.15,0,0.057324175898868755
desktop,macOS,CHROME_v118,"47.68,-118.7381","56.2325,-128.5677",0.0,0,0.0,SUB_4,EcoLodge Boutique,2,220.0,0.14,1,0.029312230751356333
desktop,macOS,CHROME_v118,"47.68,-118.7381","56.2325,-128.5677",0.0,0,0.0,SUB_5,Express Stop Motel,1,-99.0,0.08,0,0.029312230751356333
mobile,iOS,Chrome,"48.5746,-107.3677","41.7856,-102.1257",0.0,0,0.0,SUB_1,BudgetInns Global,1,85.0,0.1,1,0.016302499371440946
mobile,iOS,Chrome,"48.5746,-107.3677","41.7856,-102.1257",0.0,0,0.0,SUB_2,Urban Stay Suites,2,180.0,0.12,1,0.016302499371440946
mobile,iOS,Chrome,"48.5746,-107.3677","41.7856,-102.1257",0.0,0,0.0,SUB_3,Grand Horizon Resorts,3,450.0,0.15,0,0.007391541344281977
mobile,iOS,Chrome,"48.5746,-107.3677","41.7856,-102.1257",0.0,0,0.0,SUB_4,EcoLodge Boutique,2,220.0,0.14,1,0.016302499371440946
mobile,iOS,Chrome,"48.5746,-107.3677","41.7856,-102.1257",0.0,0,0.0,SUB_5,Express Stop Motel,1,-99.0,0.08,0,0.007391541344281977
mobile,Android,Chrome,"35.5596,-93.9963","47.9142,-112.9969",1.0,0,0.0,SUB_1,BudgetInns Global,1,85.0,0.1,1,0.06913842034334684
mobile,Android,Chrome,"35.5596,-93.9963","47.9142,-112.9969",1.0,0,0.0,SUB_2,Urban Stay Suites,2,180.0,0.12,1,0.06913842034334684
mobile,Android,Chrome,"35.5596,-93.9963","47.9142,-112.9969",1.0,0,0.0,SUB_3,Grand Horizon Resorts,3,450.0,0.15,0,0.03229546469845053
mobile,Android,Chrome,"35.5596,-93.9963","47.9142,-112.9969",1.0,0,0.0,SUB_4,EcoLodge Boutique,2,220.0,0.14,1,0.06913842034334684
mobile,Android,Chrome,"35.5596,-93.9963","47.9142,-112.9969",1.0,0,0.0,SUB_5,Express Stop Motel,1,-99.0,0.08,0,0.03229546469845053
mobile,Android,Chrome,"34.4328,-93.9023","22.358,-85.0733",1.0,0,0.0,SUB_1,BudgetInns Global,1,85.0,0.1,1,0.06913842034334684
mobile,Android,Chrome,"34.4328,-93.9023","22.358,-85.0733",1.0,1,0.0,SUB_2,Urban Stay Suites,2,180.0,0.12,1,0.06913842034334684
mobile,Android,Chrome,"34.4328,-93.9023","22.358,-85.0733",1.0,0,0.0,SUB_3,Grand Horizon Resorts,3,450.0,0.15,0,0.03229546469845053
mobile,Android,Chrome,"34.4328,-93.9023","22.358,-85.0733",1.0,0,0.0,SUB_4,EcoLodge Boutique,2,220.0,0.14,1,0.06913842034334684
mobile,Android,Chrome,"34.4328,-93.9023","22.358,-85.0733",1.0,0,0.0,SUB_5,Express Stop Motel,1,-99.0,0.08,0,0.03229546469845053
mobile,Android,Samsung Internet,"48.408,-90.5533","59.0079,-89.9924",1.0,0,0.0,SUB_1,BudgetInns Global,1,85.0,0.1,1,0.06913842034334684
mobile,Android,Samsung Internet,"48.408,-90.5533","59.0079,-89.9924",1.0,0,0.0,SUB_2,Urban Stay Suites,2,180.0,0.12,1,0.06913842034334684
mobile,Android,Samsung Internet,"48.408,-90.5533","59.0079,-89.9924",1.0,0,0.0,SUB_3,Grand Horizon Resorts,3,450.0,0.15,0,0.03229546469845053
mobile,Android,Samsung Internet,"48.408,-90.5533","59.0079,-89.9924",1.0,0,0.0,SUB_4,EcoLodge Boutique,2,220.0,0.14,1,0.06913842034334684
mobile,Android,Samsung Internet,"48.408,-90.5533","59.0079,-89.9924",1.0,0,0.0,SUB_5,Express Stop Motel,1,-99.0,0.08,0,0.03229546469845053
desktop,macOS,Chrome,"41.8785,-82.4162","36.7233,-78.1861",0.0,0,0.0,SUB_1,BudgetInns Global,1,85.0,0.1,1,0.016302499371440946
desktop,macOS,Chrome,"41.8785,-82.4162","36.7233,-78.1861",0.0,0,0.0,SUB_2,Urban Stay Suites,2,180.0,0.12,1,0.016302499371440946
desktop,macOS,Chrome,"41.8785,-82.4162","36.7233,-78.1861",0.0,0,0.0,SUB_3,Grand Horizon Resorts,3,450.0,0.15,0,0.03229546469845053
desktop,macOS,Chrome,"41.8785,-82.4162","36.7233,-78.1861",0.0,0,0.0,SUB_4,EcoLodge Boutique,2,220.0,0.14,1,0.016302499371440946
desktop,macOS,Chrome,"41.8785,-82.4162","36.7233,-78.1861",0.0,0,0.0,SUB_5,Express Stop Motel,1,-99.0,0.08,0,0.016302499371440946
desktop,Linux,Firefox,"27.9006,-88.8261","14.5138,-83.5509",0.0,0,0.0,SUB_1,BudgetInns Global,1,85.0,0.1,1,0.029312230751356333
desktop,Linux,Firefox,"27.9006,-88.8261","14.5138,-83.5509",0.0,0,0.0,SUB_2,Urban Stay Suites,2,180.0,0.12,1,0.029312230751356333
desktop,Linux,Firefox,"27.9006,-88.8261","14.5138,-83.5509",0.0,0,0.0,SUB_3,Grand Horizon Resorts,3,450.0,0.15,0,0.029312230751356333
desktop,Linux,Firefox,"27.9006,-88.8261","14.5138,-83.5509",0.0,0,0.0,SUB_4,EcoLodge Boutique,2,220.0,0.14,1,0.029312230751356333
desktop,Linux,Firefox,"27.9006,-88.8261","14.5138,-83.5509",0.0,0,0.0,SUB_5,Express Stop Motel,1,-99.0,0.08,0,0.029312230751356333
tablet,Android,Chrome,"26.0573,-89.9859","31.138,-88.9039",0.0,0,0.0,SUB_1,BudgetInns Global,1,85.0,0.1,1,0.016302499371440946
tablet,Android,Chrome,"26.0573,-89.9859","31.138,-88.9039",0.0,0,0.0,SUB_2,Urban Stay Suites,2,180.0,0.12,1,0.016302499371440946
tablet,Android,Chrome,"26.0573,-89.9859","31.138,-88.9039",0.0,0,0.0,SUB_3,Grand Horizon Resorts,3,450.0,0.15,0,0.016302499371440946
tablet,Android,Chrome,"26.0573,-89.9859","31.138,-88.9039",0.0,0,0.0,SUB_4,EcoLodge Boutique,2,220.0,0.14,1,0.016302499371440946
tablet,Android,Chrome,"26.0573,-89.9859","31.138,-88.9039",0.0,0,0.0,SUB_5,Express Stop Motel,1,-99.0,0.08,0,0.016302499371440946
tablet,Android,Chrome,"39.1157,-117.3243","31.0541,-114.0229",0.0,0,0.0,SUB_1,BudgetInns Global,1,85.0,0.1,1,0.016302499371440946
tablet,Android,Chrome,"39.1157,-117.3243","31.0541,-114.0229",0.0,0,0.0,SUB_2,Urban Stay Suites,2,180.0,0.12,1,0.016302499371440946
tablet,Android,Chrome,"39.1157,-117.3243","31.0541,-114.0229",0.0,0,0.0,SUB_3,Grand Horizon Resorts,3,450.0,0.15,0,0.016302499371440946
tablet,Android,Chrome,"39.1157,-117.3243","31.0541,-114.0229",0.0,0,0.0,SUB_4,EcoLodge Boutique,2,220.0,0.14,1,0.016302499371440946
tablet,Android,Chrome,"39.1157,-117.3243","31.0541,-114.0229",0.0,0,0.0,SUB_5,Express Stop Motel,1,-99.0,0.08,0,0.016302499371440946
desktop,Linux,Chrome,"48.2543,-101.1735","40.5614,-93.822",0.0,0,0.0,SUB_1,BudgetInns Global,1,85.0,0.1,1,0.029312230751356333
desktop,Linux,Chrome,"48.2543,-101.1735","40.5614,-93.822",0.0,0,0.0,SUB_2,Urban Stay Suites,2,180.0,0.12,1,0.029312230751356333
desktop,Linux,Chrome,"48.2543,-101.1735","40.5614,-93.822",0.0,0,0.0,SUB_3,Grand Horizon Resorts,3,450.0,0.15,0,0.029312230751356333
desktop,Linux,Chrome,"48.2543,-101.1735","40.5614,-93.822",0.0,0,0.0,SUB_4,EcoLodge Boutique,2,220.0,0.14,1,0.029312230751356333
desktop,Linux,Chrome,"48.2543,-101.1735","40.5614,-93.822",0.0,0,0.0,SUB_5,Express Stop Motel,1,-99.0,0.08,0,0.029312230751356333
desktop,Windows,Firefox,"46.1062,-108.3972","40.2876,-98.2724",1.0,0,0.0,SUB_1,BudgetInns Global,1,85.0,0.1,1,0.06913842034334684
desktop,Windows,Firefox,"46.1062,-108.3972","40.2876,-98.2724",1.0,0,0.0,SUB_2,Urban Stay Suites,2,180.0,0.12,1,0.06913842034334684
desktop,Windows,Firefox,"46.1062,-108.3972","40.2876,-98.2724",1.0,0,0.0,SUB_3,Grand Horizon Resorts,3,450.0,0.15,0,0.06913842034334684
desktop,Windows,Firefox,"46.1062,-108.3972","40.2876,-98.2724",1.0,1,0.0,SUB_4,EcoLodge Boutique,2,220.0,0.14,1,0.06913842034334684
desktop,Windows,Firefox,"46.1062,-108.3972","40.2876,-98.2724",1.0,0,0.0,SUB_5,Express Stop Motel,1,-99.0,0.08,0,0.06913842034334684
tablet,Android,Samsung Internet,"41.8962,-106.7315","28.8067,-97.6334",0.0,0,0.0,SUB_1,BudgetInns Global,1,85.0,0.1,1,0.029312230751356333
tablet,Android,Samsung Internet,"41.8962,-106.7315","28.8067,-97.6334",0.0,0,0.0,SUB_2,Urban Stay Suites,2,180.0,0.12,1,0.029312230751356333
tablet,Android,Samsung Internet,"41.8962,-106.7315","28.8067,-97.6334",0.0,0,0.0,SUB_3,Grand Horizon Resorts,3,450.0,0.15,0,0.029312230751356333
tablet,Android,Samsung Internet,"41.8962,-106.7315","28.8067,-97.6334",0.0,0,0.0,SUB_4,EcoLodge Boutique,2,220.0,0.14,1,0.029312230751356333
tablet,Android,Samsung Internet,"41.8962,-106.7315","28.8067,-97.6334",0.0,0,0.0,SUB_5,Express Stop Motel,1,-99.0,0.08,0,0.029312230751356333
desktop,Linux,Chrome,"28.4779,-92.2831","18.7917,-77.4984",1.0,0,1.0,SUB_1,BudgetInns Global,1,85.0,0.1,1,0.10433122311900135
desktop,Linux,Chrome,"28.4779,-92.2831","18.7917,-77.4984",1.0,0,1.0,SUB_2,Urban Stay Suites,2,180.0,0.12,1,0.10433122311900135
desktop,Linux,Chrome,"28.4779,-92.2831","18.7917,-77.4984",1.0,0,1.0,SUB_3,Grand Horizon Resorts,3,450.0,0.15,0,0.10433122311900135
desktop,Linux,Chrome,"28.4779,-92.2831","18.7917,-77.4984",1.0,0,1.0,SUB_4,EcoLodge Boutique,2,220.0,0.14,1,0.10433122311900135
desktop,Linux,Chrome,"28.4779,-92.2831","18.7917,-77.4984",1.0,0,1.0,SUB_5,Express Stop Motel,1,-99.0,0.08,0,0.10433122311900135
mobile,iOS,Chrome,"31.3558,-110.0247","16.51,-122.447",1.0,0,0.0,SUB_1,BudgetInns Global,1,85.0,0.1,1,0.06913842034334684
mobile,iOS,Chrome,"31.3558,-110.0247","16.51,-122.447",1.0,0,0.0,SUB_2,Urban Stay Suites,2,180.0,0.12,1,0.06913842034334684
mobile,iOS,Chrome,"31.3558,-110.0247","16.51,-122.447",1.0,0,0.0,SUB_3,Grand Horizon Resorts,3,450.0,0.15,0,0.03229546469845053
mobile,iOS,Chrome,"31.3558,-110.0247","16.51,-122.447",1.0,0,0.0,SUB_4,EcoLodge Boutique,2,220.0,0.14,1,0.06913842034334684
mobile,iOS,Chrome,"31.3558,-110.0247","16.51,-122.447",1.0,0,0.0,SUB_5,Express Stop Motel,1,-99.0,0.08,0,0.03229546469845053
mobile,iOS,Safari,"46.8878,-105.3025","45.2501,-109.2566",0.0,0,1.0,SUB_1,BudgetInns Global,1,85.0,0.1,1,0.025332703226871745
mobile,iOS,Safari,"46.8878,-105.3025","45.2501,-109.2566",0.0,0,1.0,SUB_2,Urban Stay Suites,2,180.0,0.12,1,0.025332703226871745
mobile,iOS,Safari,"46.8878,-105.3025","45.2501,-109.2566",0.0,0,1.0,SUB_3,Grand Horizon Resorts,3,450.0,0.15,0,0.011543752483922297
mobile,iOS,Safari,"46.8878,-105.3025","45.2501,-109.2566",0.0,0,1.0,SUB_4,EcoLodge Boutique,2,220.0,0.14,1,0.025332703226871745
mobile,iOS,Safari,"46.8878,-105.3025","45.2501,-109.2566",0.0,0,1.0,SUB_5,Express Stop Motel,1,-99.0,0.08,0,0.011543752483922297
mobile,iOS,Chrome,INVALID_COORD,"17.0979,-90.234",0.0,0,1.0,SUB_1,BudgetInns Global,1,85.0,0.1,1,0.025332703226871745
mobile,iOS,Chrome,INVALID_COORD,"17.0979,-90.234",0.0,0,1.0,SUB_2,Urban Stay Suites,2,180.0,0.12,1,0.025332703226871745
mobile,iOS,Chrome,INVALID_COORD,"17.0979,-90.234",0.0,0,1.0,SUB_3,Grand Horizon Resorts,3,450.0,0.15,0,0.011543752483922297
mobile,iOS,Chrome,INVALID_COORD,"17.0979,-90.234",0.0,0,1.0,SUB_4,EcoLodge Boutique,2,220.0,0.14,1,0.025332703226871745
mobile,iOS,Chrome,INVALID_COORD,"17.0979,-90.234",0.0,0,1.0,SUB_5,Express Stop Motel,1,-99.0,0.08,0,0.011543752483922297
tablet,Android,Samsung Internet,"31.961,-72.5749","37.4406,-76.7113",0.0,0,0.0,SUB_1,BudgetInns Global,1,85.0,0.1,1,0.016302499371440946
tablet,Android,Samsung Internet,"31.961,-72.5749","37.4406,-76.7113",0.0,0,0.0,SUB_2,Urban Stay Suites,2,180.0,0.12,1,0.016302499371440946
tablet,Android,Samsung Internet,"31.961,-72.5749","37.4406,-76.7113",0.0,0,0.0,SUB_3,Grand Horizon Resorts,3,450.0,0.15,0,0.016302499371440946
tablet,Android,Samsung Internet,"31.961,-72.5749","37.4406,-76.7113",0.0,0,0.0,SUB_4,EcoLodge Boutique,2,220.0,0.14,1,0.016302499371440946
tablet,Android,Samsung Internet,"31.961,-72.5749","37.4406,-76.7113",0.0,0,0.0,SUB_5,Express Stop Motel,1,-99.0,0.08,0,0.016302499371440946
desktop,Windows,Edge,"28.24,-72.7667","20.3087,-87.7719",0.0,0,0.0,SUB_1,BudgetInns Global,1,85.0,0.1,1,0.029312230751356333
desktop,Windows,Edge,"28.24,-72.7667","20.3087,-87.7719",0.0,0,0.0,SUB_2,Urban Stay Suites,2,180.0,0.12,1,0.029312230751356333
desktop,Windows,Edge,"28.24,-72.7667","20.3087,-87.7719",0.0,0,0.0,SUB_3,Grand Horizon Resorts,3,450.0,0.15,0,0.029312230751356333
desktop,Windows,Edge,"28.24,-72.7667","20.3087,-87.7719",0.0,0,0.0,SUB_4,EcoLodge Boutique,2,220.0,0.14,1,0.029312230751356333
desktop,Windows,Edge,"28.24,-72.7667","20.3087,-87.7719",0.0,0,0.0,SUB_5,Express Stop Motel,1,-99.0,0.08,0,0.029312230751356333
mobile,Android,Samsung Internet,"41.9027,-89.5029","55.2099,-88.4851",0.0,0,0.0,SUB_1,BudgetInns Global,1,85.0,0.1,1,0.029312230751356333
mobile,Android,Samsung Internet,"41.9027,-89.5029","55.2099,-88.4851",0.0,0,0.0,SUB_2,Urban Stay Suites,2,180.0,0.12,1,0.029312230751356333
mobile,Android,Samsung Internet,"41.9027,-89.5029","55.2099,-88.4851",0.0,0,0.0,SUB_3,Grand Horizon Resorts,3,450.0,0.15,0,0.013386917827664779
mobile,Android,Samsung Internet,"41.9027,-89.5029","55.2099,-88.4851",0.0,0,0.0,SUB_4,EcoLodge Boutique,2,220.0,0.14,1,0.029312230751356333
mobile,Android,Samsung Internet,"41.9027,-89.5029","55.2099,-88.4851",0.0,0,0.0,SUB_5,Express Stop Motel,1,-99.0,0.08,0,0.013386917827664779
desktop,Windows,Chrome,"48.5996,-73.7739","59.7371,-89.3943",0.0,0,1.0,SUB_1,BudgetInns Global,1,85.0,0.1,1,0.045217473483287515
desktop,Windows,Chrome,"48.5996,-73.7739","59.7371,-89.3943",0.0,0,1.0,SUB_2,Urban Stay Suites,2,180.0,0.12,1,0.045217473483287515
desktop,Windows,Chrome,"48.5996,-73.7739","59.7371,-89.3943",0.0,0,1.0,SUB_3,Grand Horizon Resorts,3,450.0,0.15,0,0.045217473483287515
desktop,Windows,Chrome,"48.5996,-73.7739","59.7371,-89.3943",0.0,0,1.0,SUB_4,EcoLodge Boutique,2,220.0,0.14,1,0.045217473483287515
desktop,Windows,Chrome,"48.5996,-73.7739","59.7371,-89.3943",0.0,0,1.0,SUB_5,Express Stop Motel,1,-99.0,0.08,0,0.045217473483287515
desktop,Linux,Chrome,"31.7242,-80.7094","25.4074,-92.5953",0.0,0,1.0,SUB_1,BudgetInns Global,1,85.0,0.1,1,0.045217473483287515
desktop,Linux,Chrome,"31.7242,-80.7094","25.4074,-92.5953",0.0,0,1.0,SUB_2,Urban Stay Suites,2,180.0,0.12,1,0.045217473483287515
desktop,Linux,Chrome,"31.7242,-80.7094","25.4074,-92.5953",0.0,0,1.0,SUB_3,Grand Horizon Resorts,3,450.0,0.15,0,0.045217473483287515
desktop,Linux,Chrome,"31.7242,-80.7094","25.4074,-92.5953",0.0,0,1.0,SUB_4,EcoLodge Boutique,2,220.0,0.14,1,0.045217473483287515
desktop,Linux,Chrome,"31.7242,-80.7094","25.4074,-92.5953",0.0,0,1.0,SUB_5,Express Stop Motel,1,-99.0,0.08,0,0.045217473483287515
mobile,iOS,Chrome,"36.8852,-90.5026","45.3817,-70.5698",0.0,0,0.0,SUB_1,BudgetInns Global,1,85.0,0.1,1,0.029312230751356333
mobile,iOS,Chrome,"36.8852,-90.5026","45.3817,-70.5698",0.0,0,0.0,SUB_2,Urban Stay Suites,2,180.0,0.12,1,0.029312230751356333
mobile,iOS,Chrome,"36.8852,-90.5026","45.3817,-70.5698",0.0,0,0.0,SUB_3,Grand Horizon Resorts,3,450.0,0.15,0,0.013386917827664779
mobile,iOS,Chrome,"36.8852,-90.5026","45.3817,-70.5698",0.0,0,0.0,SUB_4,EcoLodge Boutique,2,220.0,0.14,1,0.029312230751356333
mobile,iOS,Chrome,"36.8852,-90.5026","45.3817,-70.5698",0.0,0,0.0,SUB_5,Express Stop Motel,1,-99.0,0.08,0,0.013386917827664779
mobile,Android,Chrome,"40.8585,-119.6782","49.9558,-118.0237",0.0,0,0.0,SUB_1,BudgetInns Global,1,85.0,0.1,1,0.029312230751356333
mobile,Android,Chrome,"40.8585,-119.6782","49.9558,-118.0237",0.0,0,0.0,SUB_2,Urban Stay Suites,2,180.0,0.12,1,0.029312230751356333
mobile,Android,Chrome,"40.8585,-119.6782","49.9558,-118.0237",0.0,0,0.0,SUB_3,Grand Horizon Resorts,3,450.0,0.15,0,0.013386917827664779
mobile,Android,Chrome,"40.8585,-119.6782","49.9558,-118.0237",0.0,0,0.0,SUB_4,EcoLodge Boutique,2,220.0,0.14,1,0.029312230751356333
mobile,Android,Chrome,"40.8585,-119.6782","49.9558,-118.0237",0.0,0,0.0,SUB_5,Express Stop Motel,1,-99.0,0.08,0,0.013386917827664779
desktop,Windows,Edge,"49.9867,-81.3742","64.5836,-90.0119",0.0,0,0.0,SUB_1,BudgetInns Global,1,85.0,0.1,1,0.029312230751356333
desktop,Windows,Edge,"49.9867,-81.3742","64.5836,-90.0119",0.0,0,0.0,SUB_2,Urban Stay Suites,2,180.0,0.12,1,0.029312230751356333
desktop,Windows,Edge,"49.9867,-81.3742","64.5836,-90.0119",0.0,0,0.0,SUB_3,Grand Horizon Resorts,3,450.0,0.15,0,0.029312230751356333
desktop,Windows,Edge,"49.9867,-81.3742","64.5836,-90.0119",0.0,1,0.0,SUB_4,EcoLodge Boutique,2,220.0,0.14,1,0.029312230751356333
desktop,Windows,Edge,"49.9867,-81.3742","64.5836,-90.0119",0.0,0,0.0,SUB_5,Express Stop Motel,1,-99.0,0.08,0,0.029312230751356333
mobile,Android,Chrome,"27.6202,-84.8756","30.5554,-65.0846",0.0,0,0.0,SUB_1,BudgetInns Global,1,85.0,0.1,1,0.029312230751356333
mobile,Android,Chrome,"27.6202,-84.8756","30.5554,-65.0846",0.0,0,0.0,SUB_2,Urban Stay Suites,2,180.0,0.12,1,0.029312230751356333
mobile,Android,Chrome,"27.6202,-84.8756","30.5554,-65.0846",0.0,0,0.0,SUB_3,Grand Horizon Resorts,3,450.0,0.15,0,0.013386917827664779
mobile,Android,Chrome,"27.6202,-84.8756","30.5554,-65.0846",0.0,0,0.0,SUB_4,EcoLodge Boutique,2,220.0,0.14,1,0.029312230751356333
mobile,Android,Chrome,"27.6202,-84.8756","30.5554,-65.0846",0.0,0,0.0,SUB_5,Express Stop Motel,1,-99.0,0.08,0,0.013386917827664779
desktop,macOS,Safari,"37.4643,-89.2373","24.9233,-70.5749",0.0,0,0.0,SUB_1,BudgetInns Global,1,85.0,0.1,1,0.029312230751356333
desktop,macOS,Safari,"37.4643,-89.2373","24.9233,-70.5749",0.0,1,0.0,SUB_2,Urban Stay Suites,2,180.0,0.12,1,0.029312230751356333
desktop,macOS,Safari,"37.4643,-89.2373","24.9233,-70.5749",0.0,0,0.0,SUB_3,Grand Horizon Resorts,3,450.0,0.15,0,0.057324175898868755
desktop,macOS,Safari,"37.4643,-89.2373","24.9233,-70.5749",0.0,0,0.0,SUB_4,EcoLodge Boutique,2,220.0,0.14,1,0.029312230751356333
desktop,macOS,Safari,"37.4643,-89.2373","24.9233,-70.5749",0.0,0,0.0,SUB_5,Express Stop Motel,1,-99.0,0.08,0,0.029312230751356333
mobile,Android,Chrome,"34.628,-81.9788","39.0331,-84.3492",0.0,0,0.0,SUB_1,BudgetInns Global,1,85.0,0.1,1,0.016302499371440946
mobile,Android,Chrome,"34.628,-81.9788","39.0331,-84.3492",0.0,0,0.0,SUB_2,Urban Stay Suites,2,180.0,0.12,1,0.016302499371440946
mobile,Android,Chrome,"34.628,-81.9788","39.0331,-84.3492",0.0,0,0.0,SUB_3,Grand Horizon Resorts,3,450.0,0.15,0,0.007391541344281977
mobile,Android,Chrome,"34.628,-81.9788","39.0331,-84.3492",0.0,0,0.0,SUB_4,EcoLodge Boutique,2,220.0,0.14,1,0.016302499371440946
mobile,Android,Chrome,"34.628,-81.9788","39.0331,-84.3492",0.0,0,0.0,SUB_5,Express Stop Motel,1,-99.0,0.08,0,0.007391541344281977
desktop,macOS,Chrome,"46.6455,-94.3539","50.3949,-103.9378",0.0,0,0.0,SUB_1,BudgetInns Global,1,85.0,0.1,1,0.016302499371440946
desktop,macOS,Chrome,"46.6455,-94.3539","50.3949,-103.9378",0.0,0,0.0,SUB_2,Urban Stay Suites,2,180.0,0.12,1,0.016302499371440946
desktop,macOS,Chrome,"46.6455,-94.3539","50.3949,-103.9378",0.0,0,0.0,SUB_3,Grand Horizon Resorts,3,450.0,0.15,0,0.03229546469845053
desktop,macOS,Chrome,"46.6455,-94.3539","50.3949,-103.9378",0.0,0,0.0,SUB_4,EcoLodge Boutique,2,220.0,0.14,1,0.016302499371440946
desktop,macOS,Chrome,"46.6455,-94.3539","50.3949,-103.9378",0.0,0,0.0,SUB_5,Express Stop Motel,1,-99.0,0.08,0,0.016302499371440946
desktop,macOS,Chrome,"36.8992,-84.7958","41.0497,-71.2598",1.0,0,0.0,SUB_1,BudgetInns Global,1,85.0,0.1,1,0.06913842034334684
desktop,macOS,Chrome,"36.8992,-84.7958","41.0497,-71.2598",1.0,0,0.0,SUB_2,Urban Stay Suites,2,180.0,0.12,1,0.06913842034334684
desktop,macOS,Chrome,"36.8992,-84.7958","41.0497,-71.2598",1.0,0,0.0,SUB_3,Grand Horizon Resorts,3,450.0,0.15,0,0.13010847436299788
desktop,macOS,Chrome,"36.8992,-84.7958","41.0497,-71.2598",1.0,0,0.0,SUB_4,EcoLodge Boutique,2,220.0,0.14,1,0.06913842034334684
desktop,macOS,Chrome,"36.8992,-84.7958","41.0497,-71.2598",1.0,0,0.0,SUB_5,Express Stop Motel,1,-99.0,0.08,0,0.06913842034334684
desktop,Linux,Firefox,"27.7744,-73.2414","21.9888,-64.6166",0.0,0,0.0,SUB_1,BudgetInns Global,1,85.0,0.1,1,0.029312230751356333
desktop,Linux,Firefox,"27.7744,-73.2414","21.9888,-64.6166",0.0,0,0.0,SUB_2,Urban Stay Suites,2,180.0,0.12,1,0.029312230751356333
desktop,Linux,Firefox,"27.7744,-73.2414","21.9888,-64.6166",0.0,0,0.0,SUB_3,Grand Horizon Resorts,3,450.0,0.15,0,0.029312230751356333
desktop,Linux,Firefox,"27.7744,-73.2414","21.9888,-64.6166",0.0,0,0.0,SUB_4,EcoLodge Boutique,2,220.0,0.14,1,0.029312230751356333
desktop,Linux,Firefox,"27.7744,-73.2414","21.9888,-64.6166",0.0,0,0.0,SUB_5,Express Stop Motel,1,-99.0,0.08,0,0.029312230751356333
desktop,Linux,Firefox,"40.8606,-101.2097","51.651,-93.732",0.0,0,0.0,SUB_1,BudgetInns Global,1,85.0,0.1,1,0.029312230751356333
desktop,Linux,Firefox,"40.8606,-101.2097","51.651,-93.732",0.0,0,0.0,SUB_2,Urban Stay Suites,2,180.0,0.12,1,0.029312230751356333
desktop,Linux,Firefox,"40.8606,-101.2097","51.651,-93.732",0.0,0,0.0,SUB_3,Grand Horizon Resorts,3,450.0,0.15,0,0.029312230751356333
desktop,Linux,Firefox,"40.8606,-101.2097","51.651,-93.732",0.0,0,0.0,SUB_4,EcoLodge Boutique,2,220.0,0.14,1,0.029312230751356333
desktop,Linux,Firefox,"40.8606,-101.2097","51.651,-93.732",0.0,0,0.0,SUB_5,Express Stop Motel,1,-99.0,0.08,0,0.029312230751356333
mobile,iOS,Safari,"44.2695,-84.5939","58.0537,-68.8694",0.0,0,1.0,SUB_1,BudgetInns Global,1,85.0,0.1,1,0.045217473483287515
mobile,iOS,Safari,"44.2695,-84.5939","58.0537,-68.8694",0.0,0,1.0,SUB_2,Urban Stay Suites,2,180.0,0.12,1,0.045217473483287515
mobile,iOS,Safari,"44.2695,-84.5939","58.0537,-68.8694",0.0,0,1.0,SUB_3,Grand Horizon Resorts,3,450.0,0.15,0,0.02083634451868043
mobile,iOS,Safari,"44.2695,-84.5939","58.0537,-68.8694",0.0,0,1.0,SUB_4,EcoLodge Boutique,2,220.0,0.14,1,0.045217473483287515
mobile,iOS,Safari,"44.2695,-84.5939","58.0537,-68.8694",0.0,0,1.0,SUB_5,Express Stop Motel,1,-99.0,0.08,0,0.02083634451868043
mobile,iOS,Chrome,"25.072,-96.2156","16.6034,-88.6389",0.0,0,0.0,SUB_1,BudgetInns Global,1,85.0,0.1,1,0.029312230751356333
mobile,iOS,Chrome,"25.072,-96.2156","16.6034,-88.6389",0.0,1,0.0,SUB_2,Urban Stay Suites,2,180.0,0.12,1,0.029312230751356333
mobile,iOS,Chrome,"25.072,-96.2156","16.6034,-88.6389",0.0,0,0.0,SUB_3,Grand Horizon Resorts,3,450.0,0.15,0,0.013386917827664779
mobile,iOS,Chrome,"25.072,-96.2156","16.6034,-88.6389",0.0,0,0.0,SUB_4,EcoLodge Boutique,2,220.0,0.14,1,0.029312230751356333
mobile,iOS,Chrome,"25.072,-96.2156","16.6034,-88.6389",0.0,0,0.0,SUB_5,Express Stop Motel,1,-99.0,0.08,0,0.013386917827664779
mobile,iOS,Safari,"46.4739,-86.28","34.1185,-94.9281",0.0,0,0.0,SUB_1,BudgetInns Global,1,85.0,0.1,1,0.029312230751356333
mobile,iOS,Safari,"46.4739,-86.28","34.1185,-94.9281",0.0,0,0.0,SUB_2,Urban Stay Suites,2,180.0,0.12,1,0.029312230751356333
mobile,iOS,Safari,"46.4739,-86.28","34.1185,-94.9281",0.0,0,0.0,SUB_3,Grand Horizon Resorts,3,450.0,0.15,0,0.013386917827664779
mobile,iOS,Safari,"46.4739,-86.28","34.1185,-94.9281",0.0,0,0.0,SUB_4,EcoLodge Boutique,2,220.0,0.14,1,0.029312230751356333
mobile,iOS,Safari,"46.4739,-86.28","34.1185,-94.9281",0.0,0,0.0,SUB_5,Express Stop Motel,1,-99.0,0.08,0,0.013386917827664779
desktop,macOS,Firefox,"29.6506,-81.8553","20.4867,-74.1008",0.0,0,0.0,SUB_1,BudgetInns Global,1,85.0,0.1,1,0.029312230751356333
desktop,macOS,Firefox,"29.6506,-81.8553","20.4867,-74.1008",0.0,0,0.0,SUB_2,Urban Stay Suites,2,180.0,0.12,1,0.029312230751356333
desktop,macOS,Firefox,"29.6506,-81.8553","20.4867,-74.1008",0.0,0,0.0,SUB_3,Grand Horizon Resorts,3,450.0,0.15,0,0.057324175898868755
desktop,macOS,Firefox,"29.6506,-81.8553","20.4867,-74.1008",0.0,0,0.0,SUB_4,EcoLodge Boutique,2,220.0,0.14,1,0.029312230751356333
desktop,macOS,Firefox,"29.6506,-81.8553","20.4867,-74.1008",0.0,0,0.0,SUB_5,Express Stop Motel,1,-99.0,0.08,0,0.029312230751356333
desktop,macOS,Chrome,"38.8017,-117.7274","48.4183,-125.4949",0.0,0,0.0,SUB_1,BudgetInns Global,1,85.0,0.1,1,0.029312230751356333
desktop,macOS,Chrome,"38.8017,-117.7274","48.4183,-125.4949",0.0,0,0.0,SUB_2,Urban Stay Suites,2,180.0,0.12,1,0.029312230751356333
desktop,macOS,Chrome,"38.8017,-117.7274","48.4183,-125.4949",0.0,0,0.0,SUB_3,Grand Horizon Resorts,3,450.0,0.15,0,0.057324175898868755
desktop,macOS,Chrome,"38.8017,-117.7274","48.4183,-125.4949",0.0,0,0.0,SUB_4,EcoLodge Boutique,2,220.0,0.14,1,0.029312230751356333
desktop,macOS,Chrome,"38.8017,-117.7274","48.4183,-125.4949",0.0,0,0.0,SUB_5,Express Stop Motel,1,-99.0,0.08,0,0.029312230751356333
desktop,macOS,Safari,"35.3949,-87.67","40.6942,-77.3004",0.0,0,0.0,SUB_1,BudgetInns Global,1,85.0,0.1,1,0.029312230751356333
desktop,macOS,Safari,"35.3949,-87.67","40.6942,-77.3004",0.0,0,0.0,SUB_2,Urban Stay Suites,2,180.0,0.12,1,0.029312230751356333
desktop,macOS,Safari,"35.3949,-87.67","40.6942,-77.3004",0.0,0,0.0,SUB_3,Grand Horizon Resorts,3,450.0,0.15,0,0.057324175898868755
desktop,macOS,Safari,"35.3949,-87.67","40.6942,-77.3004",0.0,0,0.0,SUB_4,EcoLodge Boutique,2,220.0,0.14,1,0.029312230751356333
desktop,macOS,Safari,"35.3949,-87.67","40.6942,-77.3004",0.0,0,0.0,SUB_5,Express Stop Motel,1,-99.0,0.08,0,0.029312230751356333
mobile,Android,Chrome,"42.9913,-108.6629","47.0727,-103.873",0.0,0,0.0,SUB_1,BudgetInns Global,1,85.0,0.1,1,0.016302499371440946
mobile,Android,Chrome,"42.9913,-108.6629","47.0727,-103.873",0.0,0,0.0,SUB_2,Urban Stay Suites,2,180.0,0.12,1,0.016302499371440946
mobile,Android,Chrome,"42.9913,-108.6629","47.0727,-103.873",0.0,0,0.0,SUB_3,Grand Horizon Resorts,3,450.0,0.15,0,0.007391541344281977
mobile,Android,Chrome,"42.9913,-108.6629","47.0727,-103.873",0.0,0,0.0,SUB_4,EcoLodge Boutique,2,220.0,0.14,1,0.016302499371440946
mobile,Android,Chrome,"42.9913,-108.6629","47.0727,-103.873",0.0,0,0.0,SUB_5,Express Stop Motel,1,-99.0,0.08,0,0.007391541344281977
mobile,iOS,Chrome,"34.279,-86.4984","31.3328,-103.4019",0.0,0,0.0,SUB_1,BudgetInns Global,1,85.0,0.1,1,0.029312230751356333
mobile,iOS,Chrome,"34.279,-86.4984","31.3328,-103.4019",0.0,0,0.0,SUB_2,Urban Stay Suites,2,180.0,0.12,1,0.029312230751356333
mobile,iOS,Chrome,"34.279,-86.4984","31.3328,-103.4019",0.0,0,0.0,SUB_3,Grand Horizon Resorts,3,450.0,0.15,0,0.013386917827664779
mobile,iOS,Chrome,"34.279,-86.4984","31.3328,-103.4019",0.0,0,0.0,SUB_4,EcoLodge Boutique,2,220.0,0.14,1,0.029312230751356333
mobile,iOS,Chrome,"34.279,-86.4984","31.3328,-103.4019",0.0,0,0.0,SUB_5,Express Stop Motel,1,-99.0,0.08,0,0.013386917827664779
mobile,iOS,Safari,"46.7441,-96.5835","49.0789,-96.0701",0.0,0,0.0,SUB_1,BudgetInns Global,1,85.0,0.1,1,0.016302499371440946
mobile,iOS,Safari,"46.7441,-96.5835","49.0789,-96.0701",0.0,0,0.0,SUB_2,Urban Stay Suites,2,180.0,0.12,1,0.016302499371440946
mobile,iOS,Safari,"46.7441,-96.5835","49.0789,-96.0701",0.0,0,0.0,SUB_3,Grand Horizon Resorts,3,450.0,0.15,0,0.007391541344281977
mobile,iOS,Safari,"46.7441,-96.5835","49.0789,-96.0701",0.0,0,0.0,SUB_4,EcoLodge Boutique,2,220.0,0.14,1,0.016302499371440946
mobile,iOS,Safari,"46.7441,-96.5835","49.0789,-96.0701",0.0,0,0.0,SUB_5,Express Stop Motel,1,-99.0,0.08,0,0.007391541344281977
mobile,iOS,Chrome,"43.2624,-81.3224","37.4986,-87.5904",0.0,0,0.0,SUB_1,BudgetInns Global,1,85.0,0.1,1,0.016302499371440946
mobile,iOS,Chrome,"43.2624,-81.3224","37.4986,-87.5904",0.0,0,0.0,SUB_2,Urban Stay Suites,2,180.0,0.12,1,0.016302499371440946
mobile,iOS,Chrome,"43.2624,-81.3224","37.4986,-87.5904",0.0,0,0.0,SUB_3,Grand Horizon Resorts,3,450.0,0.15,0,0.007391541344281977
mobile,iOS,Chrome,"43.2624,-81.3224","37.4986,-87.5904",0.0,0,0.0,SUB_4,EcoLodge Boutique,2,220.0,0.14,1,0.016302499371440946
mobile,iOS,Chrome,"43.2624,-81.3224","37.4986,-87.5904",0.0,0,0.0,SUB_5,Express Stop Motel,1,-99.0,0.08,0,0.007391541344281977
desktop,Windows,,"41.1928,-113.83","40.5088,-120.6872",1.0,0,0.0,SUB_1,BudgetInns Global,1,85.0,0.1,1,0.03916572279676437
desktop,Windows,,"41.1928,-113.83","40.5088,-120.6872",1.0,0,0.0,SUB_2,Urban Stay Suites,2,180.0,0.12,1,0.03916572279676437
desktop,Windows,,"41.1928,-113.83","40.5088,-120.6872",1.0,0,0.0,SUB_3,Grand Horizon Resorts,3,450.0,0.15,0,0.03916572279676437
desktop,Windows,,"41.1928,-113.83","40.5088,-120.6872",1.0,0,0.0,SUB_4,EcoLodge Boutique,2,220.0,0.14,1,0.03916572279676437
desktop,Windows,,"41.1928,-113.83","40.5088,-120.6872",1.0,0,0.0,SUB_5,Express Stop Motel,1,-99.0,0.08,0,0.03916572279676437
mobile,Android,Samsung Internet,"44.906,-88.6839","53.6979,-84.5936",0.0,0,0.0,SUB_1,BudgetInns Global,1,85.0,0.1,1,0.029312230751356333
mobile,Android,Samsung Internet,"44.906,-88.6839","53.6979,-84.5936",0.0,0,0.0,SUB_2,Urban Stay Suites,2,180.0,0.12,1,0.029312230751356333
mobile,Android,Samsung Internet,"44.906,-88.6839","53.6979,-84.5936",0.0,0,0.0,SUB_3,Grand Horizon Resorts,3,450.0,0.15,0,0.013386917827664779
mobile,Android,Samsung Internet,"44.906,-88.6839","53.6979,-84.5936",0.0,0,0.0,SUB_4,EcoLodge Boutique,2,220.0,0.14,1,0.029312230751356333
mobile,Android,Samsung Internet,"44.906,-88.6839","53.6979,-84.5936",0.0,0,0.0,SUB_5,Express Stop Motel,1,-99.0,0.08,0,0.013386917827664779
mobile,Android,Samsung Internet,"43.8506,-106.0765","58.2878,-113.1835",1.0,1,0.0,SUB_1,BudgetInns Global,1,85.0,0.1,1,0.06913842034334684
mobile,Android,Samsung Internet,"43.8506,-106.0765","58.2878,-113.1835",1.0,0,0.0,SUB_2,Urban Stay Suites,2,180.0,0.12,1,0.06913842034334684
mobile,Android,Samsung Internet,"43.8506,-106.0765","58.2878,-113.1835",1.0,0,0.0,SUB_3,Grand Horizon Resorts,3,450.0,0.15,0,0.03229546469845053
mobile,Android,Samsung Internet,"43.8506,-106.0765","58.2878,-113.1835",1.0,0,0.0,SUB_4,EcoLodge Boutique,2,220.0,0.14,1,0.06913842034334684
mobile,Android,Samsung Internet,"43.8506,-106.0765","58.2878,-113.1835",1.0,1,0.0,SUB_5,Express Stop Motel,1,-99.0,0.08,0,0.03229546469845053
tablet,Android,Chrome,"25.8985,-77.3509","38.8732,-66.2752",0.0,0,0.0,SUB_1,BudgetInns Global,1,85.0,0.1,1,0.029312230751356333
tablet,Android,Chrome,"25.8985,-77.3509","38.8732,-66.2752",0.0,0,0.0,SUB_2,Urban Stay Suites,2,180.0,0.12,1,0.029312230751356333
tablet,Android,Chrome,"25.8985,-77.3509","38.8732,-66.2752",0.0,0,0.0,SUB_3,Grand Horizon Resorts,3,450.0,0.15,0,0.029312230751356333
tablet,Android,Chrome,"25.8985,-77.3509","38.8732,-66.2752",0.0,0,0.0,SUB_4,EcoLodge Boutique,2,220.0,0.14,1,0.029312230751356333
tablet,Android,Chrome,"25.8985,-77.3509","38.8732,-66.2752",0.0,0,0.0,SUB_5,Express Stop Motel,1,-99.0,0.08,0,0.029312230751356333
mobile,iOS,,"34.8684,-73.5808","47.8844,-90.7491",0.0,0,0.0,SUB_1,BudgetInns Global,1,85.0,0.1,1,0.029312230751356333
mobile,iOS,,"34.8684,-73.5808","47.8844,-90.7491",0.0,0,0.0,SUB_2,Urban Stay Suites,2,180.0,0.12,1,0.029312230751356333
mobile,iOS,,"34.8684,-73.5808","47.8844,-90.7491",0.0,0,0.0,SUB_3,Grand Horizon Resorts,3,450.0,0.15,0,0.013386917827664779
mobile,iOS,,"34.8684,-73.5808","47.8844,-90.7491",0.0,0,0.0,SUB_4,EcoLodge Boutique,2,220.0,0.14,1,0.029312230751356333
mobile,iOS,,"34.8684,-73.5808","47.8844,-90.7491",0.0,0,0.0,SUB_5,Express Stop Motel,1,-99.0,0.08,0,0.013386917827664779
mobile,Android,Samsung Internet,"48.2702,-70.1801","45.3369,-63.7646",1.0,0,0.0,SUB_1,BudgetInns Global,1,85.0,0.1,1,0.03916572279676437
mobile,Android,Samsung Internet,"48.2702,-70.1801","45.3369,-63.7646",1.0,0,0.0,SUB_2,Urban Stay Suites,2,180.0,0.12,1,0.03916572279676437
mobile,Android,Samsung Internet,"48.2702,-70.1801","45.3369,-63.7646",1.0,0,0.0,SUB_3,Grand Horizon Resorts,3,450.0,0.15,0,0.01798620996209156
mobile,Android,Samsung Internet,"48.2702,-70.1801","45.3369,-63.7646",1.0,0,0.0,SUB_4,EcoLodge Boutique,2,220.0,0.14,1,0.03916572279676437
mobile,Android,Samsung Internet,"48.2702,-70.1801","45.3369,-63.7646",1.0,0,0.0,SUB_5,Express Stop Motel,1,-99.0,0.08,0,0.01798620996209156
desktop,macOS,Firefox,"28.1431,-80.1996","27.2068,-67.8318",0.0,0,0.0,SUB_1,BudgetInns Global,1,85.0,0.1,1,0.029312230751356333
desktop,macOS,Firefox,"28.1431,-80.1996","27.2068,-67.8318",0.0,0,0.0,SUB_2,Urban Stay Suites,2,180.0,0.12,1,0.029312230751356333
desktop,macOS,Firefox,"28.1431,-80.1996","27.2068,-67.8318",0.0,0,0.0,SUB_3,Grand Horizon Resorts,3,450.0,0.15,0,0.057324175898868755
desktop,macOS,Firefox,"28.1431,-80.1996","27.2068,-67.8318",0.0,0,0.0,SUB_4,EcoLodge Boutique,2,220.0,0.14,1,0.029312230751356333
desktop,macOS,Firefox,"28.1431,-80.1996","27.2068,-67.8318",0.0,0,0.0,SUB_5,Express Stop Motel,1,-99.0,0.08,0,0.029312230751356333
mobile,Android,,"43.4274,-82.3133","49.5965,-75.4",1.0,0,0.0,SUB_1,BudgetInns Global,1,85.0,0.1,1,0.03916572279676437
mobile,Android,,"43.4274,-82.3133","49.5965,-75.4",1.0,0,0.0,SUB_2,Urban Stay Suites,2,180.0,0.12,1,0.03916572279676437
mobile,Android,,"43.4274,-82.3133","49.5965,-75.4",1.0,0,0.0,SUB_3,Grand Horizon Resorts,3,450.0,0.15,0,0.01798620996209156
mobile,Android,,"43.4274,-82.3133","49.5965,-75.4",1.0,0,0.0,SUB_4,EcoLodge Boutique,2,220.0,0.14,1,0.03916572279676437
mobile,Android,,"43.4274,-82.3133","49.5965,-75.4",1.0,0,0.0,SUB_5,Express Stop Motel,1,-99.0,0.08,0,0.01798620996209156
desktop,Linux,Chrome,"49.3648,-109.225","62.0306,-109.3358",0.0,0,0.0,SUB_1,BudgetInns Global,1,85.0,0.1,1,0.029312230751356333
desktop,Linux,Chrome,"49.3648,-109.225","62.0306,-109.3358",0.0,0,0.0,SUB_2,Urban Stay Suites,2,180.0,0.12,1,0.029312230751356333
desktop,Linux,Chrome,"49.3648,-109.225","62.0306,-109.3358",0.0,0,0.0,SUB_3,Grand Horizon Resorts,3,450.0,0.15,0,0.029312230751356333
desktop,Linux,Chrome,"49.3648,-109.225","62.0306,-109.3358",0.0,0,0.0,SUB_4,EcoLodge Boutique,2,220.0,0.14,1,0.029312230751356333
desktop,Linux,Chrome,"49.3648,-109.225","62.0306,-109.3358",0.0,0,0.0,SUB_5,Express Stop Motel,1,-99.0,0.08,0,0.029312230751356333
desktop,Windows,Edge,"26.305,-103.1996","15.5648,-85.1873",0.0,0,0.0,SUB_1,BudgetInns Global,1,85.0,0.1,1,0.029312230751356333
desktop,Windows,Edge,"26.305,-103.1996","15.5648,-85.1873",0.0,0,0.0,SUB_2,Urban Stay Suites,2,180.0,0.12,1,0.029312230751356333
desktop,Windows,Edge,"26.305,-103.1996","15.5648,-85.1873",0.0,0,0.0,SUB_3,Grand Horizon Resorts,3,450.0,0.15,0,0.029312230751356333
desktop,Windows,Edge,"26.305,-103.1996","15.5648,-85.1873",0.0,0,0.0,SUB_4,EcoLodge Boutique,2,220.0,0.14,1,0.029312230751356333
desktop,Windows,Edge,"26.305,-103.1996","15.5648,-85.1873",0.0,0,0.0,SUB_5,Express Stop Motel,1,-99.0,0.08,0,0.029312230751356333
tablet,iOS,Safari,"42.0548,-96.7159","36.1821,-104.7184",1.0,0,0.0,SUB_1,BudgetInns Global,1,85.0,0.1,1,0.03916572279676437
tablet,iOS,Safari,"42.0548,-96.7159","36.1821,-104.7184",1.0,0,0.0,SUB_2,Urban Stay Suites,2,180.0,0.12,1,0.03916572279676437
tablet,iOS,Safari,"42.0548,-96.7159","36.1821,-104.7184",1.0,0,0.0,SUB_3,Grand Horizon Resorts,3,450.0,0.15,0,0.03916572279676437
tablet,iOS,Safari,"42.0548,-96.7159","36.1821,-104.7184",1.0,0,0.0,SUB_4,EcoLodge Boutique,2,220.0,0.14,1,0.03916572279676437
tablet,iOS,Safari,"42.0548,-96.7159","36.1821,-104.7184",1.0,0,0.0,SUB_5,Express Stop Motel,1,-99.0,0.08,0,0.03916572279676437
mobile,iOS,Safari,"36.7039,-81.3309","25.8813,-100.5642",0.0,1,1.0,SUB_1,BudgetInns Global,1,85.0,0.1,1,0.045217473483287515
mobile,iOS,Safari,"36.7039,-81.3309","25.8813,-100.5642",0.0,1,1.0,SUB_2,Urban Stay Suites,2,180.0,0.12,1,0.045217473483287515
mobile,iOS,Safari,"36.7039,-81.3309","25.8813,-100.5642",0.0,0,1.0,SUB_3,Grand Horizon Resorts,3,450.0,0.15,0,0.02083634451868043
mobile,iOS,Safari,"36.7039,-81.3309","25.8813,-100.5642",0.0,0,1.0,SUB_4,EcoLodge Boutique,2,220.0,0.14,1,0.045217473483287515
mobile,iOS,Safari,"36.7039,-81.3309","25.8813,-100.5642",0.0,0,1.0,SUB_5,Express Stop Motel,1,-99.0,0.08,0,0.02083634451868043
tablet,iOS,,"39.4794,-74.2517","42.8397,-76.9721",1.0,0,1.0,SUB_1,BudgetInns Global,1,85.0,0.1,1,0.060086650174007654
tablet,iOS,,"39.4794,-74.2517","42.8397,-76.9721",1.0,0,1.0,SUB_2,Urban Stay Suites,2,180.0,0.12,1,0.060086650174007654
tablet,iOS,,"39.4794,-74.2517","42.8397,-76.9721",1.0,0,1.0,SUB_3,Grand Horizon Resorts,3,450.0,0.15,0,0.060086650174007654
tablet,iOS,,"39.4794,-74.2517","42.8397,-76.9721",1.0,0,1.0,SUB_4,EcoLodge Boutique,2,220.0,0.14,1,0.060086650174007654
tablet,iOS,,"39.4794,-74.2517","42.8397,-76.9721",1.0,0,1.0,SUB_5,Express Stop Motel,1,-99.0,0.08,0,0.060086650174007654
mobile,Android,Samsung Internet,"27.1335,-110.543","21.3225,-129.2225",0.0,0,0.0,SUB_1,BudgetInns Global,1,85.0,0.1,1,0.029312230751356333
mobile,Android,Samsung Internet,"27.1335,-110.543","21.3225,-129.2225",0.0,0,0.0,SUB_2,Urban Stay Suites,2,180.0,0.12,1,0.029312230751356333
mobile,Android,Samsung Internet,"27.1335,-110.543","21.3225,-129.2225",0.0,0,0.0,SUB_3,Grand Horizon Resorts,3,450.0,0.15,0,0.013386917827664779
mobile,Android,Samsung Internet,"27.1335,-110.543","21.3225,-129.2225",0.0,0,0.0,SUB_4,EcoLodge Boutique,2,220.0,0.14,1,0.029312230751356333
mobile,Android,Samsung Internet,"27.1335,-110.543","21.3225,-129.2225",0.0,0,0.0,SUB_5,Express Stop Motel,1,-99.0,0.08,0,0.013386917827664779
mobile,iOS,Safari,"26.0752,-73.8816","20.8584,-55.7241",0.0,0,1.0,SUB_1,BudgetInns Global,1,85.0,0.1,1,0.045217473483287515
mobile,iOS,Safari,"26.0752,-73.8816","20.8584,-55.7241",0.0,0,1.0,SUB_2,Urban Stay Suites,2,180.0,0.12,1,0.045217473483287515
mobile,iOS,Safari,"26.0752,-73.8816","20.8584,-55.7241",0.0,0,1.0,SUB_3,Grand Horizon Resorts,3,450.0,0.15,0,0.02083634451868043
mobile,iOS,Safari,"26.0752,-73.8816","20.8584,-55.7241",0.0,0,1.0,SUB_4,EcoLodge Boutique,2,220.0,0.14,1,0.045217473483287515
mobile,iOS,Safari,"26.0752,-73.8816","20.8584,-55.7241",0.0,0,1.0,SUB_5,Express Stop Motel,1,-99.0,0.08,0,0.02083634451868043
mobile,iOS,Safari,"41.6717,-85.2188","28.7992,-96.8221",0.0,0,0.0,SUB_1,BudgetInns Global,1,85.0,0.1,1,0.029312230751356333
mobile,iOS,Safari,"41.6717,-85.2188","28.7992,-96.8221",0.0,0,0.0,SUB_2,Urban Stay Suites,2,180.0,0.12,1,0.029312230751356333
mobile,iOS,Safari,"41.6717,-85.2188","28.7992,-96.8221",0.0,0,0.0,SUB_3,Grand Horizon Resorts,3,450.0,0.15,0,0.013386917827664779
mobile,iOS,Safari,"41.6717,-85.2188","28.7992,-96.8221",0.0,0,0.0,SUB_4,EcoLodge Boutique,2,220.0,0.14,1,0.029312230751356333
mobile,iOS,Safari,"41.6717,-85.2188","28.7992,-96.8221",0.0,0,0.0,SUB_5,Express Stop Motel,1,-99.0,0.08,0,0.013386917827664779
tablet,Android,Samsung Internet,"45.5827,-89.4615","41.0766,-77.9044",1.0,0,0.0,SUB_1,BudgetInns Global,1,85.0,0.1,1,0.06913842034334684
tablet,Android,Samsung Internet,"45.5827,-89.4615","41.0766,-77.9044",1.0,0,0.0,SUB_2,Urban Stay Suites,2,180.0,0.12,1,0.06913842034334684
tablet,Android,Samsung Internet,"45.5827,-89.4615","41.0766,-77.9044",1.0,0,0.0,SUB_3,Grand Horizon Resorts,3,450.0,0.15,0,0.06913842034334684
tablet,Android,Samsung Internet,"45.5827,-89.4615","41.0766,-77.9044",1.0,0,0.0,SUB_4,EcoLodge Boutique,2,220.0,0.14,1,0.06913842034334684
tablet,Android,Samsung Internet,"45.5827,-89.4615","41.0766,-77.9044",1.0,0,0.0,SUB_5,Express Stop Motel,1,-99.0,0.08,0,0.06913842034334684
mobile,Android,Samsung Internet,"44.5504,-110.0079","55.4253,-99.025",0.0,0,0.0,SUB_1,BudgetInns Global,1,85.0,0.1,1,0.029312230751356333
mobile,Android,Samsung Internet,"44.5504,-110.0079","55.4253,-99.025",0.0,0,0.0,SUB_2,Urban Stay Suites,2,180.0,0.12,1,0.029312230751356333
mobile,Android,Samsung Internet,"44.5504,-110.0079","55.4253,-99.025",0.0,0,0.0,SUB_3,Grand Horizon Resorts,3,450.0,0.15,0,0.013386917827664779
mobile,Android,Samsung Internet,"44.5504,-110.0079","55.4253,-99.025",0.0,0,0.0,SUB_4,EcoLodge Boutique,2,220.0,0.14,1,0.029312230751356333
mobile,Android,Samsung Internet,"44.5504,-110.0079","55.4253,-99.025",0.0,0,0.0,SUB_5,Express Stop Motel,1,-99.0,0.08,0,0.013386917827664779
mobile,iOS,Safari,"38.5951,-117.2237","30.5873,-128.5145",0.0,0,1.0,SUB_1,BudgetInns Global,1,85.0,0.1,1,0.045217473483287515
mobile,iOS,Safari,"38.5951,-117.2237","30.5873,-128.5145",0.0,0,1.0,SUB_2,Urban Stay Suites,2,180.0,0.12,1,0.045217473483287515
mobile,iOS,Safari,"38.5951,-117.2237","30.5873,-128.5145",0.0,0,1.0,SUB_3,Grand Horizon Resorts,3,450.0,0.15,0,0.02083634451868043
mobile,iOS,Safari,"38.5951,-117.2237","30.5873,-128.5145",0.0,0,1.0,SUB_4,EcoLodge Boutique,2,220.0,0.14,1,0.045217473483287515
mobile,iOS,Safari,"38.5951,-117.2237","30.5873,-128.5145",0.0,0,1.0,SUB_5,Express Stop Motel,1,-99.0,0.08,0,0.02083634451868043
desktop,Windows,UNKNOWN_BROWSER,"27.4967,-91.5768","33.3523,-86.7277",1.0,0,0.0,SUB_1,BudgetInns Global,1,85.0,0.1,1,0.03916572279676437
desktop,Windows,UNKNOWN_BROWSER,"27.4967,-91.5768","33.3523,-86.7277",1.0,0,0.0,SUB_2,Urban Stay Suites,2,180.0,0.12,1,0.03916572279676437
desktop,Windows,UNKNOWN_BROWSER,"27.4967,-91.5768","33.3523,-86.7277",1.0,0,0.0,SUB_3,Grand Horizon Resorts,3,450.0,0.15,0,0.03916572279676437
desktop,Windows,UNKNOWN_BROWSER,"27.4967,-91.5768","33.3523,-86.7277",1.0,0,0.0,SUB_4,EcoLodge Boutique,2,220.0,0.14,1,0.03916572279676437
desktop,Windows,UNKNOWN_BROWSER,"27.4967,-91.5768","33.3523,-86.7277",1.0,0,0.0,SUB_5,Express Stop Motel,1,-99.0,0.08,0,0.03916572279676437
mobile,iOS,Safari,"42.2011,-87.4242","46.09,-105.501",1.0,0,0.0,SUB_1,BudgetInns Global,1,85.0,0.1,1,0.06913842034334684
mobile,iOS,Safari,"42.2011,-87.4242","46.09,-105.501",1.0,0,0.0,SUB_2,Urban Stay Suites,2,180.0,0.12,1,0.06913842034334684
mobile,iOS,Safari,"42.2011,-87.4242","46.09,-105.501",1.0,0,0.0,SUB_3,Grand Horizon Resorts,3,450.0,0.15,0,0.03229546469845053
mobile,iOS,Safari,"42.2011,-87.4242","46.09,-105.501",1.0,0,0.0,SUB_4,EcoLodge Boutique,2,220.0,0.14,1,0.06913842034334684
mobile,iOS,Safari,"42.2011,-87.4242","46.09,-105.501",1.0,0,0.0,SUB_5,Express Stop Motel,1,-99.0,0.08,0,0.03229546469845053
mobile,iOS,Chrome,"31.0472,-109.4609","41.9517,-110.1179",0.0,1,0.0,SUB_1,BudgetInns Global,1,85.0,0.1,1,0.029312230751356333
mobile,iOS,Chrome,"31.0472,-109.4609","41.9517,-110.1179",0.0,0,0.0,SUB_2,Urban Stay Suites,2,180.0,0.12,1,0.029312230751356333
mobile,iOS,Chrome,"31.0472,-109.4609","41.9517,-110.1179",0.0,0,0.0,SUB_3,Grand Horizon Resorts,3,450.0,0.15,0,0.013386917827664779
mobile,iOS,Chrome,"31.0472,-109.4609","41.9517,-110.1179",0.0,0,0.0,SUB_4,EcoLodge Boutique,2,220.0,0.14,1,0.029312230751356333
mobile,iOS,Chrome,"31.0472,-109.4609","41.9517,-110.1179",0.0,0,0.0,SUB_5,Express Stop Motel,1,-99.0,0.08,0,0.013386917827664779
mobile,iOS,Safari,"47.7767,-92.1772","36.7453,-111.5913",0.0,0,,SUB_1,BudgetInns Global,1,85.0,0.1,1,0.029312230751356333
mobile,iOS,Safari,"47.7767,-92.1772","36.7453,-111.5913",0.0,0,,SUB_2,Urban Stay Suites,2,180.0,0.12,1,0.029312230751356333
mobile,iOS,Safari,"47.7767,-92.1772","36.7453,-111.5913",0.0,0,,SUB_3,Grand Horizon Resorts,3,450.0,0.15,0,0.013386917827664779
mobile,iOS,Safari,"47.7767,-92.1772","36.7453,-111.5913",0.0,1,,SUB_4,EcoLodge Boutique,2,220.0,0.14,1,0.029312230751356333
mobile,iOS,Safari,"47.7767,-92.1772","36.7453,-111.5913",0.0,0,,SUB_5,Express Stop Motel,1,-99.0,0.08,0,0.013386917827664779
mobile,Android,Samsung Internet,"45.9566,-77.1753","60.2843,-60.3295",0.0,0,0.0,SUB_1,BudgetInns Global,1,85.0,0.1,1,0.029312230751356333
mobile,Android,Samsung Internet,"45.9566,-77.1753","60.2843,-60.3295",0.0,0,0.0,SUB_2,Urban Stay Suites,2,180.0,0.12,1,0.029312230751356333
mobile,Android,Samsung Internet,"45.9566,-77.1753","60.2843,-60.3295",0.0,0,0.0,SUB_3,Grand Horizon Resorts,3,450.0,0.15,0,0.013386917827664779
mobile,Android,Samsung Internet,"45.9566,-77.1753","60.2843,-60.3295",0.0,0,0.0,SUB_4,EcoLodge Boutique,2,220.0,0.14,1,0.029312230751356333
mobile,Android,Samsung Internet,"45.9566,-77.1753","60.2843,-60.3295",0.0,0,0.0,SUB_5,Express Stop Motel,1,-99.0,0.08,0,0.013386917827664779
mobile,iOS,Safari,"42.7346,-78.2467","45.2135,-59.2033",0.0,0,0.0,SUB_1,BudgetInns Global,1,85.0,0.1,1,0.029312230751356333
mobile,iOS,Safari,"42.7346,-78.2467","45.2135,-59.2033",0.0,0,0.0,SUB_2,Urban Stay Suites,2,180.0,0.12,1,0.029312230751356333
mobile,iOS,Safari,"42.7346,-78.2467","45.2135,-59.2033",0.0,0,0.0,SUB_3,Grand Horizon Resorts,3,450.0,0.15,0,0.013386917827664779
mobile,iOS,Safari,"42.7346,-78.2467","45.2135,-59.2033",0.0,0,0.0,SUB_4,EcoLodge Boutique,2,220.0,0.14,1,0.029312230751356333
mobile,iOS,Safari,"42.7346,-78.2467","45.2135,-59.2033",0.0,0,0.0,SUB_5,Express Stop Motel,1,-99.0,0.08,0,0.013386917827664779
mobile,Android,Chrome,"48.7211,-73.6322","63.5853,-84.7409",0.0,0,0.0,SUB_1,BudgetInns Global,1,85.0,0.1,1,0.029312230751356333
mobile,Android,Chrome,"48.7211,-73.6322","63.5853,-84.7409",0.0,0,0.0,SUB_2,Urban Stay Suites,2,180.0,0.12,1,0.029312230751356333
mobile,Android,Chrome,"48.7211,-73.6322","63.5853,-84.7409",0.0,0,0.0,SUB_3,Grand Horizon Resorts,3,450.0,0.15,0,0.013386917827664779
mobile,Android,Chrome,"48.7211,-73.6322","63.5853,-84.7409",0.0,0,0.0,SUB_4,EcoLodge Boutique,2,220.0,0.14,1,0.029312230751356333
mobile,Android,Chrome,"48.7211,-73.6322","63.5853,-84.7409",0.0,0,0.0,SUB_5,Express Stop Motel,1,-99.0,0.08,0,0.013386917827664779
desktop,macOS,Firefox,"25.7855,-101.7057","38.1309,-113.3815",0.0,0,0.0,SUB_1,BudgetInns Global,1,85.0,0.1,1,0.029312230751356333
desktop,macOS,Firefox,"25.7855,-101.7057","38.1309,-113.3815",0.0,0,0.0,SUB_2,Urban Stay Suites,2,180.0,0.12,1,0.029312230751356333
desktop,macOS,Firefox,"25.7855,-101.7057","38.1309,-113.3815",0.0,0,0.0,SUB_3,Grand Horizon Resorts,3,450.0,0.15,0,0.057324175898868755
desktop,macOS,Firefox,"25.7855,-101.7057","38.1309,-113.3815",0.0,0,0.0,SUB_4,EcoLodge Boutique,2,220.0,0.14,1,0.029312230751356333
desktop,macOS,Firefox,"25.7855,-101.7057","38.1309,-113.3815",0.0,0,0.0,SUB_5,Express Stop Motel,1,-99.0,0.08,0,0.029312230751356333
mobile,Android,Chrome,"43.405,-104.0975","35.0505,-93.9487",0.0,0,,SUB_1,BudgetInns Global,1,85.0,0.1,1,0.029312230751356333
mobile,Android,Chrome,"43.405,-104.0975","35.0505,-93.9487",0.0,0,,SUB_2,Urban Stay Suites,2,180.0,0.12,1,0.029312230751356333
mobile,Android,Chrome,"43.405,-104.0975","35.0505,-93.9487",0.0,0,,SUB_3,Grand Horizon Resorts,3,450.0,0.15,0,0.013386917827664779
mobile,Android,Chrome,"43.405,-104.0975","35.0505,-93.9487",0.0,0,,SUB_4,EcoLodge Boutique,2,220.0,0.14,1,0.029312230751356333
mobile,Android,Chrome,"43.405,-104.0975","35.0505,-93.9487",0.0,1,,SUB_5,Express Stop Motel,1,-99.0,0.08,0,0.013386917827664779
mobile,Android,Samsung Internet,"33.2561,-82.5287","19.941,-92.3935",1.0,0,0.0,SUB_1,BudgetInns Global,1,85.0,0.1,1,0.06913842034334684
mobile,Android,Samsung Internet,"33.2561,-82.5287","19.941,-92.3935",1.0,0,0.0,SUB_2,Urban Stay Suites,2,180.0,0.12,1,0.06913842034334684
mobile,Android,Samsung Internet,"33.2561,-82.5287","19.941,-92.3935",1.0,0,0.0,SUB_3,Grand Horizon Resorts,3,450.0,0.15,0,0.03229546469845053
mobile,Android,Samsung Internet,"33.2561,-82.5287","19.941,-92.3935",1.0,0,0.0,SUB_4,EcoLodge Boutique,2,220.0,0.14,1,0.06913842034334684
mobile,Android,Samsung Internet,"33.2561,-82.5287","19.941,-92.3935",1.0,0,0.0,SUB_5,Express Stop Motel,1,-99.0,0.08,0,0.03229546469845053
desktop,Linux,,"47.6516,-98.4444","40.3208,-82.6413",1.0,1,0.0,SUB_1,BudgetInns Global,1,85.0,0.1,1,0.06913842034334684
desktop,Linux,,"47.6516,-98.4444","40.3208,-82.6413",1.0,0,0.0,SUB_2,Urban Stay Suites,2,180.0,0.12,1,0.06913842034334684
desktop,Linux,,"47.6516,-98.4444","40.3208,-82.6413",1.0,0,0.0,SUB_3,Grand Horizon Resorts,3,450.0,0.15,0,0.06913842034334684
desktop,Linux,,"47.6516,-98.4444","40.3208,-82.6413",1.0,0,0.0,SUB_4,EcoLodge Boutique,2,220.0,0.14,1,0.06913842034334684
desktop,Linux,,"47.6516,-98.4444","40.3208,-82.6413",1.0,0,0.0,SUB_5,Express Stop Motel,1,-99.0,0.08,0,0.06913842034334684
mobile,Android,Chrome,"31.6669,-115.6226","32.4938,-112.6654",0.0,0,0.0,SUB_1,BudgetInns Global,1,85.0,0.1,1,0.016302499371440946
mobile,Android,Chrome,"31.6669,-115.6226","32.4938,-112.6654",0.0,0,0.0,SUB_2,Urban Stay Suites,2,180.0,0.12,1,0.016302499371440946
mobile,Android,Chrome,"31.6669,-115.6226","32.4938,-112.6654",0.0,0,0.0,SUB_3,Grand Horizon Resorts,3,450.0,0.15,0,0.007391541344281977
mobile,Android,Chrome,"31.6669,-115.6226","32.4938,-112.6654",0.0,0,0.0,SUB_4,EcoLodge Boutique,2,220.0,0.14,1,0.016302499371440946
mobile,Android,Chrome,"31.6669,-115.6226","32.4938,-112.6654",0.0,0,0.0,SUB_5,Express Stop Motel,1,-99.0,0.08,0,0.007391541344281977
desktop,Windows,,"43.1214,-105.8599","33.2693,-111.8288",0.0,0,1.0,SUB_1,BudgetInns Global,1,85.0,0.1,1,0.045217473483287515
desktop,Windows,,"43.1214,-105.8599","33.2693,-111.8288",0.0,0,1.0,SUB_2,Urban Stay Suites,2,180.0,0.12,1,0.045217473483287515
desktop,Windows,,"43.1214,-105.8599","33.2693,-111.8288",0.0,0,1.0,SUB_3,Grand Horizon Resorts,3,450.0,0.15,0,0.045217473483287515
desktop,Windows,,"43.1214,-105.8599","33.2693,-111.8288",0.0,0,1.0,SUB_4,EcoLodge Boutique,2,220.0,0.14,1,0.045217473483287515
desktop,Windows,,"43.1214,-105.8599","33.2693,-111.8288",0.0,0,1.0,SUB_5,Express Stop Motel,1,-99.0,0.08,0,0.045217473483287515
mobile,Android,Chrome,"46.9412,-99.0709","36.965,-85.7632",0.0,0,0.0,SUB_1,BudgetInns Global,1,85.0,0.1,1,0.029312230751356333
mobile,Android,Chrome,"46.9412,-99.0709","36.965,-85.7632",0.0,0,0.0,SUB_2,Urban Stay Suites,2,180.0,0.12,1,0.029312230751356333
mobile,Android,Chrome,"46.9412,-99.0709","36.965,-85.7632",0.0,0,0.0,SUB_3,Grand Horizon Resorts,3,450.0,0.15,0,0.013386917827664779
mobile,Android,Chrome,"46.9412,-99.0709","36.965,-85.7632",0.0,0,0.0,SUB_4,EcoLodge Boutique,2,220.0,0.14,1,0.029312230751356333
mobile,Android,Chrome,"46.9412,-99.0709","36.965,-85.7632",0.0,0,0.0,SUB_5,Express Stop Motel,1,-99.0,0.08,0,0.013386917827664779
mobile,Android,,"26.0414,-105.3742","24.9192,-105.6379",0.0,0,0.0,SUB_1,BudgetInns Global,1,85.0,0.1,1,0.016302499371440946
mobile,Android,,"26.0414,-105.3742","24.9192,-105.6379",0.0,0,0.0,SUB_2,Urban Stay Suites,2,180.0,0.12,1,0.016302499371440946
mobile,Android,,"26.0414,-105.3742","24.9192,-105.6379",0.0,0,0.0,SUB_3,Grand Horizon Resorts,3,450.0,0.15,0,0.007391541344281977
mobile,Android,,"26.0414,-105.3742","24.9192,-105.6379",0.0,0,0.0,SUB_4,EcoLodge Boutique,2,220.0,0.14,1,0.016302499371440946
mobile,Android,,"26.0414,-105.3742","24.9192,-105.6379",0.0,0,0.0,SUB_5,Express Stop Motel,1,-99.0,0.08,0,0.007391541344281977
mobile,iOS,Safari,"34.9412,-103.3897","20.9392,-86.9244",0.0,0,0.0,SUB_1,BudgetInns Global,1,85.0,0.1,1,0.029312230751356333
mobile,iOS,Safari,"34.9412,-103.3897","20.9392,-86.9244",0.0,0,0.0,SUB_2,Urban Stay Suites,2,180.0,0.12,1,0.029312230751356333
mobile,iOS,Safari,"34.9412,-103.3897","20.9392,-86.9244",0.0,0,0.0,SUB_3,Grand Horizon Resorts,3,450.0,0.15,0,0.013386917827664779
mobile,iOS,Safari,"34.9412,-103.3897","20.9392,-86.9244",0.0,0,0.0,SUB_4,EcoLodge Boutique,2,220.0,0.14,1,0.029312230751356333
mobile,iOS,Safari,"34.9412,-103.3897","20.9392,-86.9244",0.0,0,0.0,SUB_5,Express Stop Motel,1,-99.0,0.08,0,0.013386917827664779
mobile,iOS,Safari,"44.0577,-105.3112","32.7143,-88.1906",0.0,0,0.0,SUB_1,BudgetInns Global,1,85.0,0.1,1,0.029312230751356333
mobile,iOS,Safari,"44.0577,-105.3112","32.7143,-88.1906",0.0,0,0.0,SUB_2,Urban Stay Suites,2,180.0,0.12,1,0.029312230751356333
mobile,iOS,Safari,"44.0577,-105.3112","32.7143,-88.1906",0.0,0,0.0,SUB_3,Grand Horizon Resorts,3,450.0,0.15,0,0.013386917827664779
mobile,iOS,Safari,"44.0577,-105.3112","32.7143,-88.1906",0.0,0,0.0,SUB_4,EcoLodge Boutique,2,220.0,0.14,1,0.029312230751356333
mobile,iOS,Safari,"44.0577,-105.3112","32.7143,-88.1906",0.0,0,0.0,SUB_5,Express Stop Motel,1,-99.0,0.08,0,0.013386917827664779
mobile,iOS,Chrome,"36.373,-117.925","33.8488,-131.3082",0.0,0,1.0,SUB_1,BudgetInns Global,1,85.0,0.1,1,0.045217473483287515
mobile,iOS,Chrome,"36.373,-117.925","33.8488,-131.3082",0.0,0,1.0,SUB_2,Urban Stay Suites,2,180.0,0.12,1,0.045217473483287515
mobile,iOS,Chrome,"36.373,-117.925","33.8488,-131.3082",0.0,0,1.0,SUB_3,Grand Horizon Resorts,3,450.0,0.15,0,0.02083634451868043
mobile,iOS,Chrome,"36.373,-117.925","33.8488,-131.3082",0.0,0,1.0,SUB_4,EcoLodge Boutique,2,220.0,0.14,1,0.045217473483287515
mobile,iOS,Chrome,"36.373,-117.925","33.8488,-131.3082",0.0,0,1.0,SUB_5,Express Stop Motel,1,-99.0,0.08,0,0.02083634451868043
mobile,Android,Chrome,"31.6813,-88.1453","18.5752,-108.0524",0.0,0,0.0,SUB_1,BudgetInns Global,1,85.0,0.1,1,0.029312230751356333
mobile,Android,Chrome,"31.6813,-88.1453","18.5752,-108.0524",0.0,0,0.0,SUB_2,Urban Stay Suites,2,180.0,0.12,1,0.029312230751356333
mobile,Android,Chrome,"31.6813,-88.1453","18.5752,-108.0524",0.0,0,0.0,SUB_3,Grand Horizon Resorts,3,450.0,0.15,0,0.013386917827664779
mobile,Android,Chrome,"31.6813,-88.1453","18.5752,-108.0524",0.0,1,0.0,SUB_4,EcoLodge Boutique,2,220.0,0.14,1,0.029312230751356333
mobile,Android,Chrome,"31.6813,-88.1453","18.5752,-108.0524",0.0,0,0.0,SUB_5,Express Stop Motel,1,-99.0,0.08,0,0.013386917827664779
mobile,Android,Chrome,"30.4951,-90.1354","27.3978,-70.7782",0.0,0,0.0,SUB_1,BudgetInns Global,1,85.0,0.1,1,0.029312230751356333
mobile,Android,Chrome,"30.4951,-90.1354","27.3978,-70.7782",0.0,0,0.0,SUB_2,Urban Stay Suites,2,180.0,0.12,1,0.029312230751356333
mobile,Android,Chrome,"30.4951,-90.1354","27.3978,-70.7782",0.0,0,0.0,SUB_3,Grand Horizon Resorts,3,450.0,0.15,0,0.013386917827664779
mobile,Android,Chrome,"30.4951,-90.1354","27.3978,-70.7782",0.0,0,0.0,SUB_4,EcoLodge Boutique,2,220.0,0.14,1,0.029312230751356333
mobile,Android,Chrome,"30.4951,-90.1354","27.3978,-70.7782",0.0,0,0.0,SUB_5,Express Stop Motel,1,-99.0,0.08,0,0.013386917827664779
mobile,iOS,Chrome,"28.288,-87.3308","27.5082,-71.0853",0.0,0,0.0,SUB_1,BudgetInns Global,1,85.0,0.1,1,0.029312230751356333
mobile,iOS,Chrome,"28.288,-87.3308","27.5082,-71.0853",0.0,0,0.0,SUB_2,Urban Stay Suites,2,180.0,0.12,1,0.029312230751356333
mobile,iOS,Chrome,"28.288,-87.3308","27.5082,-71.0853",0.0,0,0.0,SUB_3,Grand Horizon Resorts,3,450.0,0.15,0,0.013386917827664779
mobile,iOS,Chrome,"28.288,-87.3308","27.5082,-71.0853",0.0,0,0.0,SUB_4,EcoLodge Boutique,2,220.0,0.14,1,0.029312230751356333
mobile,iOS,Chrome,"28.288,-87.3308","27.5082,-71.0853",0.0,0,0.0,SUB_5,Express Stop Motel,1,-99.0,0.08,0,0.013386917827664779
mobile,iOS,Safari,"46.4282,-110.3845","44.9662,-128.1667",0.0,0,0.0,SUB_1,BudgetInns Global,1,85.0,0.1,1,0.029312230751356333
mobile,iOS,Safari,"46.4282,-110.3845","44.9662,-128.1667",0.0,0,0.0,SUB_2,Urban Stay Suites,2,180.0,0.12,1,0.029312230751356333
mobile,iOS,Safari,"46.4282,-110.3845","44.9662,-128.1667",0.0,0,0.0,SUB_3,Grand Horizon Resorts,3,450.0,0.15,0,0.013386917827664779
mobile,iOS,Safari,"46.4282,-110.3845","44.9662,-128.1667",0.0,0,0.0,SUB_4,EcoLodge Boutique,2,220.0,0.14,1,0.029312230751356333
mobile,iOS,Safari,"46.4282,-110.3845","44.9662,-128.1667",0.0,0,0.0,SUB_5,Express Stop Motel,1,-99.0,0.08,0,0.013386917827664779
mobile,iOS,Safari,"39.3839,-105.2173","50.4591,-91.8959",0.0,0,0.0,SUB_1,BudgetInns Global,1,85.0,0.1,1,0.029312230751356333
mobile,iOS,Safari,"39.3839,-105.2173","50.4591,-91.8959",0.0,0,0.0,SUB_2,Urban Stay Suites,2,180.0,0.12,1,0.029312230751356333
mobile,iOS,Safari,"39.3839,-105.2173","50.4591,-91.8959",0.0,0,0.0,SUB_3,Grand Horizon Resorts,3,450.0,0.15,0,0.013386917827664779
mobile,iOS,Safari,"39.3839,-105.2173","50.4591,-91.8959",0.0,0,0.0,SUB_4,EcoLodge Boutique,2,220.0,0.14,1,0.029312230751356333
mobile,iOS,Safari,"39.3839,-105.2173","50.4591,-91.8959",0.0,0,0.0,SUB_5,Express Stop Motel,1,-99.0,0.08,0,0.013386917827664779
mobile,iOS,Safari,"26.9096,-89.0192","27.8115,-90.707",0.0,0,0.0,SUB_1,BudgetInns Global,1,85.0,0.1,1,0.016302499371440946
mobile,iOS,Safari,"26.9096,-89.0192","27.8115,-90.707",0.0,0,0.0,SUB_2,Urban Stay Suites,2,180.0,0.12,1,0.016302499371440946
mobile,iOS,Safari,"26.9096,-89.0192","27.8115,-90.707",0.0,0,0.0,SUB_3,Grand Horizon Resorts,3,450.0,0.15,0,0.007391541344281977
mobile,iOS,Safari,"26.9096,-89.0192","27.8115,-90.707",0.0,0,0.0,SUB_4,EcoLodge Boutique,2,220.0,0.14,1,0.016302499371440946
mobile,iOS,Safari,"26.9096,-89.0192","27.8115,-90.707",0.0,0,0.0,SUB_5,Express Stop Motel,1,-99.0,0.08,0,0.007391541344281977
mobile,Android,Samsung Internet,"34.5645,-90.0186","33.6039,-99.6601",1.0,0,0.0,SUB_1,BudgetInns Global,1,85.0,0.1,1,0.03916572279676437
mobile,Android,Samsung Internet,"34.5645,-90.0186","33.6039,-99.6601",1.0,0,0.0,SUB_2,Urban Stay Suites,2,180.0,0.12,1,0.03916572279676437
mobile,Android,Samsung Internet,"34.5645,-90.0186","33.6039,-99.6601",1.0,0,0.0,SUB_3,Grand Horizon Resorts,3,450.0,0.15,0,0.01798620996209156
mobile,Android,Samsung Internet,"34.5645,-90.0186","33.6039,-99.6601",1.0,0,0.0,SUB_4,EcoLodge Boutique,2,220.0,0.14,1,0.03916572279676437
mobile,Android,Samsung Internet,"34.5645,-90.0186","33.6039,-99.6601",1.0,0,0.0,SUB_5,Express Stop Motel,1,-99.0,0.08,0,0.01798620996209156
desktop,Linux,Firefox,"34.1933,-94.6835","31.5146,-79.5336",1.0,0,0.0,SUB_1,BudgetInns Global,1,85.0,0.1,1,0.06913842034334684
desktop,Linux,Firefox,"34.1933,-94.6835","31.5146,-79.5336",1.0,0,0.0,SUB_2,Urban Stay Suites,2,180.0,0.12,1,0.06913842034334684
desktop,Linux,Firefox,"34.1933,-94.6835","31.5146,-79.5336",1.0,0,0.0,SUB_3,Grand Horizon Resorts,3,450.0,0.15,0,0.06913842034334684
desktop,Linux,Firefox,"34.1933,-94.6835","31.5146,-79.5336",1.0,0,0.0,SUB_4,EcoLodge Boutique,2,220.0,0.14,1,0.06913842034334684
desktop,Linux,Firefox,"34.1933,-94.6835","31.5146,-79.5336",1.0,0,0.0,SUB_5,Express Stop Motel,1,-99.0,0.08,0,0.06913842034334684
mobile,iOS,Chrome,"29.5435,-102.4793","39.0722,-114.6126",0.0,0,0.0,SUB_1,BudgetInns Global,1,85.0,0.1,1,0.029312230751356333
mobile,iOS,Chrome,"29.5435,-102.4793","39.0722,-114.6126",0.0,0,0.0,SUB_2,Urban Stay Suites,2,180.0,0.12,1,0.029312230751356333
mobile,iOS,Chrome,"29.5435,-102.4793","39.0722,-114.6126",0.0,0,0.0,SUB_3,Grand Horizon Resorts,3,450.0,0.15,0,0.013386917827664779
mobile,iOS,Chrome,"29.5435,-102.4793","39.0722,-114.6126",0.0,0,0.0,SUB_4,EcoLodge Boutique,2,220.0,0.14,1,0.029312230751356333
mobile,iOS,Chrome,"29.5435,-102.4793","39.0722,-114.6126",0.0,0,0.0,SUB_5,Express Stop Motel,1,-99.0,0.08,0,0.013386917827664779
desktop,Windows,Firefox,"35.8877,-74.3534","47.7394,-56.4614",0.0,0,0.0,SUB_1,BudgetInns Global,1,85.0,0.1,1,0.029312230751356333
desktop,Windows,Firefox,"35.8877,-74.3534","47.7394,-56.4614",0.0,0,0.0,SUB_2,Urban Stay Suites,2,180.0,0.12,1,0.029312230751356333
desktop,Windows,Firefox,"35.8877,-74.3534","47.7394,-56.4614",0.0,0,0.0,SUB_3,Grand Horizon Resorts,3,450.0,0.15,0,0.029312230751356333
desktop,Windows,Firefox,"35.8877,-74.3534","47.7394,-56.4614",0.0,1,0.0,SUB_4,EcoLodge Boutique,2,220.0,0.14,1,0.029312230751356333
desktop,Windows,Firefox,"35.8877,-74.3534","47.7394,-56.4614",0.0,0,0.0,SUB_5,Express Stop Motel,1,-99.0,0.08,0,0.029312230751356333
desktop,Linux,Firefox,"33.3025,-103.0115","43.8998,-114.7866",0.0,0,0.0,SUB_1,BudgetInns Global,1,85.0,0.1,1,0.029312230751356333
desktop,Linux,Firefox,"33.3025,-103.0115","43.8998,-114.7866",0.0,0,0.0,SUB_2,Urban Stay Suites,2,180.0,0.12,1,0.029312230751356333
desktop,Linux,Firefox,"33.3025,-103.0115","43.8998,-114.7866",0.0,0,0.0,SUB_3,Grand Horizon Resorts,3,450.0,0.15,0,0.029312230751356333
desktop,Linux,Firefox,"33.3025,-103.0115","43.8998,-114.7866",0.0,0,0.0,SUB_4,EcoLodge Boutique,2,220.0,0.14,1,0.029312230751356333
desktop,Linux,Firefox,"33.3025,-103.0115","43.8998,-114.7866",0.0,0,0.0,SUB_5,Express Stop Motel,1,-99.0,0.08,0,0.029312230751356333
mobile,Android,Samsung Internet,"33.5451,-97.219","38.7515,-92.6717",0.0,0,0.0,SUB_1,BudgetInns Global,1,85.0,0.1,1,0.016302499371440946
mobile,Android,Samsung Internet,"33.5451,-97.219","38.7515,-92.6717",0.0,0,0.0,SUB_2,Urban Stay Suites,2,180.0,0.12,1,0.016302499371440946
mobile,Android,Samsung Internet,"33.5451,-97.219","38.7515,-92.6717",0.0,0,0.0,SUB_3,Grand Horizon Resorts,3,450.0,0.15,0,0.007391541344281977
mobile,Android,Samsung Internet,"33.5451,-97.219","38.7515,-92.6717",0.0,0,0.0,SUB_4,EcoLodge Boutique,2,220.0,0.14,1,0.016302499371440946
mobile,Android,Samsung Internet,"33.5451,-97.219","38.7515,-92.6717",0.0,0,0.0,SUB_5,Express Stop Motel,1,-99.0,0.08,0,0.007391541344281977
desktop,Windows,Chrome,"43.4757,-86.0943","32.5966,-97.1708",0.0,0,0.0,SUB_1,BudgetInns Global,1,85.0,0.1,1,0.029312230751356333
desktop,Windows,Chrome,"43.4757,-86.0943","32.5966,-97.1708",0.0,0,0.0,SUB_2,Urban Stay Suites,2,180.0,0.12,1,0.029312230751356333
desktop,Windows,Chrome,"43.4757,-86.0943","32.5966,-97.1708",0.0,0,0.0,SUB_3,Grand Horizon Resorts,3,450.0,0.15,0,0.029312230751356333
desktop,Windows,Chrome,"43.4757,-86.0943","32.5966,-97.1708",0.0,1,0.0,SUB_4,EcoLodge Boutique,2,220.0,0.14,1,0.029312230751356333
desktop,Windows,Chrome,"43.4757,-86.0943","32.5966,-97.1708",0.0,0,0.0,SUB_5,Express Stop Motel,1,-99.0,0.08,0,0.029312230751356333
tablet,Android,Chrome,"30.5816,-92.8489","23.8877,-91.0222",0.0,0,0.0,SUB_1,BudgetInns Global,1,85.0,0.1,1,0.016302499371440946
tablet,Android,Chrome,"30.5816,-92.8489","23.8877,-91.0222",0.0,0,0.0,SUB_2,Urban Stay Suites,2,180.0,0.12,1,0.016302499371440946
tablet,Android,Chrome,"30.5816,-92.8489","23.8877,-91.0222",0.0,0,0.0,SUB_3,Grand Horizon Resorts,3,450.0,0.15,0,0.016302499371440946
tablet,Android,Chrome,"30.5816,-92.8489","23.8877,-91.0222",0.0,0,0.0,SUB_4,EcoLodge Boutique,2,220.0,0.14,1,0.016302499371440946
tablet,Android,Chrome,"30.5816,-92.8489","23.8877,-91.0222",0.0,0,0.0,SUB_5,Express Stop Motel,1,-99.0,0.08,0,0.016302499371440946
mobile,iOS,Chrome,"41.0465,-102.6557","27.4284,-95.2967",0.0,0,0.0,SUB_1,BudgetInns Global,1,85.0,0.1,1,0.029312230751356333
mobile,iOS,Chrome,"41.0465,-102.6557","27.4284,-95.2967",0.0,0,0.0,SUB_2,Urban Stay Suites,2,180.0,0.12,1,0.029312230751356333
mobile,iOS,Chrome,"41.0465,-102.6557","27.4284,-95.2967",0.0,0,0.0,SUB_3,Grand Horizon Resorts,3,450.0,0.15,0,0.013386917827664779
mobile,iOS,Chrome,"41.0465,-102.6557","27.4284,-95.2967",0.0,0,0.0,SUB_4,EcoLodge Boutique,2,220.0,0.14,1,0.029312230751356333
mobile,iOS,Chrome,"41.0465,-102.6557","27.4284,-95.2967",0.0,0,0.0,SUB_5,Express Stop Motel,1,-99.0,0.08,0,0.013386917827664779
mobile,iOS,Chrome,"39.2662,-98.2178","52.1909,-110.6087",0.0,0,0.0,SUB_1,BudgetInns Global,1,85.0,0.1,1,0.029312230751356333
mobile,iOS,Chrome,"39.2662,-98.2178","52.1909,-110.6087",0.0,0,0.0,SUB_2,Urban Stay Suites,2,180.0,0.12,1,0.029312230751356333
mobile,iOS,Chrome,"39.2662,-98.2178","52.1909,-110.6087",0.0,0,0.0,SUB_3,Grand Horizon Resorts,3,450.0,0.15,0,0.013386917827664779
mobile,iOS,Chrome,"39.2662,-98.2178","52.1909,-110.6087",0.0,0,0.0,SUB_4,EcoLodge Boutique,2,220.0,0.14,1,0.029312230751356333
mobile,iOS,Chrome,"39.2662,-98.2178","52.1909,-110.6087",0.0,0,0.0,SUB_5,Express Stop Motel,1,-99.0,0.08,0,0.013386917827664779
desktop,macOS,Chrome,"39.2023,-80.276","44.0263,-79.4406",0.0,0,0.0,SUB_1,BudgetInns Global,1,85.0,0.1,1,0.016302499371440946
desktop,macOS,Chrome,"39.2023,-80.276","44.0263,-79.4406",0.0,0,0.0,SUB_2,Urban Stay Suites,2,180.0,0.12,1,0.016302499371440946
desktop,macOS,Chrome,"39.2023,-80.276","44.0263,-79.4406",0.0,0,0.0,SUB_3,Grand Horizon Resorts,3,450.0,0.15,0,0.03229546469845053
desktop,macOS,Chrome,"39.2023,-80.276","44.0263,-79.4406",0.0,0,0.0,SUB_4,EcoLodge Boutique,2,220.0,0.14,1,0.016302499371440946
desktop,macOS,Chrome,"39.2023,-80.276","44.0263,-79.4406",0.0,0,0.0,SUB_5,Express Stop Motel,1,-99.0,0.08,0,0.016302499371440946
desktop,Windows,Chrome,"41.5752,-106.0935","48.9661,-107.3311",0.0,0,,SUB_1,BudgetInns Global,1,85.0,0.1,1,0.016302499371440946
desktop,Windows,Chrome,"41.5752,-106.0935","48.9661,-107.3311",0.0,0,,SUB_2,Urban Stay Suites,2,180.0,0.12,1,0.016302499371440946
desktop,Windows,Chrome,"41.5752,-106.0935","48.9661,-107.3311",0.0,0,,SUB_3,Grand Horizon Resorts,3,450.0,0.15,0,0.016302499371440946
desktop,Windows,Chrome,"41.5752,-106.0935","48.9661,-107.3311",0.0,0,,SUB_4,EcoLodge Boutique,2,220.0,0.14,1,0.016302499371440946
desktop,Windows,Chrome,"41.5752,-106.0935","48.9661,-107.3311",0.0,0,,SUB_5,Express Stop Motel,1,-99.0,0.08,0,0.016302499371440946
mobile,Android,,"38.7096,-112.8872","999.9999,-800.0000",0.0,0,0.0,SUB_1,BudgetInns Global,1,85.0,0.1,1,0.029312230751356333
mobile,Android,,"38.7096,-112.8872","999.9999,-800.0000",0.0,0,0.0,SUB_2,Urban Stay Suites,2,180.0,0.12,1,0.029312230751356333
mobile,Android,,"38.7096,-112.8872","999.9999,-800.0000",0.0,0,0.0,SUB_3,Grand Horizon Resorts,3,450.0,0.15,0,0.013386917827664779
mobile,Android,,"38.7096,-112.8872","999.9999,-800.0000",0.0,0,0.0,SUB_4,EcoLodge Boutique,2,220.0,0.14,1,0.029312230751356333
mobile,Android,,"38.7096,-112.8872","999.9999,-800.0000",0.0,0,0.0,SUB_5,Express Stop Motel,1,-99.0,0.08,0,0.013386917827664779
mobile,Android,Chrome,"46.9814,-104.3418","57.351,-91.6095",0.0,0,0.0,SUB_1,BudgetInns Global,1,85.0,0.1,1,0.029312230751356333
mobile,Android,Chrome,"46.9814,-104.3418","57.351,-91.6095",0.0,0,0.0,SUB_2,Urban Stay Suites,2,180.0,0.12,1,0.029312230751356333
mobile,Android,Chrome,"46.9814,-104.3418","57.351,-91.6095",0.0,0,0.0,SUB_3,Grand Horizon Resorts,3,450.0,0.15,0,0.013386917827664779
mobile,Android,Chrome,"46.9814,-104.3418","57.351,-91.6095",0.0,0,0.0,SUB_4,EcoLodge Boutique,2,220.0,0.14,1,0.029312230751356333
mobile,Android,Chrome,"46.9814,-104.3418","57.351,-91.6095",0.0,0,0.0,SUB_5,Express Stop Motel,1,-99.0,0.08,0,0.013386917827664779
mobile,iOS,Safari,"41.8895,-77.5233","34.6776,-84.096",0.0,0,0.0,SUB_1,BudgetInns Global,1,85.0,0.1,1,0.016302499371440946
mobile,iOS,Safari,"41.8895,-77.5233","34.6776,-84.096",0.0,0,0.0,SUB_2,Urban Stay Suites,2,180.0,0.12,1,0.016302499371440946
mobile,iOS,Safari,"41.8895,-77.5233","34.6776,-84.096",0.0,0,0.0,SUB_3,Grand Horizon Resorts,3,450.0,0.15,0,0.007391541344281977
mobile,iOS,Safari,"41.8895,-77.5233","34.6776,-84.096",0.0,0,0.0,SUB_4,EcoLodge Boutique,2,220.0,0.14,1,0.016302499371440946
mobile,iOS,Safari,"41.8895,-77.5233","34.6776,-84.096",0.0,0,0.0,SUB_5,Express Stop Motel,1,-99.0,0.08,0,0.007391541344281977
mobile,Android,Chrome,"38.6741,-115.5505","23.7234,-112.5672",0.0,0,0.0,SUB_1,BudgetInns Global,1,85.0,0.1,1,0.029312230751356333
mobile,Android,Chrome,"38.6741,-115.5505","23.7234,-112.5672",0.0,0,0.0,SUB_2,Urban Stay Suites,2,180.0,0.12,1,0.029312230751356333
mobile,Android,Chrome,"38.6741,-115.5505","23.7234,-112.5672",0.0,0,0.0,SUB_3,Grand Horizon Resorts,3,450.0,0.15,0,0.013386917827664779
mobile,Android,Chrome,"38.6741,-115.5505","23.7234,-112.5672",0.0,0,0.0,SUB_4,EcoLodge Boutique,2,220.0,0.14,1,0.029312230751356333
mobile,Android,Chrome,"38.6741,-115.5505","23.7234,-112.5672",0.0,0,0.0,SUB_5,Express Stop Motel,1,-99.0,0.08,0,0.013386917827664779
desktop,macOS,Firefox,"45.7441,-70.4152","42.0365,-69.8238",1.0,1,0.0,SUB_1,BudgetInns Global,1,85.0,0.1,1,0.03916572279676437
desktop,macOS,Firefox,"45.7441,-70.4152","42.0365,-69.8238",1.0,0,0.0,SUB_2,Urban Stay Suites,2,180.0,0.12,1,0.03916572279676437
desktop,macOS,Firefox,"45.7441,-70.4152","42.0365,-69.8238",1.0,0,0.0,SUB_3,Grand Horizon Resorts,3,450.0,0.15,0,0.07585818002124355
desktop,macOS,Firefox,"45.7441,-70.4152","42.0365,-69.8238",1.0,0,0.0,SUB_4,EcoLodge Boutique,2,220.0,0.14,1,0.03916572279676437
desktop,macOS,Firefox,"45.7441,-70.4152","42.0365,-69.8238",1.0,0,0.0,SUB_5,Express Stop Motel,1,-99.0,0.08,0,0.03916572279676437
mobile,Android,Samsung Internet,"40.1537,-92.9499","42.2765,-92.4195",1.0,1,0.0,SUB_1,BudgetInns Global,1,85.0,0.1,1,0.03916572279676437
mobile,Android,Samsung Internet,"40.1537,-92.9499","42.2765,-92.4195",1.0,0,0.0,SUB_2,Urban Stay Suites,2,180.0,0.12,1,0.03916572279676437
mobile,Android,Samsung Internet,"40.1537,-92.9499","42.2765,-92.4195",1.0,0,0.0,SUB_3,Grand Horizon Resorts,3,450.0,0.15,0,0.01798620996209156
mobile,Android,Samsung Internet,"40.1537,-92.9499","42.2765,-92.4195",1.0,0,0.0,SUB_4,EcoLodge Boutique,2,220.0,0.14,1,0.03916572279676437
mobile,Android,Samsung Internet,"40.1537,-92.9499","42.2765,-92.4195",1.0,0,0.0,SUB_5,Express Stop Motel,1,-99.0,0.08,0,0.01798620996209156
mobile,Android,Samsung Internet,"32.2786,-70.7577","31.6397,-86.4688",0.0,0,0.0,SUB_1,BudgetInns Global,1,85.0,0.1,1,0.029312230751356333
mobile,Android,Samsung Internet,"32.2786,-70.7577","31.6397,-86.4688",0.0,0,0.0,SUB_2,Urban Stay Suites,2,180.0,0.12,1,0.029312230751356333
mobile,Android,Samsung Internet,"32.2786,-70.7577","31.6397,-86.4688",0.0,0,0.0,SUB_3,Grand Horizon Resorts,3,450.0,0.15,0,0.013386917827664779
mobile,Android,Samsung Internet,"32.2786,-70.7577","31.6397,-86.4688",0.0,0,0.0,SUB_4,EcoLodge Boutique,2,220.0,0.14,1,0.029312230751356333
mobile,Android,Samsung Internet,"32.2786,-70.7577","31.6397,-86.4688",0.0,0,0.0,SUB_5,Express Stop Motel,1,-99.0,0.08,0,0.013386917827664779
desktop,macOS,Chrome,"30.1774,-73.0502","41.0397,-76.1109",0.0,0,0.0,SUB_1,BudgetInns Global,1,85.0,0.1,1,0.029312230751356333
desktop,macOS,Chrome,"30.1774,-73.0502","41.0397,-76.1109",0.0,0,0.0,SUB_2,Urban Stay Suites,2,180.0,0.12,1,0.029312230751356333
desktop,macOS,Chrome,"30.1774,-73.0502","41.0397,-76.1109",0.0,0,0.0,SUB_3,Grand Horizon Resorts,3,450.0,0.15,0,0.057324175898868755
desktop,macOS,Chrome,"30.1774,-73.0502","41.0397,-76.1109",0.0,0,0.0,SUB_4,EcoLodge Boutique,2,220.0,0.14,1,0.029312230751356333
desktop,macOS,Chrome,"30.1774,-73.0502","41.0397,-76.1109",0.0,0,0.0,SUB_5,Express Stop Motel,1,-99.0,0.08,0,0.029312230751356333
mobile,iOS,Chrome,"28.8082,-97.3593","16.9704,-99.2646",0.0,0,1.0,SUB_1,BudgetInns Global,1,85.0,0.1,1,0.045217473483287515
mobile,iOS,Chrome,"28.8082,-97.3593","16.9704,-99.2646",0.0,0,1.0,SUB_2,Urban Stay Suites,2,180.0,0.12,1,0.045217473483287515
mobile,iOS,Chrome,"28.8082,-97.3593","16.9704,-99.2646",0.0,0,1.0,SUB_3,Grand Horizon Resorts,3,450.0,0.15,0,0.02083634451868043
mobile,iOS,Chrome,"28.8082,-97.3593","16.9704,-99.2646",0.0,0,1.0,SUB_4,EcoLodge Boutique,2,220.0,0.14,1,0.045217473483287515
mobile,iOS,Chrome,"28.8082,-97.3593","16.9704,-99.2646",0.0,0,1.0,SUB_5,Express Stop Motel,1,-99.0,0.08,0,0.02083634451868043
mobile,iOS,Safari,"47.4864,-110.0754","49.1011,-100.7297",1.0,0,0.0,SUB_1,BudgetInns Global,1,85.0,0.1,1,0.03916572279676437
mobile,iOS,Safari,"47.4864,-110.0754","49.1011,-100.7297",1.0,0,0.0,SUB_2,Urban Stay Suites,2,180.0,0.12,1,0.03916572279676437
mobile,iOS,Safari,"47.4864,-110.0754","49.1011,-100.7297",1.0,0,0.0,SUB_3,Grand Horizon Resorts,3,450.0,0.15,0,0.01798620996209156
mobile,iOS,Safari,"47.4864,-110.0754","49.1011,-100.7297",1.0,0,0.0,SUB_4,EcoLodge Boutique,2,220.0,0.14,1,0.03916572279676437
mobile,iOS,Safari,"47.4864,-110.0754","49.1011,-100.7297",1.0,0,0.0,SUB_5,Express Stop Motel,1,-99.0,0.08,0,0.01798620996209156
desktop,Windows,Chrome,"42.7534,-111.7558","43.1428,-98.155",0.0,0,0.0,SUB_1,BudgetInns Global,1,85.0,0.1,1,0.029312230751356333
desktop,Windows,Chrome,"42.7534,-111.7558","43.1428,-98.155",0.0,0,0.0,SUB_2,Urban Stay Suites,2,180.0,0.12,1,0.029312230751356333
desktop,Windows,Chrome,"42.7534,-111.7558","43.1428,-98.155",0.0,0,0.0,SUB_3,Grand Horizon Resorts,3,450.0,0.15,0,0.029312230751356333
desktop,Windows,Chrome,"42.7534,-111.7558","43.1428,-98.155",0.0,0,0.0,SUB_4,EcoLodge Boutique,2,220.0,0.14,1,0.029312230751356333
desktop,Windows,Chrome,"42.7534,-111.7558","43.1428,-98.155",0.0,0,0.0,SUB_5,Express Stop Motel,1,-99.0,0.08,0,0.029312230751356333
desktop,macOS,Chrome,"48.4345,-108.0005","41.8763,-106.2012",0.0,0,0.0,SUB_1,BudgetInns Global,1,85.0,0.1,1,0.016302499371440946
desktop,macOS,Chrome,"48.4345,-108.0005","41.8763,-106.2012",0.0,0,0.0,SUB_2,Urban Stay Suites,2,180.0,0.12,1,0.016302499371440946
desktop,macOS,Chrome,"48.4345,-108.0005","41.8763,-106.2012",0.0,0,0.0,SUB_3,Grand Horizon Resorts,3,450.0,0.15,0,0.03229546469845053
desktop,macOS,Chrome,"48.4345,-108.0005","41.8763,-106.2012",0.0,0,0.0,SUB_4,EcoLodge Boutique,2,220.0,0.14,1,0.016302499371440946
desktop,macOS,Chrome,"48.4345,-108.0005","41.8763,-106.2012",0.0,0,0.0,SUB_5,Express Stop Motel,1,-99.0,0.08,0,0.016302499371440946
mobile,iOS,Safari,"40.0823,-84.4934","49.7491,-101.0221",1.0,0,0.0,SUB_1,BudgetInns Global,1,85.0,0.1,1,0.06913842034334684
mobile,iOS,Safari,"40.0823,-84.4934","49.7491,-101.0221",1.0,0,0.0,SUB_2,Urban Stay Suites,2,180.0,0.12,1,0.06913842034334684
mobile,iOS,Safari,"40.0823,-84.4934","49.7491,-101.0221",1.0,0,0.0,SUB_3,Grand Horizon Resorts,3,450.0,0.15,0,0.03229546469845053
mobile,iOS,Safari,"40.0823,-84.4934","49.7491,-101.0221",1.0,0,0.0,SUB_4,EcoLodge Boutique,2,220.0,0.14,1,0.06913842034334684
mobile,iOS,Safari,"40.0823,-84.4934","49.7491,-101.0221",1.0,0,0.0,SUB_5,Express Stop Motel,1,-99.0,0.08,0,0.03229546469845053
mobile,Android,Samsung Internet,"36.835,-106.3525","44.4205,-116.8785",0.0,0,0.0,SUB_1,BudgetInns Global,1,85.0,0.1,1,0.029312230751356333
mobile,Android,Samsung Internet,"36.835,-106.3525","44.4205,-116.8785",0.0,0,0.0,SUB_2,Urban Stay Suites,2,180.0,0.12,1,0.029312230751356333
mobile,Android,Samsung Internet,"36.835,-106.3525","44.4205,-116.8785",0.0,0,0.0,SUB_3,Grand Horizon Resorts,3,450.0,0.15,0,0.013386917827664779
mobile,Android,Samsung Internet,"36.835,-106.3525","44.4205,-116.8785",0.0,0,0.0,SUB_4,EcoLodge Boutique,2,220.0,0.14,1,0.029312230751356333
mobile,Android,Samsung Internet,"36.835,-106.3525","44.4205,-116.8785",0.0,0,0.0,SUB_5,Express Stop Motel,1,-99.0,0.08,0,0.013386917827664779
mobile,Android,Samsung Internet,"26.4929,-102.9287","33.4787,-116.3313",0.0,0,0.0,SUB_1,BudgetInns Global,1,85.0,0.1,1,0.029312230751356333
mobile,Android,Samsung Internet,"26.4929,-102.9287","33.4787,-116.3313",0.0,0,0.0,SUB_2,Urban Stay Suites,2,180.0,0.12,1,0.029312230751356333
mobile,Android,Samsung Internet,"26.4929,-102.9287","33.4787,-116.3313",0.0,0,0.0,SUB_3,Grand Horizon Resorts,3,450.0,0.15,0,0.013386917827664779
mobile,Android,Samsung Internet,"26.4929,-102.9287","33.4787,-116.3313",0.0,0,0.0,SUB_4,EcoLodge Boutique,2,220.0,0.14,1,0.029312230751356333
mobile,Android,Samsung Internet,"26.4929,-102.9287","33.4787,-116.3313",0.0,0,0.0,SUB_5,Express Stop Motel,1,-99.0,0.08,0,0.013386917827664779
mobile,Android,Chrome,"41.7911,-97.5611","53.0769,-112.5765",0.0,0,1.0,SUB_1,BudgetInns Global,1,85.0,0.1,1,0.045217473483287515
mobile,Android,Chrome,"41.7911,-97.5611","53.0769,-112.5765",0.0,0,1.0,SUB_2,Urban Stay Suites,2,180.0,0.12,1,0.045217473483287515
mobile,Android,Chrome,"41.7911,-97.5611","53.0769,-112.5765",0.0,0,1.0,SUB_3,Grand Horizon Resorts,3,450.0,0.15,0,0.02083634451868043
mobile,Android,Chrome,"41.7911,-97.5611","53.0769,-112.5765",0.0,0,1.0,SUB_4,EcoLodge Boutique,2,220.0,0.14,1,0.045217473483287515
mobile,Android,Chrome,"41.7911,-97.5611","53.0769,-112.5765",0.0,0,1.0,SUB_5,Express Stop Motel,1,-99.0,0.08,0,0.02083634451868043
mobile,Android,Chrome,"39.5552,-74.3384","46.2387,-79.7024",0.0,0,0.0,SUB_1,BudgetInns Global,1,85.0,0.1,1,0.016302499371440946
mobile,Android,Chrome,"39.5552,-74.3384","46.2387,-79.7024",0.0,0,0.0,SUB_2,Urban Stay Suites,2,180.0,0.12,1,0.016302499371440946
mobile,Android,Chrome,"39.5552,-74.3384","46.2387,-79.7024",0.0,0,0.0,SUB_3,Grand Horizon Resorts,3,450.0,0.15,0,0.007391541344281977
mobile,Android,Chrome,"39.5552,-74.3384","46.2387,-79.7024",0.0,0,0.0,SUB_4,EcoLodge Boutique,2,220.0,0.14,1,0.016302499371440946
mobile,Android,Chrome,"39.5552,-74.3384","46.2387,-79.7024",0.0,0,0.0,SUB_5,Express Stop Motel,1,-99.0,0.08,0,0.007391541344281977
mobile,iOS,Safari,"0.0,0.0","41.7104,-121.3546",0.0,0,0.0,SUB_1,BudgetInns Global,1,85.0,0.1,1,0.029312230751356333
mobile,iOS,Safari,"0.0,0.0","41.7104,-121.3546",0.0,0,0.0,SUB_2,Urban Stay Suites,2,180.0,0.12,1,0.029312230751356333
mobile,iOS,Safari,"0.0,0.0","41.7104,-121.3546",0.0,0,0.0,SUB_3,Grand Horizon Resorts,3,450.0,0.15,0,0.013386917827664779
mobile,iOS,Safari,"0.0,0.0","41.7104,-121.3546",0.0,0,0.0,SUB_4,EcoLodge Boutique,2,220.0,0.14,1,0.029312230751356333
mobile,iOS,Safari,"0.0,0.0","41.7104,-121.3546",0.0,0,0.0,SUB_5,Express Stop Motel,1,-99.0,0.08,0,0.013386917827664779
mobile,Android,Samsung Internet,"30.979,-119.7487","37.1459,-131.0166",0.0,0,0.0,SUB_1,BudgetInns Global,1,85.0,0.1,1,0.029312230751356333
mobile,Android,Samsung Internet,"30.979,-119.7487","37.1459,-131.0166",0.0,0,0.0,SUB_2,Urban Stay Suites,2,180.0,0.12,1,0.029312230751356333
mobile,Android,Samsung Internet,"30.979,-119.7487","37.1459,-131.0166",0.0,0,0.0,SUB_3,Grand Horizon Resorts,3,450.0,0.15,0,0.013386917827664779
mobile,Android,Samsung Internet,"30.979,-119.7487","37.1459,-131.0166",0.0,0,0.0,SUB_4,EcoLodge Boutique,2,220.0,0.14,1,0.029312230751356333
mobile,Android,Samsung Internet,"30.979,-119.7487","37.1459,-131.0166",0.0,0,0.0,SUB_5,Express Stop Motel,1,-99.0,0.08,0,0.013386917827664779
mobile,Android,Chrome,"38.2684,-116.9952","32.4995,-134.8075",0.0,0,0.0,SUB_1,BudgetInns Global,1,85.0,0.1,1,0.029312230751356333
mobile,Android,Chrome,"38.2684,-116.9952","32.4995,-134.8075",0.0,0,0.0,SUB_2,Urban Stay Suites,2,180.0,0.12,1,0.029312230751356333
mobile,Android,Chrome,"38.2684,-116.9952","32.4995,-134.8075",0.0,0,0.0,SUB_3,Grand Horizon Resorts,3,450.0,0.15,0,0.013386917827664779
mobile,Android,Chrome,"38.2684,-116.9952","32.4995,-134.8075",0.0,0,0.0,SUB_4,EcoLodge Boutique,2,220.0,0.14,1,0.029312230751356333
mobile,Android,Chrome,"38.2684,-116.9952","32.4995,-134.8075",0.0,0,0.0,SUB_5,Express Stop Motel,1,-99.0,0.08,0,0.013386917827664779
mobile,Android,Samsung Internet,"41.2739,-74.7617","33.5391,-94.0549",0.0,0,0.0,SUB_1,BudgetInns Global,1,85.0,0.1,1,0.029312230751356333
mobile,Android,Samsung Internet,"41.2739,-74.7617","33.5391,-94.0549",0.0,0,0.0,SUB_2,Urban Stay Suites,2,180.0,0.12,1,0.029312230751356333
mobile,Android,Samsung Internet,"41.2739,-74.7617","33.5391,-94.0549",0.0,0,0.0,SUB_3,Grand Horizon Resorts,3,450.0,0.15,0,0.013386917827664779
mobile,Android,Samsung Internet,"41.2739,-74.7617","33.5391,-94.0549",0.0,0,0.0,SUB_4,EcoLodge Boutique,2,220.0,0.14,1,0.029312230751356333
mobile,Android,Samsung Internet,"41.2739,-74.7617","33.5391,-94.0549",0.0,0,0.0,SUB_5,Express Stop Motel,1,-99.0,0.08,0,0.013386917827664779
mobile,iOS,Safari,"41.1148,-87.6242","28.3049,-103.5135",1.0,0,0.0,SUB_1,BudgetInns Global,1,85.0,0.1,1,0.06913842034334684
mobile,iOS,Safari,"41.1148,-87.6242","28.3049,-103.5135",1.0,0,0.0,SUB_2,Urban Stay Suites,2,180.0,0.12,1,0.06913842034334684
mobile,iOS,Safari,"41.1148,-87.6242","28.3049,-103.5135",1.0,0,0.0,SUB_3,Grand Horizon Resorts,3,450.0,0.15,0,0.03229546469845053
mobile,iOS,Safari,"41.1148,-87.6242","28.3049,-103.5135",1.0,0,0.0,SUB_4,EcoLodge Boutique,2,220.0,0.14,1,0.06913842034334684
mobile,iOS,Safari,"41.1148,-87.6242","28.3049,-103.5135",1.0,0,0.0,SUB_5,Express Stop Motel,1,-99.0,0.08,0,0.03229546469845053
mobile,Android,Chrome,"39.0323,-106.348","46.3532,-119.4601",0.0,0,0.0,SUB_1,BudgetInns Global,1,85.0,0.1,1,0.029312230751356333
mobile,Android,Chrome,"39.0323,-106.348","46.3532,-119.4601",0.0,0,0.0,SUB_2,Urban Stay Suites,2,180.0,0.12,1,0.029312230751356333
mobile,Android,Chrome,"39.0323,-106.348","46.3532,-119.4601",0.0,0,0.0,SUB_3,Grand Horizon Resorts,3,450.0,0.15,0,0.013386917827664779
mobile,Android,Chrome,"39.0323,-106.348","46.3532,-119.4601",0.0,0,0.0,SUB_4,EcoLodge Boutique,2,220.0,0.14,1,0.029312230751356333
mobile,Android,Chrome,"39.0323,-106.348","46.3532,-119.4601",0.0,0,0.0,SUB_5,Express Stop Motel,1,-99.0,0.08,0,0.013386917827664779
mobile,iOS,Chrome,"44.4232,-111.1404","50.7532,-113.9011",0.0,0,0.0,SUB_1,BudgetInns Global,1,85.0,0.1,1,0.016302499371440946
mobile,iOS,Chrome,"44.4232,-111.1404","50.7532,-113.9011",0.0,0,0.0,SUB_2,Urban Stay Suites,2,180.0,0.12,1,0.016302499371440946
mobile,iOS,Chrome,"44.4232,-111.1404","50.7532,-113.9011",0.0,0,0.0,SUB_3,Grand Horizon Resorts,3,450.0,0.15,0,0.007391541344281977
mobile,iOS,Chrome,"44.4232,-111.1404","50.7532,-113.9011",0.0,0,0.0,SUB_4,EcoLodge Boutique,2,220.0,0.14,1,0.016302499371440946
mobile,iOS,Chrome,"44.4232,-111.1404","50.7532,-113.9011",0.0,0,0.0,SUB_5,Express Stop Motel,1,-99.0,0.08,0,0.007391541344281977
mobile,iOS,Chrome,"30.1245,-105.2867","22.1595,-104.8659",1.0,0,0.0,SUB_1,BudgetInns Global,1,85.0,0.1,1,0.03916572279676437
mobile,iOS,Chrome,"30.1245,-105.2867","22.1595,-104.8659",1.0,0,0.0,SUB_2,Urban Stay Suites,2,180.0,0.12,1,0.03916572279676437
mobile,iOS,Chrome,"30.1245,-105.2867","22.1595,-104.8659",1.0,0,0.0,SUB_3,Grand Horizon Resorts,3,450.0,0.15,0,0.01798620996209156
mobile,iOS,Chrome,"30.1245,-105.2867","22.1595,-104.8659",1.0,0,0.0,SUB_4,EcoLodge Boutique,2,220.0,0.14,1,0.03916572279676437
mobile,iOS,Chrome,"30.1245,-105.2867","22.1595,-104.8659",1.0,0,0.0,SUB_5,Express Stop Motel,1,-99.0,0.08,0,0.01798620996209156
desktop,macOS,Chrome,"43.1407,-114.2602","50.6221,-128.6365",1.0,1,0.0,SUB_1,BudgetInns Global,1,85.0,0.1,1,0.06913842034334684
desktop,macOS,Chrome,"43.1407,-114.2602","50.6221,-128.6365",1.0,0,0.0,SUB_2,Urban Stay Suites,2,180.0,0.12,1,0.06913842034334684
desktop,macOS,Chrome,"43.1407,-114.2602","50.6221,-128.6365",1.0,0,0.0,SUB_3,Grand Horizon Resorts,3,450.0,0.15,0,0.13010847436299788
desktop,macOS,Chrome,"43.1407,-114.2602","50.6221,-128.6365",1.0,0,0.0,SUB_4,EcoLodge Boutique,2,220.0,0.14,1,0.06913842034334684
desktop,macOS,Chrome,"43.1407,-114.2602","50.6221,-128.6365",1.0,0,0.0,SUB_5,Express Stop Motel,1,-99.0,0.08,0,0.06913842034334684
desktop,macOS,Chrome,"40.4934,-72.9234","53.0286,-75.9321",0.0,0,0.0,SUB_1,BudgetInns Global,1,85.0,0.1,1,0.029312230751356333
desktop,macOS,Chrome,"40.4934,-72.9234","53.0286,-75.9321",0.0,0,0.0,SUB_2,Urban Stay Suites,2,180.0,0.12,1,0.029312230751356333
desktop,macOS,Chrome,"40.4934,-72.9234","53.0286,-75.9321",0.0,0,0.0,SUB_3,Grand Horizon Resorts,3,450.0,0.15,0,0.057324175898868755
desktop,macOS,Chrome,"40.4934,-72.9234","53.0286,-75.9321",0.0,0,0.0,SUB_4,EcoLodge Boutique,2,220.0,0.14,1,0.029312230751356333
desktop,macOS,Chrome,"40.4934,-72.9234","53.0286,-75.9321",0.0,0,0.0,SUB_5,Express Stop Motel,1,-99.0,0.08,0,0.029312230751356333
desktop,Windows,Edge,"47.4019,-80.7897","35.6428,-87.1197",1.0,0,1.0,SUB_1,BudgetInns Global,1,85.0,0.1,1,0.10433122311900135
desktop,Windows,Edge,"47.4019,-80.7897","35.6428,-87.1197",1.0,1,1.0,SUB_2,Urban Stay Suites,2,180.0,0.12,1,0.10433122311900135
desktop,Windows,Edge,"47.4019,-80.7897","35.6428,-87.1197",1.0,0,1.0,SUB_3,Grand Horizon Resorts,3,450.0,0.15,0,0.10433122311900135
desktop,Windows,Edge,"47.4019,-80.7897","35.6428,-87.1197",1.0,0,1.0,SUB_4,EcoLodge Boutique,2,220.0,0.14,1,0.10433122311900135
desktop,Windows,Edge,"47.4019,-80.7897","35.6428,-87.1197",1.0,0,1.0,SUB_5,Express Stop Motel,1,-99.0,0.08,0,0.10433122311900135
desktop,Linux,,"46.1799,-96.8804","38.159,-109.5435",0.0,0,0.0,SUB_1,BudgetInns Global,1,85.0,0.1,1,0.029312230751356333
desktop,Linux,,"46.1799,-96.8804","38.159,-109.5435",0.0,0,0.0,SUB_2,Urban Stay Suites,2,180.0,0.12,1,0.029312230751356333
desktop,Linux,,"46.1799,-96.8804","38.159,-109.5435",0.0,0,0.0,SUB_3,Grand Horizon Resorts,3,450.0,0.15,0,0.029312230751356333
desktop,Linux,,"46.1799,-96.8804","38.159,-109.5435",0.0,0,0.0,SUB_4,EcoLodge Boutique,2,220.0,0.14,1,0.029312230751356333
desktop,Linux,,"46.1799,-96.8804","38.159,-109.5435",0.0,0,0.0,SUB_5,Express Stop Motel,1,-99.0,0.08,0,0.029312230751356333
mobile,iOS,UNKNOWN_BROWSER,"32.8787,-76.7519","40.3865,-96.4783",1.0,1,0.0,SUB_1,BudgetInns Global,1,85.0,0.1,1,0.06913842034334684
mobile,iOS,UNKNOWN_BROWSER,"32.8787,-76.7519","40.3865,-96.4783",1.0,0,0.0,SUB_2,Urban Stay Suites,2,180.0,0.12,1,0.06913842034334684
mobile,iOS,UNKNOWN_BROWSER,"32.8787,-76.7519","40.3865,-96.4783",1.0,0,0.0,SUB_3,Grand Horizon Resorts,3,450.0,0.15,0,0.03229546469845053
mobile,iOS,UNKNOWN_BROWSER,"32.8787,-76.7519","40.3865,-96.4783",1.0,0,0.0,SUB_4,EcoLodge Boutique,2,220.0,0.14,1,0.06913842034334684
mobile,iOS,UNKNOWN_BROWSER,"32.8787,-76.7519","40.3865,-96.4783",1.0,0,0.0,SUB_5,Express Stop Motel,1,-99.0,0.08,0,0.03229546469845053
mobile,Android,Samsung Internet,"31.9059,-107.5271","25.1411,-108.8464",0.0,0,0.0,SUB_1,BudgetInns Global,1,85.0,0.1,1,0.016302499371440946
mobile,Android,Samsung Internet,"31.9059,-107.5271","25.1411,-108.8464",0.0,0,0.0,SUB_2,Urban Stay Suites,2,180.0,0.12,1,0.016302499371440946
mobile,Android,Samsung Internet,"31.9059,-107.5271","25.1411,-108.8464",0.0,0,0.0,SUB_3,Grand Horizon Resorts,3,450.0,0.15,0,0.007391541344281977
mobile,Android,Samsung Internet,"31.9059,-107.5271","25.1411,-108.8464",0.0,0,0.0,SUB_4,EcoLodge Boutique,2,220.0,0.14,1,0.016302499371440946
mobile,Android,Samsung Internet,"31.9059,-107.5271","25.1411,-108.8464",0.0,0,0.0,SUB_5,Express Stop Motel,1,-99.0,0.08,0,0.007391541344281977
mobile,Android,Chrome,"49.5413,-84.144","53.2812,-76.7179",0.0,0,0.0,SUB_1,BudgetInns Global,1,85.0,0.1,1,0.016302499371440946
mobile,Android,Chrome,"49.5413,-84.144","53.2812,-76.7179",0.0,0,0.0,SUB_2,Urban Stay Suites,2,180.0,0.12,1,0.016302499371440946
mobile,Android,Chrome,"49.5413,-84.144","53.2812,-76.7179",0.0,0,0.0,SUB_3,Grand Horizon Resorts,3,450.0,0.15,0,0.007391541344281977
mobile,Android,Chrome,"49.5413,-84.144","53.2812,-76.7179",0.0,0,0.0,SUB_4,EcoLodge Boutique,2,220.0,0.14,1,0.016302499371440946
mobile,Android,Chrome,"49.5413,-84.144","53.2812,-76.7179",0.0,0,0.0,SUB_5,Express Stop Motel,1,-99.0,0.08,0,0.007391541344281977
desktop,Windows,Edge,"38.1816,-77.1934","25.6165,-88.1423",1.0,0,1.0,SUB_1,BudgetInns Global,1,85.0,0.1,1,0.10433122311900135
desktop,Windows,Edge,"38.1816,-77.1934","25.6165,-88.1423",1.0,0,1.0,SUB_2,Urban Stay Suites,2,180.0,0.12,1,0.10433122311900135
desktop,Windows,Edge,"38.1816,-77.1934","25.6165,-88.1423",1.0,0,1.0,SUB_3,Grand Horizon Resorts,3,450.0,0.15,0,0.10433122311900135
desktop,Windows,Edge,"38.1816,-77.1934","25.6165,-88.1423",1.0,0,1.0,SUB_4,EcoLodge Boutique,2,220.0,0.14,1,0.10433122311900135
desktop,Windows,Edge,"38.1816,-77.1934","25.6165,-88.1423",1.0,0,1.0,SUB_5,Express Stop Motel,1,-99.0,0.08,0,0.10433122311900135
desktop,Linux,Chrome,"47.6605,-102.1616","46.2266,-116.8893",0.0,0,0.0,SUB_1,BudgetInns Global,1,85.0,0.1,1,0.029312230751356333
desktop,Linux,Chrome,"47.6605,-102.1616","46.2266,-116.8893",0.0,0,0.0,SUB_2,Urban Stay Suites,2,180.0,0.12,1,0.029312230751356333
desktop,Linux,Chrome,"47.6605,-102.1616","46.2266,-116.8893",0.0,0,0.0,SUB_3,Grand Horizon Resorts,3,450.0,0.15,0,0.029312230751356333
desktop,Linux,Chrome,"47.6605,-102.1616","46.2266,-116.8893",0.0,0,0.0,SUB_4,EcoLodge Boutique,2,220.0,0.14,1,0.029312230751356333
desktop,Linux,Chrome,"47.6605,-102.1616","46.2266,-116.8893",0.0,0,0.0,SUB_5,Express Stop Motel,1,-99.0,0.08,0,0.029312230751356333
mobile,iOS,Safari,"29.097,-82.1268","36.2697,-66.6451",0.0,0,0.0,SUB_1,BudgetInns Global,1,85.0,0.1,1,0.029312230751356333
mobile,iOS,Safari,"29.097,-82.1268","36.2697,-66.6451",0.0,0,0.0,SUB_2,Urban Stay Suites,2,180.0,0.12,1,0.029312230751356333
mobile,iOS,Safari,"29.097,-82.1268","36.2697,-66.6451",0.0,0,0.0,SUB_3,Grand Horizon Resorts,3,450.0,0.15,0,0.013386917827664779
mobile,iOS,Safari,"29.097,-82.1268","36.2697,-66.6451",0.0,0,0.0,SUB_4,EcoLodge Boutique,2,220.0,0.14,1,0.029312230751356333
mobile,iOS,Safari,"29.097,-82.1268","36.2697,-66.6451",0.0,0,0.0,SUB_5,Express Stop Motel,1,-99.0,0.08,0,0.013386917827664779
mobile,iOS,Chrome,"41.0705,-105.2464","46.6659,-114.2454",0.0,0,0.0,SUB_1,BudgetInns Global,1,85.0,0.1,1,0.016302499371440946
mobile,iOS,Chrome,"41.0705,-105.2464","46.6659,-114.2454",0.0,0,0.0,SUB_2,Urban Stay Suites,2,180.0,0.12,1,0.016302499371440946
mobile,iOS,Chrome,"41.0705,-105.2464","46.6659,-114.2454",0.0,0,0.0,SUB_3,Grand Horizon Resorts,3,450.0,0.15,0,0.007391541344281977
mobile,iOS,Chrome,"41.0705,-105.2464","46.6659,-114.2454",0.0,0,0.0,SUB_4,EcoLodge Boutique,2,220.0,0.14,1,0.016302499371440946
mobile,iOS,Chrome,"41.0705,-105.2464","46.6659,-114.2454",0.0,0,0.0,SUB_5,Express Stop Motel,1,-99.0,0.08,0,0.007391541344281977
mobile,Android,Chrome,"45.2465,-105.0571","54.6987,-116.1126",0.0,0,1.0,SUB_1,BudgetInns Global,1,85.0,0.1,1,0.045217473483287515
mobile,Android,Chrome,"45.2465,-105.0571","54.6987,-116.1126",0.0,0,1.0,SUB_2,Urban Stay Suites,2,180.0,0.12,1,0.045217473483287515
mobile,Android,Chrome,"45.2465,-105.0571","54.6987,-116.1126",0.0,0,1.0,SUB_3,Grand Horizon Resorts,3,450.0,0.15,0,0.02083634451868043
mobile,Android,Chrome,"45.2465,-105.0571","54.6987,-116.1126",0.0,0,1.0,SUB_4,EcoLodge Boutique,2,220.0,0.14,1,0.045217473483287515
mobile,Android,Chrome,"45.2465,-105.0571","54.6987,-116.1126",0.0,0,1.0,SUB_5,Express Stop Motel,1,-99.0,0.08,0,0.02083634451868043
mobile,Android,Chrome,"48.6849,-114.6471","60.0085,-100.3632",0.0,0,0.0,SUB_1,BudgetInns Global,1,85.0,0.1,1,0.029312230751356333
mobile,Android,Chrome,"48.6849,-114.6471","60.0085,-100.3632",0.0,0,0.0,SUB_2,Urban Stay Suites,2,180.0,0.12,1,0.029312230751356333
mobile,Android,Chrome,"48.6849,-114.6471","60.0085,-100.3632",0.0,0,0.0,SUB_3,Grand Horizon Resorts,3,450.0,0.15,0,0.013386917827664779
mobile,Android,Chrome,"48.6849,-114.6471","60.0085,-100.3632",0.0,0,0.0,SUB_4,EcoLodge Boutique,2,220.0,0.14,1,0.029312230751356333
mobile,Android,Chrome,"48.6849,-114.6471","60.0085,-100.3632",0.0,0,0.0,SUB_5,Express Stop Motel,1,-99.0,0.08,0,0.013386917827664779
desktop,macOS,Firefox,"33.4335,-97.9971","41.629,-85.3128",1.0,0,0.0,SUB_1,BudgetInns Global,1,85.0,0.1,1,0.06913842034334684
desktop,macOS,Firefox,"33.4335,-97.9971","41.629,-85.3128",1.0,0,0.0,SUB_2,Urban Stay Suites,2,180.0,0.12,1,0.06913842034334684
desktop,macOS,Firefox,"33.4335,-97.9971","41.629,-85.3128",1.0,0,0.0,SUB_3,Grand Horizon Resorts,3,450.0,0.15,0,0.13010847436299788
desktop,macOS,Firefox,"33.4335,-97.9971","41.629,-85.3128",1.0,0,0.0,SUB_4,EcoLodge Boutique,2,220.0,0.14,1,0.06913842034334684
desktop,macOS,Firefox,"33.4335,-97.9971","41.629,-85.3128",1.0,0,0.0,SUB_5,Express Stop Motel,1,-99.0,0.08,0,0.06913842034334684
desktop,Linux,Chrome,INVALID_COORD,"48.2721,-85.5805",0.0,0,0.0,SUB_1,BudgetInns Global,1,85.0,0.1,1,0.016302499371440946
desktop,Linux,Chrome,INVALID_COORD,"48.2721,-85.5805",0.0,0,0.0,SUB_2,Urban Stay Suites,2,180.0,0.12,1,0.016302499371440946
desktop,Linux,Chrome,INVALID_COORD,"48.2721,-85.5805",0.0,0,0.0,SUB_3,Grand Horizon Resorts,3,450.0,0.15,0,0.016302499371440946
desktop,Linux,Chrome,INVALID_COORD,"48.2721,-85.5805",0.0,0,0.0,SUB_4,EcoLodge Boutique,2,220.0,0.14,1,0.016302499371440946
desktop,Linux,Chrome,INVALID_COORD,"48.2721,-85.5805",0.0,0,0.0,SUB_5,Express Stop Motel,1,-99.0,0.08,0,0.016302499371440946
mobile,Android,Chrome,"38.4703,-72.989","24.422,-73.4194",0.0,0,1.0,SUB_1,BudgetInns Global,1,85.0,0.1,1,0.045217473483287515
mobile,Android,Chrome,"38.4703,-72.989","24.422,-73.4194",0.0,0,1.0,SUB_2,Urban Stay Suites,2,180.0,0.12,1,0.045217473483287515
mobile,Android,Chrome,"38.4703,-72.989","24.422,-73.4194",0.0,0,1.0,SUB_3,Grand Horizon Resorts,3,450.0,0.15,0,0.02083634451868043
mobile,Android,Chrome,"38.4703,-72.989","24.422,-73.4194",0.0,0,1.0,SUB_4,EcoLodge Boutique,2,220.0,0.14,1,0.045217473483287515
mobile,Android,Chrome,"38.4703,-72.989","24.422,-73.4194",0.0,0,1.0,SUB_5,Express Stop Motel,1,-99.0,0.08,0,0.02083634451868043
tablet,Android,Chrome,"0.0,0.0","27.5647,-101.1003",1.0,0,0.0,SUB_1,BudgetInns Global,1,85.0,0.1,1,0.06913842034334684
tablet,Android,Chrome,"0.0,0.0","27.5647,-101.1003",1.0,0,0.0,SUB_2,Urban Stay Suites,2,180.0,0.12,1,0.06913842034334684
tablet,Android,Chrome,"0.0,0.0","27.5647,-101.1003",1.0,0,0.0,SUB_3,Grand Horizon Resorts,3,450.0,0.15,0,0.06913842034334684
tablet,Android,Chrome,"0.0,0.0","27.5647,-101.1003",1.0,0,0.0,SUB_4,EcoLodge Boutique,2,220.0,0.14,1,0.06913842034334684
tablet,Android,Chrome,"0.0,0.0","27.5647,-101.1003",1.0,0,0.0,SUB_5,Express Stop Motel,1,-99.0,0.08,0,0.06913842034334684
desktop,macOS,Firefox,"42.25,-76.8432","28.3809,-93.7111",0.0,0,0.0,SUB_1,BudgetInns Global,1,85.0,0.1,1,0.029312230751356333
desktop,macOS,Firefox,"42.25,-76.8432","28.3809,-93.7111",0.0,0,0.0,SUB_2,Urban Stay Suites,2,180.0,0.12,1,0.029312230751356333
desktop,macOS,Firefox,"42.25,-76.8432","28.3809,-93.7111",0.0,0,0.0,SUB_3,Grand Horizon Resorts,3,450.0,0.15,0,0.057324175898868755
desktop,macOS,Firefox,"42.25,-76.8432","28.3809,-93.7111",0.0,0,0.0,SUB_4,EcoLodge Boutique,2,220.0,0.14,1,0.029312230751356333
desktop,macOS,Firefox,"42.25,-76.8432","28.3809,-93.7111",0.0,0,0.0,SUB_5,Express Stop Motel,1,-99.0,0.08,0,0.029312230751356333
mobile,Android,Samsung Internet,"42.2524,-78.8753","999.9999,-800.0000",0.0,0,0.0,SUB_1,BudgetInns Global,1,85.0,0.1,1,0.029312230751356333
mobile,Android,Samsung Internet,"42.2524,-78.8753","999.9999,-800.0000",0.0,0,0.0,SUB_2,Urban Stay Suites,2,180.0,0.12,1,0.029312230751356333
mobile,Android,Samsung Internet,"42.2524,-78.8753","999.9999,-800.0000",0.0,0,0.0,SUB_3,Grand Horizon Resorts,3,450.0,0.15,0,0.013386917827664779
mobile,Android,Samsung Internet,"42.2524,-78.8753","999.9999,-800.0000",0.0,0,0.0,SUB_4,EcoLodge Boutique,2,220.0,0.14,1,0.029312230751356333
mobile,Android,Samsung Internet,"42.2524,-78.8753","999.9999,-800.0000",0.0,0,0.0,SUB_5,Express Stop Motel,1,-99.0,0.08,0,0.013386917827664779
mobile,Android,Samsung Internet,"48.2652,-111.3328","42.8869,-127.399",0.0,0,,SUB_1,BudgetInns Global,1,85.0,0.1,1,0.029312230751356333
mobile,Android,Samsung Internet,"48.2652,-111.3328","42.8869,-127.399",0.0,0,,SUB_2,Urban Stay Suites,2,180.0,0.12,1,0.029312230751356333
mobile,Android,Samsung Internet,"48.2652,-111.3328","42.8869,-127.399",0.0,0,,SUB_3,Grand Horizon Resorts,3,450.0,0.15,0,0.013386917827664779
mobile,Android,Samsung Internet,"48.2652,-111.3328","42.8869,-127.399",0.0,0,,SUB_4,EcoLodge Boutique,2,220.0,0.14,1,0.029312230751356333
mobile,Android,Samsung Internet,"48.2652,-111.3328","42.8869,-127.399",0.0,0,,SUB_5,Express Stop Motel,1,-99.0,0.08,0,0.013386917827664779
mobile,iOS,Safari,"37.4328,-95.7091","39.3057,-97.7381",0.0,0,0.0,SUB_1,BudgetInns Global,1,85.0,0.1,1,0.016302499371440946
mobile,iOS,Safari,"37.4328,-95.7091","39.3057,-97.7381",0.0,0,0.0,SUB_2,Urban Stay Suites,2,180.0,0.12,1,0.016302499371440946
mobile,iOS,Safari,"37.4328,-95.7091","39.3057,-97.7381",0.0,0,0.0,SUB_3,Grand Horizon Resorts,3,450.0,0.15,0,0.007391541344281977
mobile,iOS,Safari,"37.4328,-95.7091","39.3057,-97.7381",0.0,0,0.0,SUB_4,EcoLodge Boutique,2,220.0,0.14,1,0.016302499371440946
mobile,iOS,Safari,"37.4328,-95.7091","39.3057,-97.7381",0.0,0,0.0,SUB_5,Express Stop Motel,1,-99.0,0.08,0,0.007391541344281977
mobile,iOS,Safari,"30.7563,-114.1538","24.1397,-96.5339",0.0,0,1.0,SUB_1,BudgetInns Global,1,85.0,0.1,1,0.045217473483287515
mobile,iOS,Safari,"30.7563,-114.1538","24.1397,-96.5339",0.0,0,1.0,SUB_2,Urban Stay Suites,2,180.0,0.12,1,0.045217473483287515
mobile,iOS,Safari,"30.7563,-114.1538","24.1397,-96.5339",0.0,0,1.0,SUB_3,Grand Horizon Resorts,3,450.0,0.15,0,0.02083634451868043
mobile,iOS,Safari,"30.7563,-114.1538","24.1397,-96.5339",0.0,0,1.0,SUB_4,EcoLodge Boutique,2,220.0,0.14,1,0.045217473483287515
mobile,iOS,Safari,"30.7563,-114.1538","24.1397,-96.5339",0.0,0,1.0,SUB_5,Express Stop Motel,1,-99.0,0.08,0,0.02083634451868043
mobile,iOS,Chrome,"26.1141,-85.8923","34.5891,-67.7789",1.0,0,0.0,SUB_1,BudgetInns Global,1,85.0,0.1,1,0.06913842034334684
mobile,iOS,Chrome,"26.1141,-85.8923","34.5891,-67.7789",1.0,0,0.0,SUB_2,Urban Stay Suites,2,180.0,0.12,1,0.06913842034334684
mobile,iOS,Chrome,"26.1141,-85.8923","34.5891,-67.7789",1.0,0,0.0,SUB_3,Grand Horizon Resorts,3,450.0,0.15,0,0.03229546469845053
mobile,iOS,Chrome,"26.1141,-85.8923","34.5891,-67.7789",1.0,0,0.0,SUB_4,EcoLodge Boutique,2,220.0,0.14,1,0.06913842034334684
mobile,iOS,Chrome,"26.1141,-85.8923","34.5891,-67.7789",1.0,0,0.0,SUB_5,Express Stop Motel,1,-99.0,0.08,0,0.03229546469845053
mobile,Android,Samsung Internet,"35.3911,-72.505","46.9862,-82.9317",0.0,0,1.0,SUB_1,BudgetInns Global,1,85.0,0.1,1,0.045217473483287515
mobile,Android,Samsung Internet,"35.3911,-72.505","46.9862,-82.9317",0.0,0,1.0,SUB_2,Urban Stay Suites,2,180.0,0.12,1,0.045217473483287515
mobile,Android,Samsung Internet,"35.3911,-72.505","46.9862,-82.9317",0.0,0,1.0,SUB_3,Grand Horizon Resorts,3,450.0,0.15,0,0.02083634451868043
mobile,Android,Samsung Internet,"35.3911,-72.505","46.9862,-82.9317",0.0,0,1.0,SUB_4,EcoLodge Boutique,2,220.0,0.14,1,0.045217473483287515
mobile,Android,Samsung Internet,"35.3911,-72.505","46.9862,-82.9317",0.0,0,1.0,SUB_5,Express Stop Motel,1,-99.0,0.08,0,0.02083634451868043
mobile,iOS,Safari,"32.5479,-113.1455","29.5072,-108.181",0.0,0,0.0,SUB_1,BudgetInns Global,1,85.0,0.1,1,0.016302499371440946
mobile,iOS,Safari,"32.5479,-113.1455","29.5072,-108.181",0.0,0,0.0,SUB_2,Urban Stay Suites,2,180.0,0.12,1,0.016302499371440946
mobile,iOS,Safari,"32.5479,-113.1455","29.5072,-108.181",0.0,0,0.0,SUB_3,Grand Horizon Resorts,3,450.0,0.15,0,0.007391541344281977
mobile,iOS,Safari,"32.5479,-113.1455","29.5072,-108.181",0.0,0,0.0,SUB_4,EcoLodge Boutique,2,220.0,0.14,1,0.016302499371440946
mobile,iOS,Safari,"32.5479,-113.1455","29.5072,-108.181",0.0,0,0.0,SUB_5,Express Stop Motel,1,-99.0,0.08,0,0.007391541344281977
mobile,iOS,,"44.0272,-83.3058","54.9149,-84.3427",0.0,0,0.0,SUB_1,BudgetInns Global,1,85.0,0.1,1,0.029312230751356333
mobile,iOS,,"44.0272,-83.3058","54.9149,-84.3427",0.0,0,0.0,SUB_2,Urban Stay Suites,2,180.0,0.12,1,0.029312230751356333
mobile,iOS,,"44.0272,-83.3058","54.9149,-84.3427",0.0,0,0.0,SUB_3,Grand Horizon Resorts,3,450.0,0.15,0,0.013386917827664779
mobile,iOS,,"44.0272,-83.3058","54.9149,-84.3427",0.0,0,0.0,SUB_4,EcoLodge Boutique,2,220.0,0.14,1,0.029312230751356333
mobile,iOS,,"44.0272,-83.3058","54.9149,-84.3427",0.0,0,0.0,SUB_5,Express Stop Motel,1,-99.0,0.08,0,0.013386917827664779
desktop,macOS,Chrome,"33.8567,-88.3881","26.869,-73.3607",0.0,0,0.0,SUB_1,BudgetInns Global,1,85.0,0.1,1,0.029312230751356333
desktop,macOS,Chrome,"33.8567,-88.3881","26.869,-73.3607",0.0,0,0.0,SUB_2,Urban Stay Suites,2,180.0,0.12,1,0.029312230751356333
desktop,macOS,Chrome,"33.8567,-88.3881","26.869,-73.3607",0.0,0,0.0,SUB_3,Grand Horizon Resorts,3,450.0,0.15,0,0.057324175898868755
desktop,macOS,Chrome,"33.8567,-88.3881","26.869,-73.3607",0.0,0,0.0,SUB_4,EcoLodge Boutique,2,220.0,0.14,1,0.029312230751356333
desktop,macOS,Chrome,"33.8567,-88.3881","26.869,-73.3607",0.0,0,0.0,SUB_5,Express Stop Motel,1,-99.0,0.08,0,0.029312230751356333
mobile,Android,Samsung Internet,"48.7268,-90.8197","49.7666,-99.9625",0.0,0,0.0,SUB_1,BudgetInns Global,1,85.0,0.1,1,0.016302499371440946
mobile,Android,Samsung Internet,"48.7268,-90.8197","49.7666,-99.9625",0.0,0,0.0,SUB_2,Urban Stay Suites,2,180.0,0.12,1,0.016302499371440946
mobile,Android,Samsung Internet,"48.7268,-90.8197","49.7666,-99.9625",0.0,0,0.0,SUB_3,Grand Horizon Resorts,3,450.0,0.15,0,0.007391541344281977
mobile,Android,Samsung Internet,"48.7268,-90.8197","49.7666,-99.9625",0.0,0,0.0,SUB_4,EcoLodge Boutique,2,220.0,0.14,1,0.016302499371440946
mobile,Android,Samsung Internet,"48.7268,-90.8197","49.7666,-99.9625",0.0,0,0.0,SUB_5,Express Stop Motel,1,-99.0,0.08,0,0.007391541344281977
mobile,Android,Samsung Internet,"49.0578,-100.494","59.8206,-120.3459",0.0,0,0.0,SUB_1,BudgetInns Global,1,85.0,0.1,1,0.029312230751356333
mobile,Android,Samsung Internet,"49.0578,-100.494","59.8206,-120.3459",0.0,0,0.0,SUB_2,Urban Stay Suites,2,180.0,0.12,1,0.029312230751356333
mobile,Android,Samsung Internet,"49.0578,-100.494","59.8206,-120.3459",0.0,0,0.0,SUB_3,Grand Horizon Resorts,3,450.0,0.15,0,0.013386917827664779
mobile,Android,Samsung Internet,"49.0578,-100.494","59.8206,-120.3459",0.0,0,0.0,SUB_4,EcoLodge Boutique,2,220.0,0.14,1,0.029312230751356333
mobile,Android,Samsung Internet,"49.0578,-100.494","59.8206,-120.3459",0.0,0,0.0,SUB_5,Express Stop Motel,1,-99.0,0.08,0,0.013386917827664779
mobile,iOS,Safari,"40.5227,-102.2434","35.2991,-115.741",0.0,0,0.0,SUB_1,BudgetInns Global,1,85.0,0.1,1,0.029312230751356333
mobile,iOS,Safari,"40.5227,-102.2434","35.2991,-115.741",0.0,0,0.0,SUB_2,Urban Stay Suites,2,180.0,0.12,1,0.029312230751356333
mobile,iOS,Safari,"40.5227,-102.2434","35.2991,-115.741",0.0,0,0.0,SUB_3,Grand Horizon Resorts,3,450.0,0.15,0,0.013386917827664779
mobile,iOS,Safari,"40.5227,-102.2434","35.2991,-115.741",0.0,0,0.0,SUB_4,EcoLodge Boutique,2,220.0,0.14,1,0.029312230751356333
mobile,iOS,Safari,"40.5227,-102.2434","35.2991,-115.741",0.0,0,0.0,SUB_5,Express Stop Motel,1,-99.0,0.08,0,0.013386917827664779
tablet,iOS,Chrome,"48.2165,-117.7375","61.8378,-123.7566",1.0,1,0.0,SUB_1,BudgetInns Global,1,85.0,0.1,1,0.06913842034334684
tablet,iOS,Chrome,"48.2165,-117.7375","61.8378,-123.7566",1.0,0,0.0,SUB_2,Urban Stay Suites,2,180.0,0.12,1,0.06913842034334684
tablet,iOS,Chrome,"48.2165,-117.7375","61.8378,-123.7566",1.0,0,0.0,SUB_3,Grand Horizon Resorts,3,450.0,0.15,0,0.06913842034334684
tablet,iOS,Chrome,"48.2165,-117.7375","61.8378,-123.7566",1.0,0,0.0,SUB_4,EcoLodge Boutique,2,220.0,0.14,1,0.06913842034334684
tablet,iOS,Chrome,"48.2165,-117.7375","61.8378,-123.7566",1.0,0,0.0,SUB_5,Express Stop Motel,1,-99.0,0.08,0,0.06913842034334684
mobile,Android, chrome ,"44.0214,-109.1046","32.6778,-116.4758",0.0,0,0.0,SUB_1,BudgetInns Global,1,85.0,0.1,1,0.029312230751356333
mobile,Android, chrome ,"44.0214,-109.1046","32.6778,-116.4758",0.0,0,0.0,SUB_2,Urban Stay Suites,2,180.0,0.12,1,0.029312230751356333
mobile,Android, chrome ,"44.0214,-109.1046","32.6778,-116.4758",0.0,0,0.0,SUB_3,Grand Horizon Resorts,3,450.0,0.15,0,0.013386917827664779
mobile,Android, chrome ,"44.0214,-109.1046","32.6778,-116.4758",0.0,0,0.0,SUB_4,EcoLodge Boutique,2,220.0,0.14,1,0.029312230751356333
mobile,Android, chrome ,"44.0214,-109.1046","32.6778,-116.4758",0.0,0,0.0,SUB_5,Express Stop Motel,1,-99.0,0.08,0,0.013386917827664779
mobile,Android,Samsung Internet,"38.6715,-119.2412","24.2198,-107.5867",0.0,0,1.0,SUB_1,BudgetInns Global,1,85.0,0.1,1,0.045217473483287515
mobile,Android,Samsung Internet,"38.6715,-119.2412","24.2198,-107.5867",0.0,0,1.0,SUB_2,Urban Stay Suites,2,180.0,0.12,1,0.045217473483287515
mobile,Android,Samsung Internet,"38.6715,-119.2412","24.2198,-107.5867",0.0,0,1.0,SUB_3,Grand Horizon Resorts,3,450.0,0.15,0,0.02083634451868043
mobile,Android,Samsung Internet,"38.6715,-119.2412","24.2198,-107.5867",0.0,0,1.0,SUB_4,EcoLodge Boutique,2,220.0,0.14,1,0.045217473483287515
mobile,Android,Samsung Internet,"38.6715,-119.2412","24.2198,-107.5867",0.0,0,1.0,SUB_5,Express Stop Motel,1,-99.0,0.08,0,0.02083634451868043
tablet,iOS,Safari,"29.5077,-90.9291","41.6318,-83.7067",1.0,0,0.0,SUB_1,BudgetInns Global,1,85.0,0.1,1,0.06913842034334684
tablet,iOS,Safari,"29.5077,-90.9291","41.6318,-83.7067",1.0,0,0.0,SUB_2,Urban Stay Suites,2,180.0,0.12,1,0.06913842034334684
tablet,iOS,Safari,"29.5077,-90.9291","41.6318,-83.7067",1.0,0,0.0,SUB_3,Grand Horizon Resorts,3,450.0,0.15,0,0.06913842034334684
tablet,iOS,Safari,"29.5077,-90.9291","41.6318,-83.7067",1.0,0,0.0,SUB_4,EcoLodge Boutique,2,220.0,0.14,1,0.06913842034334684
tablet,iOS,Safari,"29.5077,-90.9291","41.6318,-83.7067",1.0,0,0.0,SUB_5,Express Stop Motel,1,-99.0,0.08,0,0.06913842034334684
desktop,Windows,Edge,"36.4649,-114.7073","23.5244,-122.725",0.0,0,0.0,SUB_1,BudgetInns Global,1,85.0,0.1,1,0.029312230751356333
desktop,Windows,Edge,"36.4649,-114.7073","23.5244,-122.725",0.0,0,0.0,SUB_2,Urban Stay Suites,2,180.0,0.12,1,0.029312230751356333
desktop,Windows,Edge,"36.4649,-114.7073","23.5244,-122.725",0.0,0,0.0,SUB_3,Grand Horizon Resorts,3,450.0,0.15,0,0.029312230751356333
desktop,Windows,Edge,"36.4649,-114.7073","23.5244,-122.725",0.0,0,0.0,SUB_4,EcoLodge Boutique,2,220.0,0.14,1,0.029312230751356333
desktop,Windows,Edge,"36.4649,-114.7073","23.5244,-122.725",0.0,0,0.0,SUB_5,Express Stop Motel,1,-99.0,0.08,0,0.029312230751356333
desktop,macOS,Firefox,"39.0219,-76.349","53.7786,-78.0392",0.0,0,0.0,SUB_1,BudgetInns Global,1,85.0,0.1,1,0.029312230751356333
desktop,macOS,Firefox,"39.0219,-76.349","53.7786,-78.0392",0.0,0,0.0,SUB_2,Urban Stay Suites,2,180.0,0.12,1,0.029312230751356333
desktop,macOS,Firefox,"39.0219,-76.349","53.7786,-78.0392",0.0,0,0.0,SUB_3,Grand Horizon Resorts,3,450.0,0.15,0,0.057324175898868755
desktop,macOS,Firefox,"39.0219,-76.349","53.7786,-78.0392",0.0,0,0.0,SUB_4,EcoLodge Boutique,2,220.0,0.14,1,0.029312230751356333
desktop,macOS,Firefox,"39.0219,-76.349","53.7786,-78.0392",0.0,0,0.0,SUB_5,Express Stop Motel,1,-99.0,0.08,0,0.029312230751356333
mobile,iOS,Safari,"46.599,-93.8428","60.1409,-110.0204",0.0,0,0.0,SUB_1,BudgetInns Global,1,85.0,0.1,1,0.029312230751356333
mobile,iOS,Safari,"46.599,-93.8428","60.1409,-110.0204",0.0,0,0.0,SUB_2,Urban Stay Suites,2,180.0,0.12,1,0.029312230751356333
mobile,iOS,Safari,"46.599,-93.8428","60.1409,-110.0204",0.0,0,0.0,SUB_3,Grand Horizon Resorts,3,450.0,0.15,0,0.013386917827664779
mobile,iOS,Safari,"46.599,-93.8428","60.1409,-110.0204",0.0,0,0.0,SUB_4,EcoLodge Boutique,2,220.0,0.14,1,0.029312230751356333
mobile,iOS,Safari,"46.599,-93.8428","60.1409,-110.0204",0.0,0,0.0,SUB_5,Express Stop Motel,1,-99.0,0.08,0,0.013386917827664779
mobile,Android,Samsung Internet,INVALID_COORD,"26.1439,-69.0896",0.0,0,0.0,SUB_1,BudgetInns Global,1,85.0,0.1,1,0.016302499371440946
mobile,Android,Samsung Internet,INVALID_COORD,"26.1439,-69.0896",0.0,0,0.0,SUB_2,Urban Stay Suites,2,180.0,0.12,1,0.016302499371440946
mobile,Android,Samsung Internet,INVALID_COORD,"26.1439,-69.0896",0.0,0,0.0,SUB_3,Grand Horizon Resorts,3,450.0,0.15,0,0.007391541344281977
mobile,Android,Samsung Internet,INVALID_COORD,"26.1439,-69.0896",0.0,0,0.0,SUB_4,EcoLodge Boutique,2,220.0,0.14,1,0.016302499371440946
mobile,Android,Samsung Internet,INVALID_COORD,"26.1439,-69.0896",0.0,0,0.0,SUB_5,Express Stop Motel,1,-99.0,0.08,0,0.007391541344281977
desktop,Windows,Edge,"47.4419,-99.4571","48.5694,-82.0401",0.0,0,1.0,SUB_1,BudgetInns Global,1,85.0,0.1,1,0.045217473483287515
desktop,Windows,Edge,"47.4419,-99.4571","48.5694,-82.0401",0.0,0,1.0,SUB_2,Urban Stay Suites,2,180.0,0.12,1,0.045217473483287515
desktop,Windows,Edge,"47.4419,-99.4571","48.5694,-82.0401",0.0,1,1.0,SUB_3,Grand Horizon Resorts,3,450.0,0.15,0,0.045217473483287515
desktop,Windows,Edge,"47.4419,-99.4571","48.5694,-82.0401",0.0,0,1.0,SUB_4,EcoLodge Boutique,2,220.0,0.14,1,0.045217473483287515
desktop,Windows,Edge,"47.4419,-99.4571","48.5694,-82.0401",0.0,0,1.0,SUB_5,Express Stop Motel,1,-99.0,0.08,0,0.045217473483287515
tablet,iOS,Chrome,"41.8587,-91.971","32.4063,-72.7789",0.0,0,0.0,SUB_1,BudgetInns Global,1,85.0,0.1,1,0.029312230751356333
tablet,iOS,Chrome,"41.8587,-91.971","32.4063,-72.7789",0.0,0,0.0,SUB_2,Urban Stay Suites,2,180.0,0.12,1,0.029312230751356333
tablet,iOS,Chrome,"41.8587,-91.971","32.4063,-72.7789",0.0,0,0.0,SUB_3,Grand Horizon Resorts,3,450.0,0.15,0,0.029312230751356333
tablet,iOS,Chrome,"41.8587,-91.971","32.4063,-72.7789",0.0,0,0.0,SUB_4,EcoLodge Boutique,2,220.0,0.14,1,0.029312230751356333
tablet,iOS,Chrome,"41.8587,-91.971","32.4063,-72.7789",0.0,1,0.0,SUB_5,Express Stop Motel,1,-99.0,0.08,0,0.029312230751356333
desktop,Windows,Chrome,"28.425,-72.867","26.2697,-58.1249",0.0,0,0.0,SUB_1,BudgetInns Global,1,85.0,0.1,1,0.029312230751356333
desktop,Windows,Chrome,"28.425,-72.867","26.2697,-58.1249",0.0,0,0.0,SUB_2,Urban Stay Suites,2,180.0,0.12,1,0.029312230751356333
desktop,Windows,Chrome,"28.425,-72.867","26.2697,-58.1249",0.0,0,0.0,SUB_3,Grand Horizon Resorts,3,450.0,0.15,0,0.029312230751356333
desktop,Windows,Chrome,"28.425,-72.867","26.2697,-58.1249",0.0,0,0.0,SUB_4,EcoLodge Boutique,2,220.0,0.14,1,0.029312230751356333
desktop,Windows,Chrome,"28.425,-72.867","26.2697,-58.1249",0.0,0,0.0,SUB_5,Express Stop Motel,1,-99.0,0.08,0,0.029312230751356333
desktop,Windows,Chrome,"49.8745,-115.8633","36.7173,-128.9049",0.0,0,0.0,SUB_1,BudgetInns Global,1,85.0,0.1,1,0.029312230751356333
desktop,Windows,Chrome,"49.8745,-115.8633","36.7173,-128.9049",0.0,0,0.0,SUB_2,Urban Stay Suites,2,180.0,0.12,1,0.029312230751356333
desktop,Windows,Chrome,"49.8745,-115.8633","36.7173,-128.9049",0.0,0,0.0,SUB_3,Grand Horizon Resorts,3,450.0,0.15,0,0.029312230751356333
desktop,Windows,Chrome,"49.8745,-115.8633","36.7173,-128.9049",0.0,0,0.0,SUB_4,EcoLodge Boutique,2,220.0,0.14,1,0.029312230751356333
desktop,Windows,Chrome,"49.8745,-115.8633","36.7173,-128.9049",0.0,0,0.0,SUB_5,Express Stop Motel,1,-99.0,0.08,0,0.029312230751356333
mobile,Android,Samsung Internet,"38.1808,-107.3031","29.8985,-125.4552",0.0,0,0.0,SUB_1,BudgetInns Global,1,85.0,0.1,1,0.029312230751356333
mobile,Android,Samsung Internet,"38.1808,-107.3031","29.8985,-125.4552",0.0,0,0.0,SUB_2,Urban Stay Suites,2,180.0,0.12,1,0.029312230751356333
mobile,Android,Samsung Internet,"38.1808,-107.3031","29.8985,-125.4552",0.0,0,0.0,SUB_3,Grand Horizon Resorts,3,450.0,0.15,0,0.013386917827664779
mobile,Android,Samsung Internet,"38.1808,-107.3031","29.8985,-125.4552",0.0,0,0.0,SUB_4,EcoLodge Boutique,2,220.0,0.14,1,0.029312230751356333
mobile,Android,Samsung Internet,"38.1808,-107.3031","29.8985,-125.4552",0.0,0,0.0,SUB_5,Express Stop Motel,1,-99.0,0.08,0,0.013386917827664779
desktop,macOS,Safari,"34.7965,-81.0006","30.6947,-77.8167",0.0,0,0.0,SUB_1,BudgetInns Global,1,85.0,0.1,1,0.016302499371440946
desktop,macOS,Safari,"34.7965,-81.0006","30.6947,-77.8167",0.0,0,0.0,SUB_2,Urban Stay Suites,2,180.0,0.12,1,0.016302499371440946
desktop,macOS,Safari,"34.7965,-81.0006","30.6947,-77.8167",0.0,0,0.0,SUB_3,Grand Horizon Resorts,3,450.0,0.15,0,0.03229546469845053
desktop,macOS,Safari,"34.7965,-81.0006","30.6947,-77.8167",0.0,0,0.0,SUB_4,EcoLodge Boutique,2,220.0,0.14,1,0.016302499371440946
desktop,macOS,Safari,"34.7965,-81.0006","30.6947,-77.8167",0.0,0,0.0,SUB_5,Express Stop Motel,1,-99.0,0.08,0,0.016302499371440946
mobile,iOS,,"41.4778,-115.0631","39.6372,-98.5589",1.0,0,0.0,SUB_1,BudgetInns Global,1,85.0,0.1,1,0.06913842034334684
mobile,iOS,,"41.4778,-115.0631","39.6372,-98.5589",1.0,0,0.0,SUB_2,Urban Stay Suites,2,180.0,0.12,1,0.06913842034334684
mobile,iOS,,"41.4778,-115.0631","39.6372,-98.5589",1.0,0,0.0,SUB_3,Grand Horizon Resorts,3,450.0,0.15,0,0.03229546469845053
mobile,iOS,,"41.4778,-115.0631","39.6372,-98.5589",1.0,0,0.0,SUB_4,EcoLodge Boutique,2,220.0,0.14,1,0.06913842034334684
mobile,iOS,,"41.4778,-115.0631","39.6372,-98.5589",1.0,0,0.0,SUB_5,Express Stop Motel,1,-99.0,0.08,0,0.03229546469845053
mobile,iOS,Safari,"27.7223,-116.2169","42.0472,-129.1228",1.0,1,0.0,SUB_1,BudgetInns Global,1,85.0,0.1,1,0.06913842034334684
mobile,iOS,Safari,"27.7223,-116.2169","42.0472,-129.1228",1.0,0,0.0,SUB_2,Urban Stay Suites,2,180.0,0.12,1,0.06913842034334684
mobile,iOS,Safari,"27.7223,-116.2169","42.0472,-129.1228",1.0,0,0.0,SUB_3,Grand Horizon Resorts,3,450.0,0.15,0,0.03229546469845053
mobile,iOS,Safari,"27.7223,-116.2169","42.0472,-129.1228",1.0,0,0.0,SUB_4,EcoLodge Boutique,2,220.0,0.14,1,0.06913842034334684
mobile,iOS,Safari,"27.7223,-116.2169","42.0472,-129.1228",1.0,0,0.0,SUB_5,Express Stop Motel,1,-99.0,0.08,0,0.03229546469845053
mobile,iOS,Chrome,"40.9135,-101.9229","50.1495,-121.6412",1.0,0,0.0,SUB_1,BudgetInns Global,1,85.0,0.1,1,0.06913842034334684
mobile,iOS,Chrome,"40.9135,-101.9229","50.1495,-121.6412",1.0,0,0.0,SUB_2,Urban Stay Suites,2,180.0,0.12,1,0.06913842034334684
mobile,iOS,Chrome,"40.9135,-101.9229","50.1495,-121.6412",1.0,0,0.0,SUB_3,Grand Horizon Resorts,3,450.0,0.15,0,0.03229546469845053
mobile,iOS,Chrome,"40.9135,-101.9229","50.1495,-121.6412",1.0,0,0.0,SUB_4,EcoLodge Boutique,2,220.0,0.14,1,0.06913842034334684
mobile,iOS,Chrome,"40.9135,-101.9229","50.1495,-121.6412",1.0,0,0.0,SUB_5,Express Stop Motel,1,-99.0,0.08,0,0.03229546469845053
mobile,iOS,Safari,"37.4559,-115.3916","44.5782,-103.1718",0.0,0,,SUB_1,BudgetInns Global,1,85.0,0.1,1,0.029312230751356333
mobile,iOS,Safari,"37.4559,-115.3916","44.5782,-103.1718",0.0,0,,SUB_2,Urban Stay Suites,2,180.0,0.12,1,0.029312230751356333
mobile,iOS,Safari,"37.4559,-115.3916","44.5782,-103.1718",0.0,0,,SUB_3,Grand Horizon Resorts,3,450.0,0.15,0,0.013386917827664779
mobile,iOS,Safari,"37.4559,-115.3916","44.5782,-103.1718",0.0,0,,SUB_4,EcoLodge Boutique,2,220.0,0.14,1,0.029312230751356333
mobile,iOS,Safari,"37.4559,-115.3916","44.5782,-103.1718",0.0,0,,SUB_5,Express Stop Motel,1,-99.0,0.08,0,0.013386917827664779
mobile,iOS,Chrome,"35.1669,-90.7461","36.2781,-107.6743",0.0,0,0.0,SUB_1,BudgetInns Global,1,85.0,0.1,1,0.029312230751356333
mobile,iOS,Chrome,"35.1669,-90.7461","36.2781,-107.6743",0.0,0,0.0,SUB_2,Urban Stay Suites,2,180.0,0.12,1,0.029312230751356333
mobile,iOS,Chrome,"35.1669,-90.7461","36.2781,-107.6743",0.0,0,0.0,SUB_3,Grand Horizon Resorts,3,450.0,0.15,0,0.013386917827664779
mobile,iOS,Chrome,"35.1669,-90.7461","36.2781,-107.6743",0.0,0,0.0,SUB_4,EcoLodge Boutique,2,220.0,0.14,1,0.029312230751356333
mobile,iOS,Chrome,"35.1669,-90.7461","36.2781,-107.6743",0.0,0,0.0,SUB_5,Express Stop Motel,1,-99.0,0.08,0,0.013386917827664779
mobile,Android,Chrome,"48.8255,-108.6862","59.0254,-112.138",0.0,0,0.0,SUB_1,BudgetInns Global,1,85.0,0.1,1,0.029312230751356333
mobile,Android,Chrome,"48.8255,-108.6862","59.0254,-112.138",0.0,0,0.0,SUB_2,Urban Stay Suites,2,180.0,0.12,1,0.029312230751356333
mobile,Android,Chrome,"48.8255,-108.6862","59.0254,-112.138",0.0,0,0.0,SUB_3,Grand Horizon Resorts,3,450.0,0.15,0,0.013386917827664779
mobile,Android,Chrome,"48.8255,-108.6862","59.0254,-112.138",0.0,0,0.0,SUB_4,EcoLodge Boutique,2,220.0,0.14,1,0.029312230751356333
mobile,Android,Chrome,"48.8255,-108.6862","59.0254,-112.138",0.0,0,0.0,SUB_5,Express Stop Motel,1,-99.0,0.08,0,0.013386917827664779
desktop,Windows,Chrome,"38.0635,-75.2151","33.2432,-68.0596",0.0,0,1.0,SUB_1,BudgetInns Global,1,85.0,0.1,1,0.025332703226871745
desktop,Windows,Chrome,"38.0635,-75.2151","33.2432,-68.0596",0.0,0,1.0,SUB_2,Urban Stay Suites,2,180.0,0.12,1,0.025332703226871745
desktop,Windows,Chrome,"38.0635,-75.2151","33.2432,-68.0596",0.0,1,1.0,SUB_3,Grand Horizon Resorts,3,450.0,0.15,0,0.025332703226871745
desktop,Windows,Chrome,"38.0635,-75.2151","33.2432,-68.0596",0.0,0,1.0,SUB_4,EcoLodge Boutique,2,220.0,0.14,1,0.025332703226871745
desktop,Windows,Chrome,"38.0635,-75.2151","33.2432,-68.0596",0.0,0,1.0,SUB_5,Express Stop Motel,1,-99.0,0.08,0,0.025332703226871745
mobile,iOS,Chrome,"30.4779,-80.825","36.7449,-91.3531",0.0,0,0.0,SUB_1,BudgetInns Global,1,85.0,0.1,1,0.029312230751356333
mobile,iOS,Chrome,"30.4779,-80.825","36.7449,-91.3531",0.0,0,0.0,SUB_2,Urban Stay Suites,2,180.0,0.12,1,0.029312230751356333
mobile,iOS,Chrome,"30.4779,-80.825","36.7449,-91.3531",0.0,0,0.0,SUB_3,Grand Horizon Resorts,3,450.0,0.15,0,0.013386917827664779
mobile,iOS,Chrome,"30.4779,-80.825","36.7449,-91.3531",0.0,0,0.0,SUB_4,EcoLodge Boutique,2,220.0,0.14,1,0.029312230751356333
mobile,iOS,Chrome,"30.4779,-80.825","36.7449,-91.3531",0.0,0,0.0,SUB_5,Express Stop Motel,1,-99.0,0.08,0,0.013386917827664779
desktop,Linux,Chrome,"36.4741,-85.0147","51.2876,-101.6562",0.0,0,1.0,SUB_1,BudgetInns Global,1,85.0,0.1,1,0.045217473483287515
desktop,Linux,Chrome,"36.4741,-85.0147","51.2876,-101.6562",0.0,0,1.0,SUB_2,Urban Stay Suites,2,180.0,0.12,1,0.045217473483287515
desktop,Linux,Chrome,"36.4741,-85.0147","51.2876,-101.6562",0.0,0,1.0,SUB_3,Grand Horizon Resorts,3,450.0,0.15,0,0.045217473483287515
desktop,Linux,Chrome,"36.4741,-85.0147","51.2876,-101.6562",0.0,0,1.0,SUB_4,EcoLodge Boutique,2,220.0,0.14,1,0.045217473483287515
desktop,Linux,Chrome,"36.4741,-85.0147","51.2876,-101.6562",0.0,0,1.0,SUB_5,Express Stop Motel,1,-99.0,0.08,0,0.045217473483287515
mobile,iOS,Safari,"47.9847,-89.1528","42.4236,-78.352",0.0,0,0.0,SUB_1,BudgetInns Global,1,85.0,0.1,1,0.029312230751356333
mobile,iOS,Safari,"47.9847,-89.1528","42.4236,-78.352",0.0,0,0.0,SUB_2,Urban Stay Suites,2,180.0,0.12,1,0.029312230751356333
mobile,iOS,Safari,"47.9847,-89.1528","42.4236,-78.352",0.0,0,0.0,SUB_3,Grand Horizon Resorts,3,450.0,0.15,0,0.013386917827664779
mobile,iOS,Safari,"47.9847,-89.1528","42.4236,-78.352",0.0,0,0.0,SUB_4,EcoLodge Boutique,2,220.0,0.14,1,0.029312230751356333
mobile,iOS,Safari,"47.9847,-89.1528","42.4236,-78.352",0.0,0,0.0,SUB_5,Express Stop Motel,1,-99.0,0.08,0,0.013386917827664779
mobile,iOS,,"29.4024,-76.8267","34.6229,-71.6197",0.0,0,0.0,SUB_1,BudgetInns Global,1,85.0,0.1,1,0.016302499371440946
mobile,iOS,,"29.4024,-76.8267","34.6229,-71.6197",0.0,0,0.0,SUB_2,Urban Stay Suites,2,180.0,0.12,1,0.016302499371440946
mobile,iOS,,"29.4024,-76.8267","34.6229,-71.6197",0.0,0,0.0,SUB_3,Grand Horizon Resorts,3,450.0,0.15,0,0.007391541344281977
mobile,iOS,,"29.4024,-76.8267","34.6229,-71.6197",0.0,0,0.0,SUB_4,EcoLodge Boutique,2,220.0,0.14,1,0.016302499371440946
mobile,iOS,,"29.4024,-76.8267","34.6229,-71.6197",0.0,0,0.0,SUB_5,Express Stop Motel,1,-99.0,0.08,0,0.007391541344281977
mobile,Android,Samsung Internet,"30.3489,-108.8469","40.6783,-89.3073",1.0,0,0.0,SUB_1,BudgetInns Global,1,85.0,0.1,1,0.06913842034334684
mobile,Android,Samsung Internet,"30.3489,-108.8469","40.6783,-89.3073",1.0,0,0.0,SUB_2,Urban Stay Suites,2,180.0,0.12,1,0.06913842034334684
mobile,Android,Samsung Internet,"30.3489,-108.8469","40.6783,-89.3073",1.0,0,0.0,SUB_3,Grand Horizon Resorts,3,450.0,0.15,0,0.03229546469845053
mobile,Android,Samsung Internet,"30.3489,-108.8469","40.6783,-89.3073",1.0,0,0.0,SUB_4,EcoLodge Boutique,2,220.0,0.14,1,0.06913842034334684
mobile,Android,Samsung Internet,"30.3489,-108.8469","40.6783,-89.3073",1.0,0,0.0,SUB_5,Express Stop Motel,1,-99.0,0.08,0,0.03229546469845053
mobile,iOS,UNKNOWN_BROWSER,"25.3257,-76.3446","37.7999,-82.5723",0.0,0,0.0,SUB_1,BudgetInns Global,1,85.0,0.1,1,0.029312230751356333
mobile,iOS,UNKNOWN_BROWSER,"25.3257,-76.3446","37.7999,-82.5723",0.0,0,0.0,SUB_2,Urban Stay Suites,2,180.0,0.12,1,0.029312230751356333
mobile,iOS,UNKNOWN_BROWSER,"25.3257,-76.3446","37.7999,-82.5723",0.0,0,0.0,SUB_3,Grand Horizon Resorts,3,450.0,0.15,0,0.013386917827664779
mobile,iOS,UNKNOWN_BROWSER,"25.3257,-76.3446","37.7999,-82.5723",0.0,0,0.0,SUB_4,EcoLodge Boutique,2,220.0,0.14,1,0.029312230751356333
mobile,iOS,UNKNOWN_BROWSER,"25.3257,-76.3446","37.7999,-82.5723",0.0,0,0.0,SUB_5,Express Stop Motel,1,-99.0,0.08,0,0.013386917827664779
mobile,Android,Samsung Internet,"25.3548,-80.5254","31.8928,-98.0549",0.0,0,0.0,SUB_1,BudgetInns Global,1,85.0,0.1,1,0.029312230751356333
mobile,Android,Samsung Internet,"25.3548,-80.5254","31.8928,-98.0549",0.0,0,0.0,SUB_2,Urban Stay Suites,2,180.0,0.12,1,0.029312230751356333
mobile,Android,Samsung Internet,"25.3548,-80.5254","31.8928,-98.0549",0.0,0,0.0,SUB_3,Grand Horizon Resorts,3,450.0,0.15,0,0.013386917827664779
mobile,Android,Samsung Internet,"25.3548,-80.5254","31.8928,-98.0549",0.0,0,0.0,SUB_4,EcoLodge Boutique,2,220.0,0.14,1,0.029312230751356333
mobile,Android,Samsung Internet,"25.3548,-80.5254","31.8928,-98.0549",0.0,0,0.0,SUB_5,Express Stop Motel,1,-99.0,0.08,0,0.013386917827664779
mobile,Android,Samsung Internet,"45.7348,-82.592","39.243,-73.218",0.0,0,0.0,SUB_1,BudgetInns Global,1,85.0,0.1,1,0.029312230751356333
mobile,Android,Samsung Internet,"45.7348,-82.592","39.243,-73.218",0.0,0,0.0,SUB_2,Urban Stay Suites,2,180.0,0.12,1,0.029312230751356333
mobile,Android,Samsung Internet,"45.7348,-82.592","39.243,-73.218",0.0,0,0.0,SUB_3,Grand Horizon Resorts,3,450.0,0.15,0,0.013386917827664779
mobile,Android,Samsung Internet,"45.7348,-82.592","39.243,-73.218",0.0,0,0.0,SUB_4,EcoLodge Boutique,2,220.0,0.14,1,0.029312230751356333
mobile,Android,Samsung Internet,"45.7348,-82.592","39.243,-73.218",0.0,0,0.0,SUB_5,Express Stop Motel,1,-99.0,0.08,0,0.013386917827664779
mobile,Android,Samsung Internet,"43.3031,-91.9372","38.0916,-91.0679",0.0,0,0.0,SUB_1,BudgetInns Global,1,85.0,0.1,1,0.016302499371440946
mobile,Android,Samsung Internet,"43.3031,-91.9372","38.0916,-91.0679",0.0,0,0.0,SUB_2,Urban Stay Suites,2,180.0,0.12,1,0.016302499371440946
mobile,Android,Samsung Internet,"43.3031,-91.9372","38.0916,-91.0679",0.0,0,0.0,SUB_3,Grand Horizon Resorts,3,450.0,0.15,0,0.007391541344281977
mobile,Android,Samsung Internet,"43.3031,-91.9372","38.0916,-91.0679",0.0,0,0.0,SUB_4,EcoLodge Boutique,2,220.0,0.14,1,0.016302499371440946
mobile,Android,Samsung Internet,"43.3031,-91.9372","38.0916,-91.0679",0.0,0,0.0,SUB_5,Express Stop Motel,1,-99.0,0.08,0,0.007391541344281977
tablet,Android,Samsung Internet,"33.876,-107.6878","19.4987,-119.1596",0.0,0,0.0,SUB_1,BudgetInns Global,1,85.0,0.1,1,0.029312230751356333
tablet,Android,Samsung Internet,"33.876,-107.6878","19.4987,-119.1596",0.0,0,0.0,SUB_2,Urban Stay Suites,2,180.0,0.12,1,0.029312230751356333
tablet,Android,Samsung Internet,"33.876,-107.6878","19.4987,-119.1596",0.0,0,0.0,SUB_3,Grand Horizon Resorts,3,450.0,0.15,0,0.029312230751356333
tablet,Android,Samsung Internet,"33.876,-107.6878","19.4987,-119.1596",0.0,0,0.0,SUB_4,EcoLodge Boutique,2,220.0,0.14,1,0.029312230751356333
tablet,Android,Samsung Internet,"33.876,-107.6878","19.4987,-119.1596",0.0,0,0.0,SUB_5,Express Stop Motel,1,-99.0,0.08,0,0.029312230751356333
mobile,iOS,Chrome,"42.4578,-98.8226","50.2844,-87.5534",0.0,0,0.0,SUB_1,BudgetInns Global,1,85.0,0.1,1,0.029312230751356333
mobile,iOS,Chrome,"42.4578,-98.8226","50.2844,-87.5534",0.0,0,0.0,SUB_2,Urban Stay Suites,2,180.0,0.12,1,0.029312230751356333
mobile,iOS,Chrome,"42.4578,-98.8226","50.2844,-87.5534",0.0,0,0.0,SUB_3,Grand Horizon Resorts,3,450.0,0.15,0,0.013386917827664779
mobile,iOS,Chrome,"42.4578,-98.8226","50.2844,-87.5534",0.0,0,0.0,SUB_4,EcoLodge Boutique,2,220.0,0.14,1,0.029312230751356333
mobile,iOS,Chrome,"42.4578,-98.8226","50.2844,-87.5534",0.0,0,0.0,SUB_5,Express Stop Motel,1,-99.0,0.08,0,0.013386917827664779
desktop,macOS,Firefox,"34.8801,-80.3215","21.1623,-92.1713",0.0,0,0.0,SUB_1,BudgetInns Global,1,85.0,0.1,1,0.029312230751356333
desktop,macOS,Firefox,"34.8801,-80.3215","21.1623,-92.1713",0.0,0,0.0,SUB_2,Urban Stay Suites,2,180.0,0.12,1,0.029312230751356333
desktop,macOS,Firefox,"34.8801,-80.3215","21.1623,-92.1713",0.0,0,0.0,SUB_3,Grand Horizon Resorts,3,450.0,0.15,0,0.057324175898868755
desktop,macOS,Firefox,"34.8801,-80.3215","21.1623,-92.1713",0.0,0,0.0,SUB_4,EcoLodge Boutique,2,220.0,0.14,1,0.029312230751356333
desktop,macOS,Firefox,"34.8801,-80.3215","21.1623,-92.1713",0.0,0,0.0,SUB_5,Express Stop Motel,1,-99.0,0.08,0,0.029312230751356333
mobile,Android,Chrome,"48.8224,-118.4111","59.762,-127.9846",1.0,0,0.0,SUB_1,BudgetInns Global,1,85.0,0.1,1,0.06913842034334684
mobile,Android,Chrome,"48.8224,-118.4111","59.762,-127.9846",1.0,0,0.0,SUB_2,Urban Stay Suites,2,180.0,0.12,1,0.06913842034334684
mobile,Android,Chrome,"48.8224,-118.4111","59.762,-127.9846",1.0,0,0.0,SUB_3,Grand Horizon Resorts,3,450.0,0.15,0,0.03229546469845053
mobile,Android,Chrome,"48.8224,-118.4111","59.762,-127.9846",1.0,0,0.0,SUB_4,EcoLodge Boutique,2,220.0,0.14,1,0.06913842034334684
mobile,Android,Chrome,"48.8224,-118.4111","59.762,-127.9846",1.0,0,0.0,SUB_5,Express Stop Motel,1,-99.0,0.08,0,0.03229546469845053
desktop,macOS,Firefox,"49.1763,-80.8975","37.7361,-97.1964",1.0,0,1.0,SUB_1,BudgetInns Global,1,85.0,0.1,1,0.10433122311900135
desktop,macOS,Firefox,"49.1763,-80.8975","37.7361,-97.1964",1.0,0,1.0,SUB_2,Urban Stay Suites,2,180.0,0.12,1,0.10433122311900135
desktop,macOS,Firefox,"49.1763,-80.8975","37.7361,-97.1964",1.0,0,1.0,SUB_3,Grand Horizon Resorts,3,450.0,0.15,0,0.19000156601531307
desktop,macOS,Firefox,"49.1763,-80.8975","37.7361,-97.1964",1.0,0,1.0,SUB_4,EcoLodge Boutique,2,220.0,0.14,1,0.10433122311900135
desktop,macOS,Firefox,"49.1763,-80.8975","37.7361,-97.1964",1.0,0,1.0,SUB_5,Express Stop Motel,1,-99.0,0.08,0,0.10433122311900135
desktop,Windows,Chrome,"34.8198,-107.9965","24.9761,-112.0192",1.0,0,0.0,SUB_1,BudgetInns Global,1,85.0,0.1,1,0.06913842034334684
desktop,Windows,Chrome,"34.8198,-107.9965","24.9761,-112.0192",1.0,0,0.0,SUB_2,Urban Stay Suites,2,180.0,0.12,1,0.06913842034334684
desktop,Windows,Chrome,"34.8198,-107.9965","24.9761,-112.0192",1.0,0,0.0,SUB_3,Grand Horizon Resorts,3,450.0,0.15,0,0.06913842034334684
desktop,Windows,Chrome,"34.8198,-107.9965","24.9761,-112.0192",1.0,0,0.0,SUB_4,EcoLodge Boutique,2,220.0,0.14,1,0.06913842034334684
desktop,Windows,Chrome,"34.8198,-107.9965","24.9761,-112.0192",1.0,0,0.0,SUB_5,Express Stop Motel,1,-99.0,0.08,0,0.06913842034334684
desktop,Windows,Firefox,"46.3555,-112.7845","45.6513,-116.0273",1.0,0,0.0,SUB_1,BudgetInns Global,1,85.0,0.1,1,0.03916572279676437
desktop,Windows,Firefox,"46.3555,-112.7845","45.6513,-116.0273",1.0,0,0.0,SUB_2,Urban Stay Suites,2,180.0,0.12,1,0.03916572279676437
desktop,Windows,Firefox,"46.3555,-112.7845","45.6513,-116.0273",1.0,0,0.0,SUB_3,Grand Horizon Resorts,3,450.0,0.15,0,0.03916572279676437
desktop,Windows,Firefox,"46.3555,-112.7845","45.6513,-116.0273",1.0,0,0.0,SUB_4,EcoLodge Boutique,2,220.0,0.14,1,0.03916572279676437
desktop,Windows,Firefox,"46.3555,-112.7845","45.6513,-116.0273",1.0,0,0.0,SUB_5,Express Stop Motel,1,-99.0,0.08,0,0.03916572279676437
mobile,iOS,Chrome,"44.3272,-114.2149","51.4636,-113.6324",0.0,0,,SUB_1,BudgetInns Global,1,85.0,0.1,1,0.016302499371440946
mobile,iOS,Chrome,"44.3272,-114.2149","51.4636,-113.6324",0.0,0,,SUB_2,Urban Stay Suites,2,180.0,0.12,1,0.016302499371440946
mobile,iOS,Chrome,"44.3272,-114.2149","51.4636,-113.6324",0.0,0,,SUB_3,Grand Horizon Resorts,3,450.0,0.15,0,0.007391541344281977
mobile,iOS,Chrome,"44.3272,-114.2149","51.4636,-113.6324",0.0,0,,SUB_4,EcoLodge Boutique,2,220.0,0.14,1,0.016302499371440946
mobile,iOS,Chrome,"44.3272,-114.2149","51.4636,-113.6324",0.0,0,,SUB_5,Express Stop Motel,1,-99.0,0.08,0,0.007391541344281977
mobile,Android,Chrome,"32.75,-118.6375","21.9201,-110.2789",0.0,0,0.0,SUB_1,BudgetInns Global,1,85.0,0.1,1,0.029312230751356333
mobile,Android,Chrome,"32.75,-118.6375","21.9201,-110.2789",0.0,0,0.0,SUB_2,Urban Stay Suites,2,180.0,0.12,1,0.029312230751356333
mobile,Android,Chrome,"32.75,-118.6375","21.9201,-110.2789",0.0,0,0.0,SUB_3,Grand Horizon Resorts,3,450.0,0.15,0,0.013386917827664779
mobile,Android,Chrome,"32.75,-118.6375","21.9201,-110.2789",0.0,0,0.0,SUB_4,EcoLodge Boutique,2,220.0,0.14,1,0.029312230751356333
mobile,Android,Chrome,"32.75,-118.6375","21.9201,-110.2789",0.0,0,0.0,SUB_5,Express Stop Motel,1,-99.0,0.08,0,0.013386917827664779
mobile,Android,Samsung Internet,"30.801,-93.8207","29.0031,-77.5767",0.0,0,0.0,SUB_1,BudgetInns Global,1,85.0,0.1,1,0.029312230751356333
mobile,Android,Samsung Internet,"30.801,-93.8207","29.0031,-77.5767",0.0,0,0.0,SUB_2,Urban Stay Suites,2,180.0,0.12,1,0.029312230751356333
mobile,Android,Samsung Internet,"30.801,-93.8207","29.0031,-77.5767",0.0,0,0.0,SUB_3,Grand Horizon Resorts,3,450.0,0.15,0,0.013386917827664779
mobile,Android,Samsung Internet,"30.801,-93.8207","29.0031,-77.5767",0.0,0,0.0,SUB_4,EcoLodge Boutique,2,220.0,0.14,1,0.029312230751356333
mobile,Android,Samsung Internet,"30.801,-93.8207","29.0031,-77.5767",0.0,0,0.0,SUB_5,Express Stop Motel,1,-99.0,0.08,0,0.013386917827664779
tablet,iOS,Chrome,"36.4559,-109.087","35.9414,-123.5776",0.0,0,0.0,SUB_1,BudgetInns Global,1,85.0,0.1,1,0.029312230751356333
tablet,iOS,Chrome,"36.4559,-109.087","35.9414,-123.5776",0.0,0,0.0,SUB_2,Urban Stay Suites,2,180.0,0.12,1,0.029312230751356333
tablet,iOS,Chrome,"36.4559,-109.087","35.9414,-123.5776",0.0,0,0.0,SUB_3,Grand Horizon Resorts,3,450.0,0.15,0,0.029312230751356333
tablet,iOS,Chrome,"36.4559,-109.087","35.9414,-123.5776",0.0,0,0.0,SUB_4,EcoLodge Boutique,2,220.0,0.14,1,0.029312230751356333
tablet,iOS,Chrome,"36.4559,-109.087","35.9414,-123.5776",0.0,0,0.0,SUB_5,Express Stop Motel,1,-99.0,0.08,0,0.029312230751356333
desktop,Windows,,"44.5337,-70.5284","35.9023,-88.3545",0.0,0,0.0,SUB_1,BudgetInns Global,1,85.0,0.1,1,0.029312230751356333
desktop,Windows,,"44.5337,-70.5284","35.9023,-88.3545",0.0,0,0.0,SUB_2,Urban Stay Suites,2,180.0,0.12,1,0.029312230751356333
desktop,Windows,,"44.5337,-70.5284","35.9023,-88.3545",0.0,0,0.0,SUB_3,Grand Horizon Resorts,3,450.0,0.15,0,0.029312230751356333
desktop,Windows,,"44.5337,-70.5284","35.9023,-88.3545",0.0,0,0.0,SUB_4,EcoLodge Boutique,2,220.0,0.14,1,0.029312230751356333
desktop,Windows,,"44.5337,-70.5284","35.9023,-88.3545",0.0,0,0.0,SUB_5,Express Stop Motel,1,-99.0,0.08,0,0.029312230751356333
tablet,iOS,Chrome,"49.0042,-91.2782","37.471,-110.537",1.0,0,0.0,SUB_1,BudgetInns Global,1,85.0,0.1,1,0.06913842034334684
tablet,iOS,Chrome,"49.0042,-91.2782","37.471,-110.537",1.0,0,0.0,SUB_2,Urban Stay Suites,2,180.0,0.12,1,0.06913842034334684
tablet,iOS,Chrome,"49.0042,-91.2782","37.471,-110.537",1.0,0,0.0,SUB_3,Grand Horizon Resorts,3,450.0,0.15,0,0.06913842034334684
tablet,iOS,Chrome,"49.0042,-91.2782","37.471,-110.537",1.0,0,0.0,SUB_4,EcoLodge Boutique,2,220.0,0.14,1,0.06913842034334684
tablet,iOS,Chrome,"49.0042,-91.2782","37.471,-110.537",1.0,0,0.0,SUB_5,Express Stop Motel,1,-99.0,0.08,0,0.06913842034334684
mobile,Android,Samsung Internet,"44.0895,-113.1057","54.1821,-127.3608",0.0,0,0.0,SUB_1,BudgetInns Global,1,85.0,0.1,1,0.029312230751356333
mobile,Android,Samsung Internet,"44.0895,-113.1057","54.1821,-127.3608",0.0,0,0.0,SUB_2,Urban Stay Suites,2,180.0,0.12,1,0.029312230751356333
mobile,Android,Samsung Internet,"44.0895,-113.1057","54.1821,-127.3608",0.0,0,0.0,SUB_3,Grand Horizon Resorts,3,450.0,0.15,0,0.013386917827664779
mobile,Android,Samsung Internet,"44.0895,-113.1057","54.1821,-127.3608",0.0,0,0.0,SUB_4,EcoLodge Boutique,2,220.0,0.14,1,0.029312230751356333
mobile,Android,Samsung Internet,"44.0895,-113.1057","54.1821,-127.3608",0.0,0,0.0,SUB_5,Express Stop Motel,1,-99.0,0.08,0,0.013386917827664779
desktop,macOS,Chrome,"46.3802,-85.5619","46.4542,-79.2439",0.0,0,0.0,SUB_1,BudgetInns Global,1,85.0,0.1,1,0.016302499371440946
desktop,macOS,Chrome,"46.3802,-85.5619","46.4542,-79.2439",0.0,0,0.0,SUB_2,Urban Stay Suites,2,180.0,0.12,1,0.016302499371440946
desktop,macOS,Chrome,"46.3802,-85.5619","46.4542,-79.2439",0.0,0,0.0,SUB_3,Grand Horizon Resorts,3,450.0,0.15,0,0.03229546469845053
desktop,macOS,Chrome,"46.3802,-85.5619","46.4542,-79.2439",0.0,0,0.0,SUB_4,EcoLodge Boutique,2,220.0,0.14,1,0.016302499371440946
desktop,macOS,Chrome,"46.3802,-85.5619","46.4542,-79.2439",0.0,0,0.0,SUB_5,Express Stop Motel,1,-99.0,0.08,0,0.016302499371440946
tablet,Android,Samsung Internet,"40.0766,-75.1128","25.508,-66.0137",0.0,0,,SUB_1,BudgetInns Global,1,85.0,0.1,1,0.029312230751356333
tablet,Android,Samsung Internet,"40.0766,-75.1128","25.508,-66.0137",0.0,0,,SUB_2,Urban Stay Suites,2,180.0,0.12,1,0.029312230751356333
tablet,Android,Samsung Internet,"40.0766,-75.1128","25.508,-66.0137",0.0,0,,SUB_3,Grand Horizon Resorts,3,450.0,0.15,0,0.029312230751356333
tablet,Android,Samsung Internet,"40.0766,-75.1128","25.508,-66.0137",0.0,0,,SUB_4,EcoLodge Boutique,2,220.0,0.14,1,0.029312230751356333
tablet,Android,Samsung Internet,"40.0766,-75.1128","25.508,-66.0137",0.0,0,,SUB_5,Express Stop Motel,1,-99.0,0.08,0,0.029312230751356333
mobile,Android,Chrome,"45.8852,-82.741","54.9746,-71.2808",1.0,0,0.0,SUB_1,BudgetInns Global,1,85.0,0.1,1,0.06913842034334684
mobile,Android,Chrome,"45.8852,-82.741","54.9746,-71.2808",1.0,0,0.0,SUB_2,Urban Stay Suites,2,180.0,0.12,1,0.06913842034334684
mobile,Android,Chrome,"45.8852,-82.741","54.9746,-71.2808",1.0,0,0.0,SUB_3,Grand Horizon Resorts,3,450.0,0.15,0,0.03229546469845053
mobile,Android,Chrome,"45.8852,-82.741","54.9746,-71.2808",1.0,0,0.0,SUB_4,EcoLodge Boutique,2,220.0,0.14,1,0.06913842034334684
mobile,Android,Chrome,"45.8852,-82.741","54.9746,-71.2808",1.0,0,0.0,SUB_5,Express Stop Motel,1,-99.0,0.08,0,0.03229546469845053
mobile,iOS,Safari,"44.6105,-116.178","59.0343,-126.4297",0.0,0,0.0,SUB_1,BudgetInns Global,1,85.0,0.1,1,0.029312230751356333
mobile,iOS,Safari,"44.6105,-116.178","59.0343,-126.4297",0.0,0,0.0,SUB_2,Urban Stay Suites,2,180.0,0.12,1,0.029312230751356333
mobile,iOS,Safari,"44.6105,-116.178","59.0343,-126.4297",0.0,0,0.0,SUB_3,Grand Horizon Resorts,3,450.0,0.15,0,0.013386917827664779
mobile,iOS,Safari,"44.6105,-116.178","59.0343,-126.4297",0.0,0,0.0,SUB_4,EcoLodge Boutique,2,220.0,0.14,1,0.029312230751356333
mobile,iOS,Safari,"44.6105,-116.178","59.0343,-126.4297",0.0,0,0.0,SUB_5,Express Stop Motel,1,-99.0,0.08,0,0.013386917827664779
desktop,Linux,Chrome,"34.4246,-75.2058","37.6024,-82.97",1.0,0,0.0,SUB_1,BudgetInns Global,1,85.0,0.1,1,0.03916572279676437
desktop,Linux,Chrome,"34.4246,-75.2058","37.6024,-82.97",1.0,0,0.0,SUB_2,Urban Stay Suites,2,180.0,0.12,1,0.03916572279676437
desktop,Linux,Chrome,"34.4246,-75.2058","37.6024,-82.97",1.0,0,0.0,SUB_3,Grand Horizon Resorts,3,450.0,0.15,0,0.03916572279676437
desktop,Linux,Chrome,"34.4246,-75.2058","37.6024,-82.97",1.0,0,0.0,SUB_4,EcoLodge Boutique,2,220.0,0.14,1,0.03916572279676437
desktop,Linux,Chrome,"34.4246,-75.2058","37.6024,-82.97",1.0,0,0.0,SUB_5,Express Stop Motel,1,-99.0,0.08,0,0.03916572279676437
desktop,Windows,Firefox,"38.7998,-80.3035","38.9111,-80.9781",1.0,0,1.0,SUB_1,BudgetInns Global,1,85.0,0.1,1,0.060086650174007654
desktop,Windows,Firefox,"38.7998,-80.3035","38.9111,-80.9781",1.0,1,1.0,SUB_2,Urban Stay Suites,2,180.0,0.12,1,0.060086650174007654
desktop,Windows,Firefox,"38.7998,-80.3035","38.9111,-80.9781",1.0,0,1.0,SUB_3,Grand Horizon Resorts,3,450.0,0.15,0,0.060086650174007654
desktop,Windows,Firefox,"38.7998,-80.3035","38.9111,-80.9781",1.0,0,1.0,SUB_4,EcoLodge Boutique,2,220.0,0.14,1,0.060086650174007654
desktop,Windows,Firefox,"38.7998,-80.3035","38.9111,-80.9781",1.0,0,1.0,SUB_5,Express Stop Motel,1,-99.0,0.08,0,0.060086650174007654
desktop,Linux,Chrome,"45.1188,-112.0848","56.4713,-129.5575",1.0,0,0.0,SUB_1,BudgetInns Global,1,85.0,0.1,1,0.06913842034334684
desktop,Linux,Chrome,"45.1188,-112.0848","56.4713,-129.5575",1.0,0,0.0,SUB_2,Urban Stay Suites,2,180.0,0.12,1,0.06913842034334684
desktop,Linux,Chrome,"45.1188,-112.0848","56.4713,-129.5575",1.0,0,0.0,SUB_3,Grand Horizon Resorts,3,450.0,0.15,0,0.06913842034334684
desktop,Linux,Chrome,"45.1188,-112.0848","56.4713,-129.5575",1.0,0,0.0,SUB_4,EcoLodge Boutique,2,220.0,0.14,1,0.06913842034334684
desktop,Linux,Chrome,"45.1188,-112.0848","56.4713,-129.5575",1.0,0,0.0,SUB_5,Express Stop Motel,1,-99.0,0.08,0,0.06913842034334684
mobile,iOS,Safari,"26.1514,-117.4107","39.7269,-112.965",1.0,0,0.0,SUB_1,BudgetInns Global,1,85.0,0.1,1,0.06913842034334684
mobile,iOS,Safari,"26.1514,-117.4107","39.7269,-112.965",1.0,0,0.0,SUB_2,Urban Stay Suites,2,180.0,0.12,1,0.06913842034334684
mobile,iOS,Safari,"26.1514,-117.4107","39.7269,-112.965",1.0,0,0.0,SUB_3,Grand Horizon Resorts,3,450.0,0.15,0,0.03229546469845053
mobile,iOS,Safari,"26.1514,-117.4107","39.7269,-112.965",1.0,0,0.0,SUB_4,EcoLodge Boutique,2,220.0,0.14,1,0.06913842034334684
mobile,iOS,Safari,"26.1514,-117.4107","39.7269,-112.965",1.0,0,0.0,SUB_5,Express Stop Motel,1,-99.0,0.08,0,0.03229546469845053
desktop,Windows,Edge,"45.202,-92.1345","52.8381,-72.7851",0.0,0,0.0,SUB_1,BudgetInns Global,1,85.0,0.1,1,0.029312230751356333
desktop,Windows,Edge,"45.202,-92.1345","52.8381,-72.7851",0.0,0,0.0,SUB_2,Urban Stay Suites,2,180.0,0.12,1,0.029312230751356333
desktop,Windows,Edge,"45.202,-92.1345","52.8381,-72.7851",0.0,1,0.0,SUB_3,Grand Horizon Resorts,3,450.0,0.15,0,0.029312230751356333
desktop,Windows,Edge,"45.202,-92.1345","52.8381,-72.7851",0.0,0,0.0,SUB_4,EcoLodge Boutique,2,220.0,0.14,1,0.029312230751356333
desktop,Windows,Edge,"45.202,-92.1345","52.8381,-72.7851",0.0,0,0.0,SUB_5,Express Stop Motel,1,-99.0,0.08,0,0.029312230751356333
mobile,iOS,Safari,"29.4472,-112.1982","27.8108,-117.7659",0.0,0,0.0,SUB_1,BudgetInns Global,1,85.0,0.1,1,0.016302499371440946
mobile,iOS,Safari,"29.4472,-112.1982","27.8108,-117.7659",0.0,0,0.0,SUB_2,Urban Stay Suites,2,180.0,0.12,1,0.016302499371440946
mobile,iOS,Safari,"29.4472,-112.1982","27.8108,-117.7659",0.0,0,0.0,SUB_3,Grand Horizon Resorts,3,450.0,0.15,0,0.007391541344281977
mobile,iOS,Safari,"29.4472,-112.1982","27.8108,-117.7659",0.0,0,0.0,SUB_4,EcoLodge Boutique,2,220.0,0.14,1,0.016302499371440946
mobile,iOS,Safari,"29.4472,-112.1982","27.8108,-117.7659",0.0,0,0.0,SUB_5,Express Stop Motel,1,-99.0,0.08,0,0.007391541344281977
mobile,iOS,Safari,"37.8671,-78.2705","40.6337,-68.1566",0.0,0,1.0,SUB_1,BudgetInns Global,1,85.0,0.1,1,0.025332703226871745
mobile,iOS,Safari,"37.8671,-78.2705","40.6337,-68.1566",0.0,0,1.0,SUB_2,Urban Stay Suites,2,180.0,0.12,1,0.025332703226871745
mobile,iOS,Safari,"37.8671,-78.2705","40.6337,-68.1566",0.0,0,1.0,SUB_3,Grand Horizon Resorts,3,450.0,0.15,0,0.011543752483922297
mobile,iOS,Safari,"37.8671,-78.2705","40.6337,-68.1566",0.0,0,1.0,SUB_4,EcoLodge Boutique,2,220.0,0.14,1,0.025332703226871745
mobile,iOS,Safari,"37.8671,-78.2705","40.6337,-68.1566",0.0,0,1.0,SUB_5,Express Stop Motel,1,-99.0,0.08,0,0.011543752483922297
mobile,Android,Chrome,"45.2069,-102.0833","51.235,-102.0819",0.0,0,0.0,SUB_1,BudgetInns Global,1,85.0,0.1,1,0.016302499371440946
mobile,Android,Chrome,"45.2069,-102.0833","51.235,-102.0819",0.0,0,0.0,SUB_2,Urban Stay Suites,2,180.0,0.12,1,0.016302499371440946
mobile,Android,Chrome,"45.2069,-102.0833","51.235,-102.0819",0.0,0,0.0,SUB_3,Grand Horizon Resorts,3,450.0,0.15,0,0.007391541344281977
mobile,Android,Chrome,"45.2069,-102.0833","51.235,-102.0819",0.0,0,0.0,SUB_4,EcoLodge Boutique,2,220.0,0.14,1,0.016302499371440946
mobile,Android,Chrome,"45.2069,-102.0833","51.235,-102.0819",0.0,0,0.0,SUB_5,Express Stop Motel,1,-99.0,0.08,0,0.007391541344281977
desktop,Linux,Firefox,NULL,"22.1737,-89.2429",0.0,0,0.0,SUB_1,BudgetInns Global,1,85.0,0.1,1,0.016302499371440946
desktop,Linux,Firefox,NULL,"22.1737,-89.2429",0.0,0,0.0,SUB_2,Urban Stay Suites,2,180.0,0.12,1,0.016302499371440946
desktop,Linux,Firefox,NULL,"22.1737,-89.2429",0.0,0,0.0,SUB_3,Grand Horizon Resorts,3,450.0,0.15,0,0.016302499371440946
desktop,Linux,Firefox,NULL,"22.1737,-89.2429",0.0,0,0.0,SUB_4,EcoLodge Boutique,2,220.0,0.14,1,0.016302499371440946
desktop,Linux,Firefox,NULL,"22.1737,-89.2429",0.0,0,0.0,SUB_5,Express Stop Motel,1,-99.0,0.08,0,0.016302499371440946
desktop,Linux,Chrome,"31.1452,-91.7156","29.5612,-88.4261",1.0,0,0.0,SUB_1,BudgetInns Global,1,85.0,0.1,1,0.03916572279676437
desktop,Linux,Chrome,"31.1452,-91.7156","29.5612,-88.4261",1.0,0,0.0,SUB_2,Urban Stay Suites,2,180.0,0.12,1,0.03916572279676437
desktop,Linux,Chrome,"31.1452,-91.7156","29.5612,-88.4261",1.0,0,0.0,SUB_3,Grand Horizon Resorts,3,450.0,0.15,0,0.03916572279676437
desktop,Linux,Chrome,"31.1452,-91.7156","29.5612,-88.4261",1.0,0,0.0,SUB_4,EcoLodge Boutique,2,220.0,0.14,1,0.03916572279676437
desktop,Linux,Chrome,"31.1452,-91.7156","29.5612,-88.4261",1.0,0,0.0,SUB_5,Express Stop Motel,1,-99.0,0.08,0,0.03916572279676437
mobile,Android,Chrome,"35.0691,-110.8664","44.9637,-118.8714",0.0,0,,SUB_1,BudgetInns Global,1,85.0,0.1,1,0.029312230751356333
mobile,Android,Chrome,"35.0691,-110.8664","44.9637,-118.8714",0.0,0,,SUB_2,Urban Stay Suites,2,180.0,0.12,1,0.029312230751356333
mobile,Android,Chrome,"35.0691,-110.8664","44.9637,-118.8714",0.0,0,,SUB_3,Grand Horizon Resorts,3,450.0,0.15,0,0.013386917827664779
mobile,Android,Chrome,"35.0691,-110.8664","44.9637,-118.8714",0.0,0,,SUB_4,EcoLodge Boutique,2,220.0,0.14,1,0.029312230751356333
mobile,Android,Chrome,"35.0691,-110.8664","44.9637,-118.8714",0.0,0,,SUB_5,Express Stop Motel,1,-99.0,0.08,0,0.013386917827664779
mobile,Android,Samsung Internet,"47.3661,-113.0201","52.0079,-131.644",1.0,0,0.0,SUB_1,BudgetInns Global,1,85.0,0.1,1,0.06913842034334684
mobile,Android,Samsung Internet,"47.3661,-113.0201","52.0079,-131.644",1.0,0,0.0,SUB_2,Urban Stay Suites,2,180.0,0.12,1,0.06913842034334684
mobile,Android,Samsung Internet,"47.3661,-113.0201","52.0079,-131.644",1.0,0,0.0,SUB_3,Grand Horizon Resorts,3,450.0,0.15,0,0.03229546469845053
mobile,Android,Samsung Internet,"47.3661,-113.0201","52.0079,-131.644",1.0,0,0.0,SUB_4,EcoLodge Boutique,2,220.0,0.14,1,0.06913842034334684
mobile,Android,Samsung Internet,"47.3661,-113.0201","52.0079,-131.644",1.0,0,0.0,SUB_5,Express Stop Motel,1,-99.0,0.08,0,0.03229546469845053
desktop,Linux,Firefox,"25.0111,-91.1764","22.3472,-85.7792",0.0,0,0.0,SUB_1,BudgetInns Global,1,85.0,0.1,1,0.016302499371440946
desktop,Linux,Firefox,"25.0111,-91.1764","22.3472,-85.7792",0.0,0,0.0,SUB_2,Urban Stay Suites,2,180.0,0.12,1,0.016302499371440946
desktop,Linux,Firefox,"25.0111,-91.1764","22.3472,-85.7792",0.0,0,0.0,SUB_3,Grand Horizon Resorts,3,450.0,0.15,0,0.016302499371440946
desktop,Linux,Firefox,"25.0111,-91.1764","22.3472,-85.7792",0.0,0,0.0,SUB_4,EcoLodge Boutique,2,220.0,0.14,1,0.016302499371440946
desktop,Linux,Firefox,"25.0111,-91.1764","22.3472,-85.7792",0.0,0,0.0,SUB_5,Express Stop Motel,1,-99.0,0.08,0,0.016302499371440946
mobile,iOS,,"47.5346,-81.9058","52.4355,-67.5485",0.0,0,0.0,SUB_1,BudgetInns Global,1,85.0,0.1,1,0.029312230751356333
mobile,iOS,,"47.5346,-81.9058","52.4355,-67.5485",0.0,0,0.0,SUB_2,Urban Stay Suites,2,180.0,0.12,1,0.029312230751356333
mobile,iOS,,"47.5346,-81.9058","52.4355,-67.5485",0.0,0,0.0,SUB_3,Grand Horizon Resorts,3,450.0,0.15,0,0.013386917827664779
mobile,iOS,,"47.5346,-81.9058","52.4355,-67.5485",0.0,0,0.0,SUB_4,EcoLodge Boutique,2,220.0,0.14,1,0.029312230751356333
mobile,iOS,,"47.5346,-81.9058","52.4355,-67.5485",0.0,0,0.0,SUB_5,Express Stop Motel,1,-99.0,0.08,0,0.013386917827664779
desktop,macOS,Firefox,"28.8452,-80.9247","17.3919,-87.1339",1.0,0,0.0,SUB_1,BudgetInns Global,1,85.0,0.1,1,0.06913842034334684
desktop,macOS,Firefox,"28.8452,-80.9247","17.3919,-87.1339",1.0,0,0.0,SUB_2,Urban Stay Suites,2,180.0,0.12,1,0.06913842034334684
desktop,macOS,Firefox,"28.8452,-80.9247","17.3919,-87.1339",1.0,0,0.0,SUB_3,Grand Horizon Resorts,3,450.0,0.15,0,0.13010847436299788
desktop,macOS,Firefox,"28.8452,-80.9247","17.3919,-87.1339",1.0,0,0.0,SUB_4,EcoLodge Boutique,2,220.0,0.14,1,0.06913842034334684
desktop,macOS,Firefox,"28.8452,-80.9247","17.3919,-87.1339",1.0,0,0.0,SUB_5,Express Stop Motel,1,-99.0,0.08,0,0.06913842034334684
mobile,Android,Chrome,"49.7522,-106.2121","46.7971,-110.6003",0.0,0,0.0,SUB_1,BudgetInns Global,1,85.0,0.1,1,0.016302499371440946
mobile,Android,Chrome,"49.7522,-106.2121","46.7971,-110.6003",0.0,0,0.0,SUB_2,Urban Stay Suites,2,180.0,0.12,1,0.016302499371440946
mobile,Android,Chrome,"49.7522,-106.2121","46.7971,-110.6003",0.0,0,0.0,SUB_3,Grand Horizon Resorts,3,450.0,0.15,0,0.007391541344281977
mobile,Android,Chrome,"49.7522,-106.2121","46.7971,-110.6003",0.0,0,0.0,SUB_4,EcoLodge Boutique,2,220.0,0.14,1,0.016302499371440946
mobile,Android,Chrome,"49.7522,-106.2121","46.7971,-110.6003",0.0,0,0.0,SUB_5,Express Stop Motel,1,-99.0,0.08,0,0.007391541344281977
mobile,Android,Chrome,"48.8712,-109.7877","57.6651,-94.1468",0.0,0,0.0,SUB_1,BudgetInns Global,1,85.0,0.1,1,0.029312230751356333
mobile,Android,Chrome,"48.8712,-109.7877","57.6651,-94.1468",0.0,0,0.0,SUB_2,Urban Stay Suites,2,180.0,0.12,1,0.029312230751356333
mobile,Android,Chrome,"48.8712,-109.7877","57.6651,-94.1468",0.0,0,0.0,SUB_3,Grand Horizon Resorts,3,450.0,0.15,0,0.013386917827664779
mobile,Android,Chrome,"48.8712,-109.7877","57.6651,-94.1468",0.0,0,0.0,SUB_4,EcoLodge Boutique,2,220.0,0.14,1,0.029312230751356333
mobile,Android,Chrome,"48.8712,-109.7877","57.6651,-94.1468",0.0,0,0.0,SUB_5,Express Stop Motel,1,-99.0,0.08,0,0.013386917827664779
mobile,iOS,Safari,"37.3669,-119.1622","28.9822,-106.6178",0.0,0,1.0,SUB_1,BudgetInns Global,1,85.0,0.1,1,0.045217473483287515
mobile,iOS,Safari,"37.3669,-119.1622","28.9822,-106.6178",0.0,0,1.0,SUB_2,Urban Stay Suites,2,180.0,0.12,1,0.045217473483287515
mobile,iOS,Safari,"37.3669,-119.1622","28.9822,-106.6178",0.0,0,1.0,SUB_3,Grand Horizon Resorts,3,450.0,0.15,0,0.02083634451868043
mobile,iOS,Safari,"37.3669,-119.1622","28.9822,-106.6178",0.0,0,1.0,SUB_4,EcoLodge Boutique,2,220.0,0.14,1,0.045217473483287515
mobile,iOS,Safari,"37.3669,-119.1622","28.9822,-106.6178",0.0,0,1.0,SUB_5,Express Stop Motel,1,-99.0,0.08,0,0.02083634451868043
mobile,iOS,Chrome,"37.818,-86.04","28.3968,-77.4419",0.0,0,0.0,SUB_1,BudgetInns Global,1,85.0,0.1,1,0.029312230751356333
mobile,iOS,Chrome,"37.818,-86.04","28.3968,-77.4419",0.0,0,0.0,SUB_2,Urban Stay Suites,2,180.0,0.12,1,0.029312230751356333
mobile,iOS,Chrome,"37.818,-86.04","28.3968,-77.4419",0.0,0,0.0,SUB_3,Grand Horizon Resorts,3,450.0,0.15,0,0.013386917827664779
mobile,iOS,Chrome,"37.818,-86.04","28.3968,-77.4419",0.0,0,0.0,SUB_4,EcoLodge Boutique,2,220.0,0.14,1,0.029312230751356333
mobile,iOS,Chrome,"37.818,-86.04","28.3968,-77.4419",0.0,0,0.0,SUB_5,Express Stop Motel,1,-99.0,0.08,0,0.013386917827664779
desktop,Windows,Edge,"37.0387,-116.1716","50.5633,-126.2197",0.0,0,0.0,SUB_1,BudgetInns Global,1,85.0,0.1,1,0.029312230751356333
desktop,Windows,Edge,"37.0387,-116.1716","50.5633,-126.2197",0.0,0,0.0,SUB_2,Urban Stay Suites,2,180.0,0.12,1,0.029312230751356333
desktop,Windows,Edge,"37.0387,-116.1716","50.5633,-126.2197",0.0,0,0.0,SUB_3,Grand Horizon Resorts,3,450.0,0.15,0,0.029312230751356333
desktop,Windows,Edge,"37.0387,-116.1716","50.5633,-126.2197",0.0,0,0.0,SUB_4,EcoLodge Boutique,2,220.0,0.14,1,0.029312230751356333
desktop,Windows,Edge,"37.0387,-116.1716","50.5633,-126.2197",0.0,0,0.0,SUB_5,Express Stop Motel,1,-99.0,0.08,0,0.029312230751356333
mobile,Android,Chrome,"40.8861,-98.9619","32.183,-82.5532",0.0,0,0.0,SUB_1,BudgetInns Global,1,85.0,0.1,1,0.029312230751356333
mobile,Android,Chrome,"40.8861,-98.9619","32.183,-82.5532",0.0,0,0.0,SUB_2,Urban Stay Suites,2,180.0,0.12,1,0.029312230751356333
mobile,Android,Chrome,"40.8861,-98.9619","32.183,-82.5532",0.0,0,0.0,SUB_3,Grand Horizon Resorts,3,450.0,0.15,0,0.013386917827664779
mobile,Android,Chrome,"40.8861,-98.9619","32.183,-82.5532",0.0,0,0.0,SUB_4,EcoLodge Boutique,2,220.0,0.14,1,0.029312230751356333
mobile,Android,Chrome,"40.8861,-98.9619","32.183,-82.5532",0.0,0,0.0,SUB_5,Express Stop Motel,1,-99.0,0.08,0,0.013386917827664779
mobile,Android,Chrome,"27.268,-89.9159","20.0956,-103.7393",0.0,0,0.0,SUB_1,BudgetInns Global,1,85.0,0.1,1,0.029312230751356333
mobile,Android,Chrome,"27.268,-89.9159","20.0956,-103.7393",0.0,0,0.0,SUB_2,Urban Stay Suites,2,180.0,0.12,1,0.029312230751356333
mobile,Android,Chrome,"27.268,-89.9159","20.0956,-103.7393",0.0,0,0.0,SUB_3,Grand Horizon Resorts,3,450.0,0.15,0,0.013386917827664779
mobile,Android,Chrome,"27.268,-89.9159","20.0956,-103.7393",0.0,0,0.0,SUB_4,EcoLodge Boutique,2,220.0,0.14,1,0.029312230751356333
mobile,Android,Chrome,"27.268,-89.9159","20.0956,-103.7393",0.0,0,0.0,SUB_5,Express Stop Motel,1,-99.0,0.08,0,0.013386917827664779
desktop,Windows,Chrome,"25.8154,-73.1446","39.9039,-68.0738",0.0,0,0.0,SUB_1,BudgetInns Global,1,85.0,0.1,1,0.029312230751356333
desktop,Windows,Chrome,"25.8154,-73.1446","39.9039,-68.0738",0.0,0,0.0,SUB_2,Urban Stay Suites,2,180.0,0.12,1,0.029312230751356333
desktop,Windows,Chrome,"25.8154,-73.1446","39.9039,-68.0738",0.0,0,0.0,SUB_3,Grand Horizon Resorts,3,450.0,0.15,0,0.029312230751356333
desktop,Windows,Chrome,"25.8154,-73.1446","39.9039,-68.0738",0.0,0,0.0,SUB_4,EcoLodge Boutique,2,220.0,0.14,1,0.029312230751356333
desktop,Windows,Chrome,"25.8154,-73.1446","39.9039,-68.0738",0.0,0,0.0,SUB_5,Express Stop Motel,1,-99.0,0.08,0,0.029312230751356333
mobile,iOS,,"26.4426,-104.4099","33.4839,-123.2579",0.0,0,0.0,SUB_1,BudgetInns Global,1,85.0,0.1,1,0.029312230751356333
mobile,iOS,,"26.4426,-104.4099","33.4839,-123.2579",0.0,0,0.0,SUB_2,Urban Stay Suites,2,180.0,0.12,1,0.029312230751356333
mobile,iOS,,"26.4426,-104.4099","33.4839,-123.2579",0.0,0,0.0,SUB_3,Grand Horizon Resorts,3,450.0,0.15,0,0.013386917827664779
mobile,iOS,,"26.4426,-104.4099","33.4839,-123.2579",0.0,0,0.0,SUB_4,EcoLodge Boutique,2,220.0,0.14,1,0.029312230751356333
mobile,iOS,,"26.4426,-104.4099","33.4839,-123.2579",0.0,0,0.0,SUB_5,Express Stop Motel,1,-99.0,0.08,0,0.013386917827664779
mobile,iOS,Chrome,"36.1091,-107.5114","42.097,-101.7626",0.0,0,0.0,SUB_1,BudgetInns Global,1,85.0,0.1,1,0.016302499371440946
mobile,iOS,Chrome,"36.1091,-107.5114","42.097,-101.7626",0.0,0,0.0,SUB_2,Urban Stay Suites,2,180.0,0.12,1,0.016302499371440946
mobile,iOS,Chrome,"36.1091,-107.5114","42.097,-101.7626",0.0,0,0.0,SUB_3,Grand Horizon Resorts,3,450.0,0.15,0,0.007391541344281977
mobile,iOS,Chrome,"36.1091,-107.5114","42.097,-101.7626",0.0,0,0.0,SUB_4,EcoLodge Boutique,2,220.0,0.14,1,0.016302499371440946
mobile,iOS,Chrome,"36.1091,-107.5114","42.097,-101.7626",0.0,0,0.0,SUB_5,Express Stop Motel,1,-99.0,0.08,0,0.007391541344281977
tablet,iOS,Chrome,"31.8887,-87.292","42.4765,-96.2062",0.0,0,0.0,SUB_1,BudgetInns Global,1,85.0,0.1,1,0.029312230751356333
tablet,iOS,Chrome,"31.8887,-87.292","42.4765,-96.2062",0.0,0,0.0,SUB_2,Urban Stay Suites,2,180.0,0.12,1,0.029312230751356333
tablet,iOS,Chrome,"31.8887,-87.292","42.4765,-96.2062",0.0,0,0.0,SUB_3,Grand Horizon Resorts,3,450.0,0.15,0,0.029312230751356333
tablet,iOS,Chrome,"31.8887,-87.292","42.4765,-96.2062",0.0,1,0.0,SUB_4,EcoLodge Boutique,2,220.0,0.14,1,0.029312230751356333
tablet,iOS,Chrome,"31.8887,-87.292","42.4765,-96.2062",0.0,0,0.0,SUB_5,Express Stop Motel,1,-99.0,0.08,0,0.029312230751356333
desktop,macOS,Firefox,"40.551,-89.038","29.0257,-91.0509",1.0,0,0.0,SUB_1,BudgetInns Global,1,85.0,0.1,1,0.06913842034334684
desktop,macOS,Firefox,"40.551,-89.038","29.0257,-91.0509",1.0,0,0.0,SUB_2,Urban Stay Suites,2,180.0,0.12,1,0.06913842034334684
desktop,macOS,Firefox,"40.551,-89.038","29.0257,-91.0509",1.0,0,0.0,SUB_3,Grand Horizon Resorts,3,450.0,0.15,0,0.13010847436299788
desktop,macOS,Firefox,"40.551,-89.038","29.0257,-91.0509",1.0,0,0.0,SUB_4,EcoLodge Boutique,2,220.0,0.14,1,0.06913842034334684
desktop,macOS,Firefox,"40.551,-89.038","29.0257,-91.0509",1.0,0,0.0,SUB_5,Express Stop Motel,1,-99.0,0.08,0,0.06913842034334684
mobile,iOS,Safari,"49.8111,-103.3945","55.9898,-109.5839",0.0,0,0.0,SUB_1,BudgetInns Global,1,85.0,0.1,1,0.016302499371440946
mobile,iOS,Safari,"49.8111,-103.3945","55.9898,-109.5839",0.0,0,0.0,SUB_2,Urban Stay Suites,2,180.0,0.12,1,0.016302499371440946
mobile,iOS,Safari,"49.8111,-103.3945","55.9898,-109.5839",0.0,0,0.0,SUB_3,Grand Horizon Resorts,3,450.0,0.15,0,0.007391541344281977
mobile,iOS,Safari,"49.8111,-103.3945","55.9898,-109.5839",0.0,0,0.0,SUB_4,EcoLodge Boutique,2,220.0,0.14,1,0.016302499371440946
mobile,iOS,Safari,"49.8111,-103.3945","55.9898,-109.5839",0.0,0,0.0,SUB_5,Express Stop Motel,1,-99.0,0.08,0,0.007391541344281977
tablet,iOS,Safari,"34.6581,-73.5949","34.7688,-86.6846",0.0,0,0.0,SUB_1,BudgetInns Global,1,85.0,0.1,1,0.029312230751356333
tablet,iOS,Safari,"34.6581,-73.5949","34.7688,-86.6846",0.0,0,0.0,SUB_2,Urban Stay Suites,2,180.0,0.12,1,0.029312230751356333
tablet,iOS,Safari,"34.6581,-73.5949","34.7688,-86.6846",0.0,0,0.0,SUB_3,Grand Horizon Resorts,3,450.0,0.15,0,0.029312230751356333
tablet,iOS,Safari,"34.6581,-73.5949","34.7688,-86.6846",0.0,0,0.0,SUB_4,EcoLodge Boutique,2,220.0,0.14,1,0.029312230751356333
tablet,iOS,Safari,"34.6581,-73.5949","34.7688,-86.6846",0.0,0,0.0,SUB_5,Express Stop Motel,1,-99.0,0.08,0,0.029312230751356333
desktop,Linux,Chrome,NULL,"49.2205,-72.8777",0.0,0,,SUB_1,BudgetInns Global,1,85.0,0.1,1,0.016302499371440946
desktop,Linux,Chrome,NULL,"49.2205,-72.8777",0.0,1,,SUB_2,Urban Stay Suites,2,180.0,0.12,1,0.016302499371440946
desktop,Linux,Chrome,NULL,"49.2205,-72.8777",0.0,0,,SUB_3,Grand Horizon Resorts,3,450.0,0.15,0,0.016302499371440946
desktop,Linux,Chrome,NULL,"49.2205,-72.8777",0.0,0,,SUB_4,EcoLodge Boutique,2,220.0,0.14,1,0.016302499371440946
desktop,Linux,Chrome,NULL,"49.2205,-72.8777",0.0,0,,SUB_5,Express Stop Motel,1,-99.0,0.08,0,0.016302499371440946
mobile,iOS,Safari,"35.3901,-108.8009","35.6344,-93.5219",1.0,0,0.0,SUB_1,BudgetInns Global,1,85.0,0.1,1,0.06913842034334684
mobile,iOS,Safari,"35.3901,-108.8009","35.6344,-93.5219",1.0,0,0.0,SUB_2,Urban Stay Suites,2,180.0,0.12,1,0.06913842034334684
mobile,iOS,Safari,"35.3901,-108.8009","35.6344,-93.5219",1.0,0,0.0,SUB_3,Grand Horizon Resorts,3,450.0,0.15,0,0.03229546469845053
mobile,iOS,Safari,"35.3901,-108.8009","35.6344,-93.5219",1.0,0,0.0,SUB_4,EcoLodge Boutique,2,220.0,0.14,1,0.06913842034334684
mobile,iOS,Safari,"35.3901,-108.8009","35.6344,-93.5219",1.0,1,0.0,SUB_5,Express Stop Motel,1,-99.0,0.08,0,0.03229546469845053
mobile,iOS,Chrome,"46.1818,-108.0429","49.789,-89.6795",0.0,0,0.0,SUB_1,BudgetInns Global,1,85.0,0.1,1,0.029312230751356333
mobile,iOS,Chrome,"46.1818,-108.0429","49.789,-89.6795",0.0,0,0.0,SUB_2,Urban Stay Suites,2,180.0,0.12,1,0.029312230751356333
mobile,iOS,Chrome,"46.1818,-108.0429","49.789,-89.6795",0.0,0,0.0,SUB_3,Grand Horizon Resorts,3,450.0,0.15,0,0.013386917827664779
mobile,iOS,Chrome,"46.1818,-108.0429","49.789,-89.6795",0.0,0,0.0,SUB_4,EcoLodge Boutique,2,220.0,0.14,1,0.029312230751356333
mobile,iOS,Chrome,"46.1818,-108.0429","49.789,-89.6795",0.0,0,0.0,SUB_5,Express Stop Motel,1,-99.0,0.08,0,0.013386917827664779
desktop,Windows,Firefox,"47.5559,-94.385","46.8882,-106.6911",0.0,0,0.0,SUB_1,BudgetInns Global,1,85.0,0.1,1,0.016302499371440946
desktop,Windows,Firefox,"47.5559,-94.385","46.8882,-106.6911",0.0,0,0.0,SUB_2,Urban Stay Suites,2,180.0,0.12,1,0.016302499371440946
desktop,Windows,Firefox,"47.5559,-94.385","46.8882,-106.6911",0.0,0,0.0,SUB_3,Grand Horizon Resorts,3,450.0,0.15,0,0.016302499371440946
desktop,Windows,Firefox,"47.5559,-94.385","46.8882,-106.6911",0.0,0,0.0,SUB_4,EcoLodge Boutique,2,220.0,0.14,1,0.016302499371440946
desktop,Windows,Firefox,"47.5559,-94.385","46.8882,-106.6911",0.0,0,0.0,SUB_5,Express Stop Motel,1,-99.0,0.08,0,0.016302499371440946
desktop,Linux,Firefox,"46.9339,-81.3214","46.2787,-72.6265",0.0,0,0.0,SUB_1,BudgetInns Global,1,85.0,0.1,1,0.016302499371440946
desktop,Linux,Firefox,"46.9339,-81.3214","46.2787,-72.6265",0.0,0,0.0,SUB_2,Urban Stay Suites,2,180.0,0.12,1,0.016302499371440946
desktop,Linux,Firefox,"46.9339,-81.3214","46.2787,-72.6265",0.0,0,0.0,SUB_3,Grand Horizon Resorts,3,450.0,0.15,0,0.016302499371440946
desktop,Linux,Firefox,"46.9339,-81.3214","46.2787,-72.6265",0.0,0,0.0,SUB_4,EcoLodge Boutique,2,220.0,0.14,1,0.016302499371440946
desktop,Linux,Firefox,"46.9339,-81.3214","46.2787,-72.6265",0.0,0,0.0,SUB_5,Express Stop Motel,1,-99.0,0.08,0,0.016302499371440946
mobile,Android,Chrome,"49.3593,-117.798","57.3984,-111.2244",0.0,0,0.0,SUB_1,BudgetInns Global,1,85.0,0.1,1,0.016302499371440946
mobile,Android,Chrome,"49.3593,-117.798","57.3984,-111.2244",0.0,0,0.0,SUB_2,Urban Stay Suites,2,180.0,0.12,1,0.016302499371440946
mobile,Android,Chrome,"49.3593,-117.798","57.3984,-111.2244",0.0,0,0.0,SUB_3,Grand Horizon Resorts,3,450.0,0.15,0,0.007391541344281977
mobile,Android,Chrome,"49.3593,-117.798","57.3984,-111.2244",0.0,0,0.0,SUB_4,EcoLodge Boutique,2,220.0,0.14,1,0.016302499371440946
mobile,Android,Chrome,"49.3593,-117.798","57.3984,-111.2244",0.0,0,0.0,SUB_5,Express Stop Motel,1,-99.0,0.08,0,0.007391541344281977
desktop,macOS,Chrome,"25.688,-85.3332","29.545,-91.5981",0.0,0,0.0,SUB_1,BudgetInns Global,1,85.0,0.1,1,0.016302499371440946
desktop,macOS,Chrome,"25.688,-85.3332","29.545,-91.5981",0.0,0,0.0,SUB_2,Urban Stay Suites,2,180.0,0.12,1,0.016302499371440946
desktop,macOS,Chrome,"25.688,-85.3332","29.545,-91.5981",0.0,0,0.0,SUB_3,Grand Horizon Resorts,3,450.0,0.15,0,0.03229546469845053
desktop,macOS,Chrome,"25.688,-85.3332","29.545,-91.5981",0.0,0,0.0,SUB_4,EcoLodge Boutique,2,220.0,0.14,1,0.016302499371440946
desktop,macOS,Chrome,"25.688,-85.3332","29.545,-91.5981",0.0,0,0.0,SUB_5,Express Stop Motel,1,-99.0,0.08,0,0.016302499371440946
desktop,Windows,Chrome,"45.9954,-87.5882","49.9933,-106.8242",0.0,0,0.0,SUB_1,BudgetInns Global,1,85.0,0.1,1,0.029312230751356333
desktop,Windows,Chrome,"45.9954,-87.5882","49.9933,-106.8242",0.0,0,0.0,SUB_2,Urban Stay Suites,2,180.0,0.12,1,0.029312230751356333
desktop,Windows,Chrome,"45.9954,-87.5882","49.9933,-106.8242",0.0,0,0.0,SUB_3,Grand Horizon Resorts,3,450.0,0.15,0,0.029312230751356333
desktop,Windows,Chrome,"45.9954,-87.5882","49.9933,-106.8242",0.0,0,0.0,SUB_4,EcoLodge Boutique,2,220.0,0.14,1,0.029312230751356333
desktop,Windows,Chrome,"45.9954,-87.5882","49.9933,-106.8242",0.0,0,0.0,SUB_5,Express Stop Motel,1,-99.0,0.08,0,0.029312230751356333
mobile,Android,Chrome,"43.7943,-108.426","42.3028,-100.8344",0.0,0,0.0,SUB_1,BudgetInns Global,1,85.0,0.1,1,0.016302499371440946
mobile,Android,Chrome,"43.7943,-108.426","42.3028,-100.8344",0.0,0,0.0,SUB_2,Urban Stay Suites,2,180.0,0.12,1,0.016302499371440946
mobile,Android,Chrome,"43.7943,-108.426","42.3028,-100.8344",0.0,0,0.0,SUB_3,Grand Horizon Resorts,3,450.0,0.15,0,0.007391541344281977
mobile,Android,Chrome,"43.7943,-108.426","42.3028,-100.8344",0.0,0,0.0,SUB_4,EcoLodge Boutique,2,220.0,0.14,1,0.016302499371440946
mobile,Android,Chrome,"43.7943,-108.426","42.3028,-100.8344",0.0,0,0.0,SUB_5,Express Stop Motel,1,-99.0,0.08,0,0.007391541344281977
mobile,Android,Samsung Internet,"30.7174,-85.9323","31.6507,-68.1125",1.0,0,0.0,SUB_1,BudgetInns Global,1,85.0,0.1,1,0.06913842034334684
mobile,Android,Samsung Internet,"30.7174,-85.9323","31.6507,-68.1125",1.0,0,0.0,SUB_2,Urban Stay Suites,2,180.0,0.12,1,0.06913842034334684
mobile,Android,Samsung Internet,"30.7174,-85.9323","31.6507,-68.1125",1.0,1,0.0,SUB_3,Grand Horizon Resorts,3,450.0,0.15,0,0.03229546469845053
mobile,Android,Samsung Internet,"30.7174,-85.9323","31.6507,-68.1125",1.0,0,0.0,SUB_4,EcoLodge Boutique,2,220.0,0.14,1,0.06913842034334684
mobile,Android,Samsung Internet,"30.7174,-85.9323","31.6507,-68.1125",1.0,0,0.0,SUB_5,Express Stop Motel,1,-99.0,0.08,0,0.03229546469845053
mobile,iOS,Safari,"48.908,-72.9908","56.2795,-67.706",0.0,0,1.0,SUB_1,BudgetInns Global,1,85.0,0.1,1,0.025332703226871745
mobile,iOS,Safari,"48.908,-72.9908","56.2795,-67.706",0.0,0,1.0,SUB_2,Urban Stay Suites,2,180.0,0.12,1,0.025332703226871745
mobile,iOS,Safari,"48.908,-72.9908","56.2795,-67.706",0.0,0,1.0,SUB_3,Grand Horizon Resorts,3,450.0,0.15,0,0.011543752483922297
mobile,iOS,Safari,"48.908,-72.9908","56.2795,-67.706",0.0,0,1.0,SUB_4,EcoLodge Boutique,2,220.0,0.14,1,0.025332703226871745
mobile,iOS,Safari,"48.908,-72.9908","56.2795,-67.706",0.0,0,1.0,SUB_5,Express Stop Motel,1,-99.0,0.08,0,0.011543752483922297
desktop,Linux,Chrome,"28.7044,-117.6607","38.4826,-120.249",0.0,0,0.0,SUB_1,BudgetInns Global,1,85.0,0.1,1,0.029312230751356333
desktop,Linux,Chrome,"28.7044,-117.6607","38.4826,-120.249",0.0,0,0.0,SUB_2,Urban Stay Suites,2,180.0,0.12,1,0.029312230751356333
desktop,Linux,Chrome,"28.7044,-117.6607","38.4826,-120.249",0.0,0,0.0,SUB_3,Grand Horizon Resorts,3,450.0,0.15,0,0.029312230751356333
desktop,Linux,Chrome,"28.7044,-117.6607","38.4826,-120.249",0.0,0,0.0,SUB_4,EcoLodge Boutique,2,220.0,0.14,1,0.029312230751356333
desktop,Linux,Chrome,"28.7044,-117.6607","38.4826,-120.249",0.0,0,0.0,SUB_5,Express Stop Motel,1,-99.0,0.08,0,0.029312230751356333
mobile,Android,Samsung Internet,"41.9887,-104.0174","47.8855,-103.0112",0.0,0,0.0,SUB_1,BudgetInns Global,1,85.0,0.1,1,0.016302499371440946
mobile,Android,Samsung Internet,"41.9887,-104.0174","47.8855,-103.0112",0.0,0,0.0,SUB_2,Urban Stay Suites,2,180.0,0.12,1,0.016302499371440946
mobile,Android,Samsung Internet,"41.9887,-104.0174","47.8855,-103.0112",0.0,0,0.0,SUB_3,Grand Horizon Resorts,3,450.0,0.15,0,0.007391541344281977
mobile,Android,Samsung Internet,"41.9887,-104.0174","47.8855,-103.0112",0.0,0,0.0,SUB_4,EcoLodge Boutique,2,220.0,0.14,1,0.016302499371440946
mobile,Android,Samsung Internet,"41.9887,-104.0174","47.8855,-103.0112",0.0,0,0.0,SUB_5,Express Stop Motel,1,-99.0,0.08,0,0.007391541344281977
desktop,macOS,Firefox,"30.6223,-98.0912","43.3445,-110.106",1.0,0,0.0,SUB_1,BudgetInns Global,1,85.0,0.1,1,0.06913842034334684
desktop,macOS,Firefox,"30.6223,-98.0912","43.3445,-110.106",1.0,0,0.0,SUB_2,Urban Stay Suites,2,180.0,0.12,1,0.06913842034334684
desktop,macOS,Firefox,"30.6223,-98.0912","43.3445,-110.106",1.0,0,0.0,SUB_3,Grand Horizon Resorts,3,450.0,0.15,0,0.13010847436299788
desktop,macOS,Firefox,"30.6223,-98.0912","43.3445,-110.106",1.0,0,0.0,SUB_4,EcoLodge Boutique,2,220.0,0.14,1,0.06913842034334684
desktop,macOS,Firefox,"30.6223,-98.0912","43.3445,-110.106",1.0,1,0.0,SUB_5,Express Stop Motel,1,-99.0,0.08,0,0.06913842034334684
desktop,Windows,Chrome,"35.7845,-75.037","45.3942,-65.0152",1.0,0,0.0,SUB_1,BudgetInns Global,1,85.0,0.1,1,0.06913842034334684
desktop,Windows,Chrome,"35.7845,-75.037","45.3942,-65.0152",1.0,0,0.0,SUB_2,Urban Stay Suites,2,180.0,0.12,1,0.06913842034334684
desktop,Windows,Chrome,"35.7845,-75.037","45.3942,-65.0152",1.0,0,0.0,SUB_3,Grand Horizon Resorts,3,450.0,0.15,0,0.06913842034334684
desktop,Windows,Chrome,"35.7845,-75.037","45.3942,-65.0152",1.0,0,0.0,SUB_4,EcoLodge Boutique,2,220.0,0.14,1,0.06913842034334684
desktop,Windows,Chrome,"35.7845,-75.037","45.3942,-65.0152",1.0,0,0.0,SUB_5,Express Stop Motel,1,-99.0,0.08,0,0.06913842034334684
desktop,macOS,Firefox,"42.979,-71.8869","44.8349,-62.0301",0.0,0,0.0,SUB_1,BudgetInns Global,1,85.0,0.1,1,0.016302499371440946
desktop,macOS,Firefox,"42.979,-71.8869","44.8349,-62.0301",0.0,0,0.0,SUB_2,Urban Stay Suites,2,180.0,0.12,1,0.016302499371440946
desktop,macOS,Firefox,"42.979,-71.8869","44.8349,-62.0301",0.0,0,0.0,SUB_3,Grand Horizon Resorts,3,450.0,0.15,0,0.03229546469845053
desktop,macOS,Firefox,"42.979,-71.8869","44.8349,-62.0301",0.0,0,0.0,SUB_4,EcoLodge Boutique,2,220.0,0.14,1,0.016302499371440946
desktop,macOS,Firefox,"42.979,-71.8869","44.8349,-62.0301",0.0,0,0.0,SUB_5,Express Stop Motel,1,-99.0,0.08,0,0.016302499371440946
mobile,iOS,Safari,"39.0831,-97.7942","44.2253,-111.9735",0.0,0,0.0,SUB_1,BudgetInns Global,1,85.0,0.1,1,0.029312230751356333
mobile,iOS,Safari,"39.0831,-97.7942","44.2253,-111.9735",0.0,0,0.0,SUB_2,Urban Stay Suites,2,180.0,0.12,1,0.029312230751356333
mobile,iOS,Safari,"39.0831,-97.7942","44.2253,-111.9735",0.0,0,0.0,SUB_3,Grand Horizon Resorts,3,450.0,0.15,0,0.013386917827664779
mobile,iOS,Safari,"39.0831,-97.7942","44.2253,-111.9735",0.0,0,0.0,SUB_4,EcoLodge Boutique,2,220.0,0.14,1,0.029312230751356333
mobile,iOS,Safari,"39.0831,-97.7942","44.2253,-111.9735",0.0,0,0.0,SUB_5,Express Stop Motel,1,-99.0,0.08,0,0.013386917827664779
desktop,Windows,Edge,"35.6875,-82.4986","48.4767,-67.3795",0.0,0,0.0,SUB_1,BudgetInns Global,1,85.0,0.1,1,0.029312230751356333
desktop,Windows,Edge,"35.6875,-82.4986","48.4767,-67.3795",0.0,0,0.0,SUB_2,Urban Stay Suites,2,180.0,0.12,1,0.029312230751356333
desktop,Windows,Edge,"35.6875,-82.4986","48.4767,-67.3795",0.0,0,0.0,SUB_3,Grand Horizon Resorts,3,450.0,0.15,0,0.029312230751356333
desktop,Windows,Edge,"35.6875,-82.4986","48.4767,-67.3795",0.0,0,0.0,SUB_4,EcoLodge Boutique,2,220.0,0.14,1,0.029312230751356333
desktop,Windows,Edge,"35.6875,-82.4986","48.4767,-67.3795",0.0,0,0.0,SUB_5,Express Stop Motel,1,-99.0,0.08,0,0.029312230751356333
mobile,iOS,Chrome,"33.1585,-93.4169","36.7335,-102.6493",0.0,0,0.0,SUB_1,BudgetInns Global,1,85.0,0.1,1,0.016302499371440946
mobile,iOS,Chrome,"33.1585,-93.4169","36.7335,-102.6493",0.0,0,0.0,SUB_2,Urban Stay Suites,2,180.0,0.12,1,0.016302499371440946
mobile,iOS,Chrome,"33.1585,-93.4169","36.7335,-102.6493",0.0,0,0.0,SUB_3,Grand Horizon Resorts,3,450.0,0.15,0,0.007391541344281977
mobile,iOS,Chrome,"33.1585,-93.4169","36.7335,-102.6493",0.0,0,0.0,SUB_4,EcoLodge Boutique,2,220.0,0.14,1,0.016302499371440946
mobile,iOS,Chrome,"33.1585,-93.4169","36.7335,-102.6493",0.0,0,0.0,SUB_5,Express Stop Motel,1,-99.0,0.08,0,0.007391541344281977
desktop,Linux,Chrome,"45.9915,-93.1109","55.7357,-73.8207",0.0,0,1.0,SUB_1,BudgetInns Global,1,85.0,0.1,1,0.045217473483287515
desktop,Linux,Chrome,"45.9915,-93.1109","55.7357,-73.8207",0.0,0,1.0,SUB_2,Urban Stay Suites,2,180.0,0.12,1,0.045217473483287515
desktop,Linux,Chrome,"45.9915,-93.1109","55.7357,-73.8207",0.0,0,1.0,SUB_3,Grand Horizon Resorts,3,450.0,0.15,0,0.045217473483287515
desktop,Linux,Chrome,"45.9915,-93.1109","55.7357,-73.8207",0.0,0,1.0,SUB_4,EcoLodge Boutique,2,220.0,0.14,1,0.045217473483287515
desktop,Linux,Chrome,"45.9915,-93.1109","55.7357,-73.8207",0.0,0,1.0,SUB_5,Express Stop Motel,1,-99.0,0.08,0,0.045217473483287515
mobile,Android,Chrome,"28.5954,-106.095","34.2597,-110.7789",0.0,0,0.0,SUB_1,BudgetInns Global,1,85.0,0.1,1,0.016302499371440946
mobile,Android,Chrome,"28.5954,-106.095","34.2597,-110.7789",0.0,0,0.0,SUB_2,Urban Stay Suites,2,180.0,0.12,1,0.016302499371440946
mobile,Android,Chrome,"28.5954,-106.095","34.2597,-110.7789",0.0,0,0.0,SUB_3,Grand Horizon Resorts,3,450.0,0.15,0,0.007391541344281977
mobile,Android,Chrome,"28.5954,-106.095","34.2597,-110.7789",0.0,0,0.0,SUB_4,EcoLodge Boutique,2,220.0,0.14,1,0.016302499371440946
mobile,Android,Chrome,"28.5954,-106.095","34.2597,-110.7789",0.0,0,0.0,SUB_5,Express Stop Motel,1,-99.0,0.08,0,0.007391541344281977
mobile,iOS,Chrome,"35.7526,-109.1522","37.3107,-122.0368",0.0,0,0.0,SUB_1,BudgetInns Global,1,85.0,0.1,1,0.029312230751356333
mobile,iOS,Chrome,"35.7526,-109.1522","37.3107,-122.0368",0.0,0,0.0,SUB_2,Urban Stay Suites,2,180.0,0.12,1,0.029312230751356333
mobile,iOS,Chrome,"35.7526,-109.1522","37.3107,-122.0368",0.0,0,0.0,SUB_3,Grand Horizon Resorts,3,450.0,0.15,0,0.013386917827664779
mobile,iOS,Chrome,"35.7526,-109.1522","37.3107,-122.0368",0.0,0,0.0,SUB_4,EcoLodge Boutique,2,220.0,0.14,1,0.029312230751356333
mobile,iOS,Chrome,"35.7526,-109.1522","37.3107,-122.0368",0.0,0,0.0,SUB_5,Express Stop Motel,1,-99.0,0.08,0,0.013386917827664779
desktop,Linux,Firefox,45.5017;-73.5673,"39.849,-111.5309",0.0,0,0.0,SUB_1,BudgetInns Global,1,85.0,0.1,1,0.016302499371440946
desktop,Linux,Firefox,45.5017;-73.5673,"39.849,-111.5309",0.0,0,0.0,SUB_2,Urban Stay Suites,2,180.0,0.12,1,0.016302499371440946
desktop,Linux,Firefox,45.5017;-73.5673,"39.849,-111.5309",0.0,0,0.0,SUB_3,Grand Horizon Resorts,3,450.0,0.15,0,0.016302499371440946
desktop,Linux,Firefox,45.5017;-73.5673,"39.849,-111.5309",0.0,0,0.0,SUB_4,EcoLodge Boutique,2,220.0,0.14,1,0.016302499371440946
desktop,Linux,Firefox,45.5017;-73.5673,"39.849,-111.5309",0.0,0,0.0,SUB_5,Express Stop Motel,1,-99.0,0.08,0,0.016302499371440946
mobile,Android,Chrome,"46.1462,-92.1836","43.9261,-94.5764",0.0,0,0.0,SUB_1,BudgetInns Global,1,85.0,0.1,1,0.016302499371440946
mobile,Android,Chrome,"46.1462,-92.1836","43.9261,-94.5764",0.0,0,0.0,SUB_2,Urban Stay Suites,2,180.0,0.12,1,0.016302499371440946
mobile,Android,Chrome,"46.1462,-92.1836","43.9261,-94.5764",0.0,0,0.0,SUB_3,Grand Horizon Resorts,3,450.0,0.15,0,0.007391541344281977
mobile,Android,Chrome,"46.1462,-92.1836","43.9261,-94.5764",0.0,0,0.0,SUB_4,EcoLodge Boutique,2,220.0,0.14,1,0.016302499371440946
mobile,Android,Chrome,"46.1462,-92.1836","43.9261,-94.5764",0.0,0,0.0,SUB_5,Express Stop Motel,1,-99.0,0.08,0,0.007391541344281977
mobile,iOS,Safari,"35.0235,-118.5422","49.0558,-135.7699",0.0,0,0.0,SUB_1,BudgetInns Global,1,85.0,0.1,1,0.029312230751356333
mobile,iOS,Safari,"35.0235,-118.5422","49.0558,-135.7699",0.0,0,0.0,SUB_2,Urban Stay Suites,2,180.0,0.12,1,0.029312230751356333
mobile,iOS,Safari,"35.0235,-118.5422","49.0558,-135.7699",0.0,0,0.0,SUB_3,Grand Horizon Resorts,3,450.0,0.15,0,0.013386917827664779
mobile,iOS,Safari,"35.0235,-118.5422","49.0558,-135.7699",0.0,0,0.0,SUB_4,EcoLodge Boutique,2,220.0,0.14,1,0.029312230751356333
mobile,iOS,Safari,"35.0235,-118.5422","49.0558,-135.7699",0.0,0,0.0,SUB_5,Express Stop Motel,1,-99.0,0.08,0,0.013386917827664779
desktop,macOS,Firefox,"44.0777,-74.6376","48.8107,-71.5089",0.0,0,0.0,SUB_1,BudgetInns Global,1,85.0,0.1,1,0.016302499371440946
desktop,macOS,Firefox,"44.0777,-74.6376","48.8107,-71.5089",0.0,0,0.0,SUB_2,Urban Stay Suites,2,180.0,0.12,1,0.016302499371440946
desktop,macOS,Firefox,"44.0777,-74.6376","48.8107,-71.5089",0.0,0,0.0,SUB_3,Grand Horizon Resorts,3,450.0,0.15,0,0.03229546469845053
desktop,macOS,Firefox,"44.0777,-74.6376","48.8107,-71.5089",0.0,0,0.0,SUB_4,EcoLodge Boutique,2,220.0,0.14,1,0.016302499371440946
desktop,macOS,Firefox,"44.0777,-74.6376","48.8107,-71.5089",0.0,0,0.0,SUB_5,Express Stop Motel,1,-99.0,0.08,0,0.016302499371440946
desktop,Linux,Firefox,"45.579,-112.1858","47.5109,-108.2805",0.0,0,0.0,SUB_1,BudgetInns Global,1,85.0,0.1,1,0.016302499371440946
desktop,Linux,Firefox,"45.579,-112.1858","47.5109,-108.2805",0.0,0,0.0,SUB_2,Urban Stay Suites,2,180.0,0.12,1,0.016302499371440946
desktop,Linux,Firefox,"45.579,-112.1858","47.5109,-108.2805",0.0,0,0.0,SUB_3,Grand Horizon Resorts,3,450.0,0.15,0,0.016302499371440946
desktop,Linux,Firefox,"45.579,-112.1858","47.5109,-108.2805",0.0,0,0.0,SUB_4,EcoLodge Boutique,2,220.0,0.14,1,0.016302499371440946
desktop,Linux,Firefox,"45.579,-112.1858","47.5109,-108.2805",0.0,0,0.0,SUB_5,Express Stop Motel,1,-99.0,0.08,0,0.016302499371440946
desktop,macOS,Firefox,"47.2222,-108.9956","60.2109,-99.4384",0.0,0,0.0,SUB_1,BudgetInns Global,1,85.0,0.1,1,0.029312230751356333
desktop,macOS,Firefox,"47.2222,-108.9956","60.2109,-99.4384",0.0,0,0.0,SUB_2,Urban Stay Suites,2,180.0,0.12,1,0.029312230751356333
desktop,macOS,Firefox,"47.2222,-108.9956","60.2109,-99.4384",0.0,0,0.0,SUB_3,Grand Horizon Resorts,3,450.0,0.15,0,0.057324175898868755
desktop,macOS,Firefox,"47.2222,-108.9956","60.2109,-99.4384",0.0,0,0.0,SUB_4,EcoLodge Boutique,2,220.0,0.14,1,0.029312230751356333
desktop,macOS,Firefox,"47.2222,-108.9956","60.2109,-99.4384",0.0,0,0.0,SUB_5,Express Stop Motel,1,-99.0,0.08,0,0.029312230751356333
desktop,Windows,Edge,"38.6126,-94.0862","41.208,-112.9194",0.0,0,0.0,SUB_1,BudgetInns Global,1,85.0,0.1,1,0.029312230751356333
desktop,Windows,Edge,"38.6126,-94.0862","41.208,-112.9194",0.0,0,0.0,SUB_2,Urban Stay Suites,2,180.0,0.12,1,0.029312230751356333
desktop,Windows,Edge,"38.6126,-94.0862","41.208,-112.9194",0.0,0,0.0,SUB_3,Grand Horizon Resorts,3,450.0,0.15,0,0.029312230751356333
desktop,Windows,Edge,"38.6126,-94.0862","41.208,-112.9194",0.0,0,0.0,SUB_4,EcoLodge Boutique,2,220.0,0.14,1,0.029312230751356333
desktop,Windows,Edge,"38.6126,-94.0862","41.208,-112.9194",0.0,0,0.0,SUB_5,Express Stop Motel,1,-99.0,0.08,0,0.029312230751356333
mobile,Android,Chrome,"30.1115,-84.4943","30.894,-82.8448",0.0,0,0.0,SUB_1,BudgetInns Global,1,85.0,0.1,1,0.016302499371440946
mobile,Android,Chrome,"30.1115,-84.4943","30.894,-82.8448",0.0,0,0.0,SUB_2,Urban Stay Suites,2,180.0,0.12,1,0.016302499371440946
mobile,Android,Chrome,"30.1115,-84.4943","30.894,-82.8448",0.0,0,0.0,SUB_3,Grand Horizon Resorts,3,450.0,0.15,0,0.007391541344281977
mobile,Android,Chrome,"30.1115,-84.4943","30.894,-82.8448",0.0,0,0.0,SUB_4,EcoLodge Boutique,2,220.0,0.14,1,0.016302499371440946
mobile,Android,Chrome,"30.1115,-84.4943","30.894,-82.8448",0.0,0,0.0,SUB_5,Express Stop Motel,1,-99.0,0.08,0,0.007391541344281977
mobile,Android,Samsung Internet,"31.3827,-115.2135","39.162,-133.0972",0.0,0,0.0,SUB_1,BudgetInns Global,1,85.0,0.1,1,0.029312230751356333
mobile,Android,Samsung Internet,"31.3827,-115.2135","39.162,-133.0972",0.0,0,0.0,SUB_2,Urban Stay Suites,2,180.0,0.12,1,0.029312230751356333
mobile,Android,Samsung Internet,"31.3827,-115.2135","39.162,-133.0972",0.0,0,0.0,SUB_3,Grand Horizon Resorts,3,450.0,0.15,0,0.013386917827664779
mobile,Android,Samsung Internet,"31.3827,-115.2135","39.162,-133.0972",0.0,0,0.0,SUB_4,EcoLodge Boutique,2,220.0,0.14,1,0.029312230751356333
mobile,Android,Samsung Internet,"31.3827,-115.2135","39.162,-133.0972",0.0,0,0.0,SUB_5,Express Stop Motel,1,-99.0,0.08,0,0.013386917827664779
mobile,Android,Samsung Internet,"32.3924,-104.1153","38.7724,-96.0695",0.0,0,0.0,SUB_1,BudgetInns Global,1,85.0,0.1,1,0.029312230751356333
mobile,Android,Samsung Internet,"32.3924,-104.1153","38.7724,-96.0695",0.0,0,0.0,SUB_2,Urban Stay Suites,2,180.0,0.12,1,0.029312230751356333
mobile,Android,Samsung Internet,"32.3924,-104.1153","38.7724,-96.0695",0.0,0,0.0,SUB_3,Grand Horizon Resorts,3,450.0,0.15,0,0.013386917827664779
mobile,Android,Samsung Internet,"32.3924,-104.1153","38.7724,-96.0695",0.0,0,0.0,SUB_4,EcoLodge Boutique,2,220.0,0.14,1,0.029312230751356333
mobile,Android,Samsung Internet,"32.3924,-104.1153","38.7724,-96.0695",0.0,0,0.0,SUB_5,Express Stop Motel,1,-99.0,0.08,0,0.013386917827664779
mobile,Android,Chrome,"39.8451,-71.5663","30.6399,-89.3372",0.0,0,0.0,SUB_1,BudgetInns Global,1,85.0,0.1,1,0.029312230751356333
mobile,Android,Chrome,"39.8451,-71.5663","30.6399,-89.3372",0.0,0,0.0,SUB_2,Urban Stay Suites,2,180.0,0.12,1,0.029312230751356333
mobile,Android,Chrome,"39.8451,-71.5663","30.6399,-89.3372",0.0,0,0.0,SUB_3,Grand Horizon Resorts,3,450.0,0.15,0,0.013386917827664779
mobile,Android,Chrome,"39.8451,-71.5663","30.6399,-89.3372",0.0,0,0.0,SUB_4,EcoLodge Boutique,2,220.0,0.14,1,0.029312230751356333
mobile,Android,Chrome,"39.8451,-71.5663","30.6399,-89.3372",0.0,0,0.0,SUB_5,Express Stop Motel,1,-99.0,0.08,0,0.013386917827664779
tablet,Android,Chrome,"25.8202,-106.8829","24.9594,-90.4138",0.0,0,0.0,SUB_1,BudgetInns Global,1,85.0,0.1,1,0.029312230751356333
tablet,Android,Chrome,"25.8202,-106.8829","24.9594,-90.4138",0.0,0,0.0,SUB_2,Urban Stay Suites,2,180.0,0.12,1,0.029312230751356333
tablet,Android,Chrome,"25.8202,-106.8829","24.9594,-90.4138",0.0,0,0.0,SUB_3,Grand Horizon Resorts,3,450.0,0.15,0,0.029312230751356333
tablet,Android,Chrome,"25.8202,-106.8829","24.9594,-90.4138",0.0,0,0.0,SUB_4,EcoLodge Boutique,2,220.0,0.14,1,0.029312230751356333
tablet,Android,Chrome,"25.8202,-106.8829","24.9594,-90.4138",0.0,0,0.0,SUB_5,Express Stop Motel,1,-99.0,0.08,0,0.029312230751356333
desktop,Linux,Firefox,"40.9011,-104.3475","40.0766,-96.2642",0.0,0,0.0,SUB_1,BudgetInns Global,1,85.0,0.1,1,0.016302499371440946
desktop,Linux,Firefox,"40.9011,-104.3475","40.0766,-96.2642",0.0,0,0.0,SUB_2,Urban Stay Suites,2,180.0,0.12,1,0.016302499371440946
desktop,Linux,Firefox,"40.9011,-104.3475","40.0766,-96.2642",0.0,0,0.0,SUB_3,Grand Horizon Resorts,3,450.0,0.15,0,0.016302499371440946
desktop,Linux,Firefox,"40.9011,-104.3475","40.0766,-96.2642",0.0,0,0.0,SUB_4,EcoLodge Boutique,2,220.0,0.14,1,0.016302499371440946
desktop,Linux,Firefox,"40.9011,-104.3475","40.0766,-96.2642",0.0,0,0.0,SUB_5,Express Stop Motel,1,-99.0,0.08,0,0.016302499371440946
mobile,Android,Samsung Internet,"34.1089,-78.1751","30.4556,-77.8795",1.0,0,0.0,SUB_1,BudgetInns Global,1,85.0,0.1,1,0.03916572279676437
mobile,Android,Samsung Internet,"34.1089,-78.1751","30.4556,-77.8795",1.0,0,0.0,SUB_2,Urban Stay Suites,2,180.0,0.12,1,0.03916572279676437
mobile,Android,Samsung Internet,"34.1089,-78.1751","30.4556,-77.8795",1.0,0,0.0,SUB_3,Grand Horizon Resorts,3,450.0,0.15,0,0.01798620996209156
mobile,Android,Samsung Internet,"34.1089,-78.1751","30.4556,-77.8795",1.0,1,0.0,SUB_4,EcoLodge Boutique,2,220.0,0.14,1,0.03916572279676437
mobile,Android,Samsung Internet,"34.1089,-78.1751","30.4556,-77.8795",1.0,0,0.0,SUB_5,Express Stop Motel,1,-99.0,0.08,0,0.01798620996209156
mobile,Android,Chrome,"32.381,-117.4893","32.8998,-119.8291",0.0,0,0.0,SUB_1,BudgetInns Global,1,85.0,0.1,1,0.016302499371440946
mobile,Android,Chrome,"32.381,-117.4893","32.8998,-119.8291",0.0,0,0.0,SUB_2,Urban Stay Suites,2,180.0,0.12,1,0.016302499371440946
mobile,Android,Chrome,"32.381,-117.4893","32.8998,-119.8291",0.0,0,0.0,SUB_3,Grand Horizon Resorts,3,450.0,0.15,0,0.007391541344281977
mobile,Android,Chrome,"32.381,-117.4893","32.8998,-119.8291",0.0,0,0.0,SUB_4,EcoLodge Boutique,2,220.0,0.14,1,0.016302499371440946
mobile,Android,Chrome,"32.381,-117.4893","32.8998,-119.8291",0.0,0,0.0,SUB_5,Express Stop Motel,1,-99.0,0.08,0,0.007391541344281977
tablet,iOS,,"46.9874,-96.7693","44.3806,-111.5424",1.0,0,0.0,SUB_1,BudgetInns Global,1,85.0,0.1,1,0.06913842034334684
tablet,iOS,,"46.9874,-96.7693","44.3806,-111.5424",1.0,0,0.0,SUB_2,Urban Stay Suites,2,180.0,0.12,1,0.06913842034334684
tablet,iOS,,"46.9874,-96.7693","44.3806,-111.5424",1.0,1,0.0,SUB_3,Grand Horizon Resorts,3,450.0,0.15,0,0.06913842034334684
tablet,iOS,,"46.9874,-96.7693","44.3806,-111.5424",1.0,0,0.0,SUB_4,EcoLodge Boutique,2,220.0,0.14,1,0.06913842034334684
tablet,iOS,,"46.9874,-96.7693","44.3806,-111.5424",1.0,0,0.0,SUB_5,Express Stop Motel,1,-99.0,0.08,0,0.06913842034334684
mobile,iOS,Safari,"36.5001,-101.0192","27.4805,-109.3792",0.0,0,0.0,SUB_1,BudgetInns Global,1,85.0,0.1,1,0.029312230751356333
mobile,iOS,Safari,"36.5001,-101.0192","27.4805,-109.3792",0.0,0,0.0,SUB_2,Urban Stay Suites,2,180.0,0.12,1,0.029312230751356333
mobile,iOS,Safari,"36.5001,-101.0192","27.4805,-109.3792",0.0,0,0.0,SUB_3,Grand Horizon Resorts,3,450.0,0.15,0,0.013386917827664779
mobile,iOS,Safari,"36.5001,-101.0192","27.4805,-109.3792",0.0,0,0.0,SUB_4,EcoLodge Boutique,2,220.0,0.14,1,0.029312230751356333
mobile,iOS,Safari,"36.5001,-101.0192","27.4805,-109.3792",0.0,0,0.0,SUB_5,Express Stop Motel,1,-99.0,0.08,0,0.013386917827664779
desktop,Linux,Firefox,"27.3763,-104.1707","24.7473,-89.4123",1.0,0,1.0,SUB_1,BudgetInns Global,1,85.0,0.1,1,0.10433122311900135
desktop,Linux,Firefox,"27.3763,-104.1707","24.7473,-89.4123",1.0,0,1.0,SUB_2,Urban Stay Suites,2,180.0,0.12,1,0.10433122311900135
desktop,Linux,Firefox,"27.3763,-104.1707","24.7473,-89.4123",1.0,0,1.0,SUB_3,Grand Horizon Resorts,3,450.0,0.15,0,0.10433122311900135
desktop,Linux,Firefox,"27.3763,-104.1707","24.7473,-89.4123",1.0,0,1.0,SUB_4,EcoLodge Boutique,2,220.0,0.14,1,0.10433122311900135
desktop,Linux,Firefox,"27.3763,-104.1707","24.7473,-89.4123",1.0,0,1.0,SUB_5,Express Stop Motel,1,-99.0,0.08,0,0.10433122311900135
mobile,Android,Samsung Internet,"45.6687,-105.715","32.837,-89.5369",0.0,0,0.0,SUB_1,BudgetInns Global,1,85.0,0.1,1,0.029312230751356333
mobile,Android,Samsung Internet,"45.6687,-105.715","32.837,-89.5369",0.0,0,0.0,SUB_2,Urban Stay Suites,2,180.0,0.12,1,0.029312230751356333
mobile,Android,Samsung Internet,"45.6687,-105.715","32.837,-89.5369",0.0,0,0.0,SUB_3,Grand Horizon Resorts,3,450.0,0.15,0,0.013386917827664779
mobile,Android,Samsung Internet,"45.6687,-105.715","32.837,-89.5369",0.0,0,0.0,SUB_4,EcoLodge Boutique,2,220.0,0.14,1,0.029312230751356333
mobile,Android,Samsung Internet,"45.6687,-105.715","32.837,-89.5369",0.0,0,0.0,SUB_5,Express Stop Motel,1,-99.0,0.08,0,0.013386917827664779
desktop,Windows,Chrome,"26.191,-115.4313","28.4646,-135.4014",0.0,0,0.0,SUB_1,BudgetInns Global,1,85.0,0.1,1,0.029312230751356333
desktop,Windows,Chrome,"26.191,-115.4313","28.4646,-135.4014",0.0,0,0.0,SUB_2,Urban Stay Suites,2,180.0,0.12,1,0.029312230751356333
desktop,Windows,Chrome,"26.191,-115.4313","28.4646,-135.4014",0.0,0,0.0,SUB_3,Grand Horizon Resorts,3,450.0,0.15,0,0.029312230751356333
desktop,Windows,Chrome,"26.191,-115.4313","28.4646,-135.4014",0.0,0,0.0,SUB_4,EcoLodge Boutique,2,220.0,0.14,1,0.029312230751356333
desktop,Windows,Chrome,"26.191,-115.4313","28.4646,-135.4014",0.0,0,0.0,SUB_5,Express Stop Motel,1,-99.0,0.08,0,0.029312230751356333
mobile,Android,Samsung Internet,"43.1687,-104.2587","53.7783,-100.4932",0.0,0,0.0,SUB_1,BudgetInns Global,1,85.0,0.1,1,0.029312230751356333
mobile,Android,Samsung Internet,"43.1687,-104.2587","53.7783,-100.4932",0.0,0,0.0,SUB_2,Urban Stay Suites,2,180.0,0.12,1,0.029312230751356333
mobile,Android,Samsung Internet,"43.1687,-104.2587","53.7783,-100.4932",0.0,0,0.0,SUB_3,Grand Horizon Resorts,3,450.0,0.15,0,0.013386917827664779
mobile,Android,Samsung Internet,"43.1687,-104.2587","53.7783,-100.4932",0.0,0,0.0,SUB_4,EcoLodge Boutique,2,220.0,0.14,1,0.029312230751356333
mobile,Android,Samsung Internet,"43.1687,-104.2587","53.7783,-100.4932",0.0,0,0.0,SUB_5,Express Stop Motel,1,-99.0,0.08,0,0.013386917827664779
desktop,macOS,Chrome,"44.3477,-117.8474","51.1063,-109.0754",0.0,0,0.0,SUB_1,BudgetInns Global,1,85.0,0.1,1,0.016302499371440946
desktop,macOS,Chrome,"44.3477,-117.8474","51.1063,-109.0754",0.0,0,0.0,SUB_2,Urban Stay Suites,2,180.0,0.12,1,0.016302499371440946
desktop,macOS,Chrome,"44.3477,-117.8474","51.1063,-109.0754",0.0,0,0.0,SUB_3,Grand Horizon Resorts,3,450.0,0.15,0,0.03229546469845053
desktop,macOS,Chrome,"44.3477,-117.8474","51.1063,-109.0754",0.0,0,0.0,SUB_4,EcoLodge Boutique,2,220.0,0.14,1,0.016302499371440946
desktop,macOS,Chrome,"44.3477,-117.8474","51.1063,-109.0754",0.0,0,0.0,SUB_5,Express Stop Motel,1,-99.0,0.08,0,0.016302499371440946
tablet,iOS,Chrome,"33.8151,-80.9518","29.6269,-76.2019",1.0,0,0.0,SUB_1,BudgetInns Global,1,85.0,0.1,1,0.03916572279676437
tablet,iOS,Chrome,"33.8151,-80.9518","29.6269,-76.2019",1.0,0,0.0,SUB_2,Urban Stay Suites,2,180.0,0.12,1,0.03916572279676437
tablet,iOS,Chrome,"33.8151,-80.9518","29.6269,-76.2019",1.0,0,0.0,SUB_3,Grand Horizon Resorts,3,450.0,0.15,0,0.03916572279676437
tablet,iOS,Chrome,"33.8151,-80.9518","29.6269,-76.2019",1.0,0,0.0,SUB_4,EcoLodge Boutique,2,220.0,0.14,1,0.03916572279676437
tablet,iOS,Chrome,"33.8151,-80.9518","29.6269,-76.2019",1.0,0,0.0,SUB_5,Express Stop Motel,1,-99.0,0.08,0,0.03916572279676437
desktop,Linux,Chrome,"45.6197,-100.0886","33.2318,-116.8214",1.0,0,0.0,SUB_1,BudgetInns Global,1,85.0,0.1,1,0.06913842034334684
desktop,Linux,Chrome,"45.6197,-100.0886","33.2318,-116.8214",1.0,0,0.0,SUB_2,Urban Stay Suites,2,180.0,0.12,1,0.06913842034334684
desktop,Linux,Chrome,"45.6197,-100.0886","33.2318,-116.8214",1.0,0,0.0,SUB_3,Grand Horizon Resorts,3,450.0,0.15,0,0.06913842034334684
desktop,Linux,Chrome,"45.6197,-100.0886","33.2318,-116.8214",1.0,0,0.0,SUB_4,EcoLodge Boutique,2,220.0,0.14,1,0.06913842034334684
desktop,Linux,Chrome,"45.6197,-100.0886","33.2318,-116.8214",1.0,0,0.0,SUB_5,Express Stop Motel,1,-99.0,0.08,0,0.06913842034334684
desktop,macOS,Chrome,"37.8915,-97.8048","28.956,-109.0958",0.0,0,0.0,SUB_1,BudgetInns Global,1,85.0,0.1,1,0.029312230751356333
desktop,macOS,Chrome,"37.8915,-97.8048","28.956,-109.0958",0.0,0,0.0,SUB_2,Urban Stay Suites,2,180.0,0.12,1,0.029312230751356333
desktop,macOS,Chrome,"37.8915,-97.8048","28.956,-109.0958",0.0,0,0.0,SUB_3,Grand Horizon Resorts,3,450.0,0.15,0,0.057324175898868755
desktop,macOS,Chrome,"37.8915,-97.8048","28.956,-109.0958",0.0,0,0.0,SUB_4,EcoLodge Boutique,2,220.0,0.14,1,0.029312230751356333
desktop,macOS,Chrome,"37.8915,-97.8048","28.956,-109.0958",0.0,0,0.0,SUB_5,Express Stop Motel,1,-99.0,0.08,0,0.029312230751356333
tablet,iOS,Safari,"36.5823,-75.3203","37.947,-85.3067",0.0,0,1.0,SUB_1,BudgetInns Global,1,85.0,0.1,1,0.025332703226871745
tablet,iOS,Safari,"36.5823,-75.3203","37.947,-85.3067",0.0,0,1.0,SUB_2,Urban Stay Suites,2,180.0,0.12,1,0.025332703226871745
tablet,iOS,Safari,"36.5823,-75.3203","37.947,-85.3067",0.0,0,1.0,SUB_3,Grand Horizon Resorts,3,450.0,0.15,0,0.025332703226871745
tablet,iOS,Safari,"36.5823,-75.3203","37.947,-85.3067",0.0,0,1.0,SUB_4,EcoLodge Boutique,2,220.0,0.14,1,0.025332703226871745
tablet,iOS,Safari,"36.5823,-75.3203","37.947,-85.3067",0.0,0,1.0,SUB_5,Express Stop Motel,1,-99.0,0.08,0,0.025332703226871745
desktop,macOS,Firefox,INVALID_COORD,"17.3468,-73.8283",0.0,0,1.0,SUB_1,BudgetInns Global,1,85.0,0.1,1,0.025332703226871745
desktop,macOS,Firefox,INVALID_COORD,"17.3468,-73.8283",0.0,0,1.0,SUB_2,Urban Stay Suites,2,180.0,0.12,1,0.025332703226871745
desktop,macOS,Firefox,INVALID_COORD,"17.3468,-73.8283",0.0,0,1.0,SUB_3,Grand Horizon Resorts,3,450.0,0.15,0,0.04973651155855676
desktop,macOS,Firefox,INVALID_COORD,"17.3468,-73.8283",0.0,1,1.0,SUB_4,EcoLodge Boutique,2,220.0,0.14,1,0.025332703226871745
desktop,macOS,Firefox,INVALID_COORD,"17.3468,-73.8283",0.0,0,1.0,SUB_5,Express Stop Motel,1,-99.0,0.08,0,0.025332703226871745
mobile,iOS,Chrome,"32.2507,-119.597","33.5699,-121.069",1.0,0,0.0,SUB_1,BudgetInns Global,1,85.0,0.1,1,0.03916572279676437
mobile,iOS,Chrome,"32.2507,-119.597","33.5699,-121.069",1.0,0,0.0,SUB_2,Urban Stay Suites,2,180.0,0.12,1,0.03916572279676437
mobile,iOS,Chrome,"32.2507,-119.597","33.5699,-121.069",1.0,0,0.0,SUB_3,Grand Horizon Resorts,3,450.0,0.15,0,0.01798620996209156
mobile,iOS,Chrome,"32.2507,-119.597","33.5699,-121.069",1.0,0,0.0,SUB_4,EcoLodge Boutique,2,220.0,0.14,1,0.03916572279676437
mobile,iOS,Chrome,"32.2507,-119.597","33.5699,-121.069",1.0,0,0.0,SUB_5,Express Stop Motel,1,-99.0,0.08,0,0.01798620996209156
desktop,Linux,Firefox,"48.2752,-72.8413","40.2232,-73.3682",0.0,0,0.0,SUB_1,BudgetInns Global,1,85.0,0.1,1,0.016302499371440946
desktop,Linux,Firefox,"48.2752,-72.8413","40.2232,-73.3682",0.0,0,0.0,SUB_2,Urban Stay Suites,2,180.0,0.12,1,0.016302499371440946
desktop,Linux,Firefox,"48.2752,-72.8413","40.2232,-73.3682",0.0,0,0.0,SUB_3,Grand Horizon Resorts,3,450.0,0.15,0,0.016302499371440946
desktop,Linux,Firefox,"48.2752,-72.8413","40.2232,-73.3682",0.0,0,0.0,SUB_4,EcoLodge Boutique,2,220.0,0.14,1,0.016302499371440946
desktop,Linux,Firefox,"48.2752,-72.8413","40.2232,-73.3682",0.0,0,0.0,SUB_5,Express Stop Motel,1,-99.0,0.08,0,0.016302499371440946
desktop,Linux,Firefox,"34.7956,-108.1428","45.2633,-90.7471",0.0,0,0.0,SUB_1,BudgetInns Global,1,85.0,0.1,1,0.029312230751356333
desktop,Linux,Firefox,"34.7956,-108.1428","45.2633,-90.7471",0.0,0,0.0,SUB_2,Urban Stay Suites,2,180.0,0.12,1,0.029312230751356333
desktop,Linux,Firefox,"34.7956,-108.1428","45.2633,-90.7471",0.0,0,0.0,SUB_3,Grand Horizon Resorts,3,450.0,0.15,0,0.029312230751356333
desktop,Linux,Firefox,"34.7956,-108.1428","45.2633,-90.7471",0.0,0,0.0,SUB_4,EcoLodge Boutique,2,220.0,0.14,1,0.029312230751356333
desktop,Linux,Firefox,"34.7956,-108.1428","45.2633,-90.7471",0.0,0,0.0,SUB_5,Express Stop Motel,1,-99.0,0.08,0,0.029312230751356333
mobile,Android,Samsung Internet,"38.6675,-114.6193","35.5856,-109.1359",0.0,0,0.0,SUB_1,BudgetInns Global,1,85.0,0.1,1,0.016302499371440946
mobile,Android,Samsung Internet,"38.6675,-114.6193","35.5856,-109.1359",0.0,0,0.0,SUB_2,Urban Stay Suites,2,180.0,0.12,1,0.016302499371440946
mobile,Android,Samsung Internet,"38.6675,-114.6193","35.5856,-109.1359",0.0,0,0.0,SUB_3,Grand Horizon Resorts,3,450.0,0.15,0,0.007391541344281977
mobile,Android,Samsung Internet,"38.6675,-114.6193","35.5856,-109.1359",0.0,0,0.0,SUB_4,EcoLodge Boutique,2,220.0,0.14,1,0.016302499371440946
mobile,Android,Samsung Internet,"38.6675,-114.6193","35.5856,-109.1359",0.0,0,0.0,SUB_5,Express Stop Motel,1,-99.0,0.08,0,0.007391541344281977
desktop,Linux,Firefox,"38.3005,-81.5936","30.667,-65.6469",1.0,0,0.0,SUB_1,BudgetInns Global,1,85.0,0.1,1,0.06913842034334684
desktop,Linux,Firefox,"38.3005,-81.5936","30.667,-65.6469",1.0,0,0.0,SUB_2,Urban Stay Suites,2,180.0,0.12,1,0.06913842034334684
desktop,Linux,Firefox,"38.3005,-81.5936","30.667,-65.6469",1.0,0,0.0,SUB_3,Grand Horizon Resorts,3,450.0,0.15,0,0.06913842034334684
desktop,Linux,Firefox,"38.3005,-81.5936","30.667,-65.6469",1.0,0,0.0,SUB_4,EcoLodge Boutique,2,220.0,0.14,1,0.06913842034334684
desktop,Linux,Firefox,"38.3005,-81.5936","30.667,-65.6469",1.0,0,0.0,SUB_5,Express Stop Motel,1,-99.0,0.08,0,0.06913842034334684
tablet,Android,,"39.7608,-94.9761","49.1306,-96.7157",0.0,0,0.0,SUB_1,BudgetInns Global,1,85.0,0.1,1,0.029312230751356333
tablet,Android,,"39.7608,-94.9761","49.1306,-96.7157",0.0,0,0.0,SUB_2,Urban Stay Suites,2,180.0,0.12,1,0.029312230751356333
tablet,Android,,"39.7608,-94.9761","49.1306,-96.7157",0.0,0,0.0,SUB_3,Grand Horizon Resorts,3,450.0,0.15,0,0.029312230751356333
tablet,Android,,"39.7608,-94.9761","49.1306,-96.7157",0.0,0,0.0,SUB_4,EcoLodge Boutique,2,220.0,0.14,1,0.029312230751356333
tablet,Android,,"39.7608,-94.9761","49.1306,-96.7157",0.0,0,0.0,SUB_5,Express Stop Motel,1,-99.0,0.08,0,0.029312230751356333
tablet,Android,Samsung Internet,"26.5333,-98.3115","21.8185,-112.334",1.0,0,0.0,SUB_1,BudgetInns Global,1,85.0,0.1,1,0.06913842034334684
tablet,Android,Samsung Internet,"26.5333,-98.3115","21.8185,-112.334",1.0,0,0.0,SUB_2,Urban Stay Suites,2,180.0,0.12,1,0.06913842034334684
tablet,Android,Samsung Internet,"26.5333,-98.3115","21.8185,-112.334",1.0,0,0.0,SUB_3,Grand Horizon Resorts,3,450.0,0.15,0,0.06913842034334684
tablet,Android,Samsung Internet,"26.5333,-98.3115","21.8185,-112.334",1.0,0,0.0,SUB_4,EcoLodge Boutique,2,220.0,0.14,1,0.06913842034334684
tablet,Android,Samsung Internet,"26.5333,-98.3115","21.8185,-112.334",1.0,0,0.0,SUB_5,Express Stop Motel,1,-99.0,0.08,0,0.06913842034334684
mobile,Android,Chrome,"34.0544,-107.5248","22.399,-90.3274",1.0,0,0.0,SUB_1,BudgetInns Global,1,85.0,0.1,1,0.06913842034334684
mobile,Android,Chrome,"34.0544,-107.5248","22.399,-90.3274",1.0,0,0.0,SUB_2,Urban Stay Suites,2,180.0,0.12,1,0.06913842034334684
mobile,Android,Chrome,"34.0544,-107.5248","22.399,-90.3274",1.0,0,0.0,SUB_3,Grand Horizon Resorts,3,450.0,0.15,0,0.03229546469845053
mobile,Android,Chrome,"34.0544,-107.5248","22.399,-90.3274",1.0,1,0.0,SUB_4,EcoLodge Boutique,2,220.0,0.14,1,0.06913842034334684
mobile,Android,Chrome,"34.0544,-107.5248","22.399,-90.3274",1.0,0,0.0,SUB_5,Express Stop Motel,1,-99.0,0.08,0,0.03229546469845053
mobile,Android,Samsung Internet,"43.0782,-92.6264","45.1905,-94.2782",0.0,0,0.0,SUB_1,BudgetInns Global,1,85.0,0.1,1,0.016302499371440946
mobile,Android,Samsung Internet,"43.0782,-92.6264","45.1905,-94.2782",0.0,0,0.0,SUB_2,Urban Stay Suites,2,180.0,0.12,1,0.016302499371440946
mobile,Android,Samsung Internet,"43.0782,-92.6264","45.1905,-94.2782",0.0,0,0.0,SUB_3,Grand Horizon Resorts,3,450.0,0.15,0,0.007391541344281977
mobile,Android,Samsung Internet,"43.0782,-92.6264","45.1905,-94.2782",0.0,0,0.0,SUB_4,EcoLodge Boutique,2,220.0,0.14,1,0.016302499371440946
mobile,Android,Samsung Internet,"43.0782,-92.6264","45.1905,-94.2782",0.0,0,0.0,SUB_5,Express Stop Motel,1,-99.0,0.08,0,0.007391541344281977
tablet,iOS,Chrome,"30.014,-106.2808","32.4609,-119.0155",0.0,0,0.0,SUB_1,BudgetInns Global,1,85.0,0.1,1,0.029312230751356333
tablet,iOS,Chrome,"30.014,-106.2808","32.4609,-119.0155",0.0,0,0.0,SUB_2,Urban Stay Suites,2,180.0,0.12,1,0.029312230751356333
tablet,iOS,Chrome,"30.014,-106.2808","32.4609,-119.0155",0.0,0,0.0,SUB_3,Grand Horizon Resorts,3,450.0,0.15,0,0.029312230751356333
tablet,iOS,Chrome,"30.014,-106.2808","32.4609,-119.0155",0.0,0,0.0,SUB_4,EcoLodge Boutique,2,220.0,0.14,1,0.029312230751356333
tablet,iOS,Chrome,"30.014,-106.2808","32.4609,-119.0155",0.0,0,0.0,SUB_5,Express Stop Motel,1,-99.0,0.08,0,0.029312230751356333
desktop,macOS,Safari,"30.0895,-74.9208","36.5304,-82.825",1.0,0,0.0,SUB_1,BudgetInns Global,1,85.0,0.1,1,0.06913842034334684
desktop,macOS,Safari,"30.0895,-74.9208","36.5304,-82.825",1.0,0,0.0,SUB_2,Urban Stay Suites,2,180.0,0.12,1,0.06913842034334684
desktop,macOS,Safari,"30.0895,-74.9208","36.5304,-82.825",1.0,0,0.0,SUB_3,Grand Horizon Resorts,3,450.0,0.15,0,0.13010847436299788
desktop,macOS,Safari,"30.0895,-74.9208","36.5304,-82.825",1.0,0,0.0,SUB_4,EcoLodge Boutique,2,220.0,0.14,1,0.06913842034334684
desktop,macOS,Safari,"30.0895,-74.9208","36.5304,-82.825",1.0,0,0.0,SUB_5,Express Stop Motel,1,-99.0,0.08,0,0.06913842034334684
mobile,Android,Chrome,"25.2523,-109.2398","17.4589,-127.2077",0.0,0,0.0,SUB_1,BudgetInns Global,1,85.0,0.1,1,0.029312230751356333
mobile,Android,Chrome,"25.2523,-109.2398","17.4589,-127.2077",0.0,0,0.0,SUB_2,Urban Stay Suites,2,180.0,0.12,1,0.029312230751356333
mobile,Android,Chrome,"25.2523,-109.2398","17.4589,-127.2077",0.0,0,0.0,SUB_3,Grand Horizon Resorts,3,450.0,0.15,0,0.013386917827664779
mobile,Android,Chrome,"25.2523,-109.2398","17.4589,-127.2077",0.0,0,0.0,SUB_4,EcoLodge Boutique,2,220.0,0.14,1,0.029312230751356333
mobile,Android,Chrome,"25.2523,-109.2398","17.4589,-127.2077",0.0,0,0.0,SUB_5,Express Stop Motel,1,-99.0,0.08,0,0.013386917827664779
tablet,iOS,Chrome,"35.937,-75.7822","34.2501,-77.0502",1.0,0,0.0,SUB_1,BudgetInns Global,1,85.0,0.1,1,0.03916572279676437
tablet,iOS,Chrome,"35.937,-75.7822","34.2501,-77.0502",1.0,0,0.0,SUB_2,Urban Stay Suites,2,180.0,0.12,1,0.03916572279676437
tablet,iOS,Chrome,"35.937,-75.7822","34.2501,-77.0502",1.0,0,0.0,SUB_3,Grand Horizon Resorts,3,450.0,0.15,0,0.03916572279676437
tablet,iOS,Chrome,"35.937,-75.7822","34.2501,-77.0502",1.0,0,0.0,SUB_4,EcoLodge Boutique,2,220.0,0.14,1,0.03916572279676437
tablet,iOS,Chrome,"35.937,-75.7822","34.2501,-77.0502",1.0,0,0.0,SUB_5,Express Stop Motel,1,-99.0,0.08,0,0.03916572279676437
desktop,Windows,Chrome,"47.0684,-92.0297","40.5394,-77.9046",0.0,0,,SUB_1,BudgetInns Global,1,85.0,0.1,1,0.029312230751356333
desktop,Windows,Chrome,"47.0684,-92.0297","40.5394,-77.9046",0.0,0,,SUB_2,Urban Stay Suites,2,180.0,0.12,1,0.029312230751356333
desktop,Windows,Chrome,"47.0684,-92.0297","40.5394,-77.9046",0.0,0,,SUB_3,Grand Horizon Resorts,3,450.0,0.15,0,0.029312230751356333
desktop,Windows,Chrome,"47.0684,-92.0297","40.5394,-77.9046",0.0,0,,SUB_4,EcoLodge Boutique,2,220.0,0.14,1,0.029312230751356333
desktop,Windows,Chrome,"47.0684,-92.0297","40.5394,-77.9046",0.0,0,,SUB_5,Express Stop Motel,1,-99.0,0.08,0,0.029312230751356333
mobile,Android,,"26.2975,-78.5756","13.7261,-61.2324",0.0,0,0.0,SUB_1,BudgetInns Global,1,85.0,0.1,1,0.029312230751356333
mobile,Android,,"26.2975,-78.5756","13.7261,-61.2324",0.0,0,0.0,SUB_2,Urban Stay Suites,2,180.0,0.12,1,0.029312230751356333
mobile,Android,,"26.2975,-78.5756","13.7261,-61.2324",0.0,0,0.0,SUB_3,Grand Horizon Resorts,3,450.0,0.15,0,0.013386917827664779
mobile,Android,,"26.2975,-78.5756","13.7261,-61.2324",0.0,0,0.0,SUB_4,EcoLodge Boutique,2,220.0,0.14,1,0.029312230751356333
mobile,Android,,"26.2975,-78.5756","13.7261,-61.2324",0.0,0,0.0,SUB_5,Express Stop Motel,1,-99.0,0.08,0,0.013386917827664779
desktop,Linux,Firefox,"29.778,-84.3577","41.0764,-67.0536",1.0,0,0.0,SUB_1,BudgetInns Global,1,85.0,0.1,1,0.06913842034334684
desktop,Linux,Firefox,"29.778,-84.3577","41.0764,-67.0536",1.0,0,0.0,SUB_2,Urban Stay Suites,2,180.0,0.12,1,0.06913842034334684
desktop,Linux,Firefox,"29.778,-84.3577","41.0764,-67.0536",1.0,0,0.0,SUB_3,Grand Horizon Resorts,3,450.0,0.15,0,0.06913842034334684
desktop,Linux,Firefox,"29.778,-84.3577","41.0764,-67.0536",1.0,0,0.0,SUB_4,EcoLodge Boutique,2,220.0,0.14,1,0.06913842034334684
desktop,Linux,Firefox,"29.778,-84.3577","41.0764,-67.0536",1.0,0,0.0,SUB_5,Express Stop Motel,1,-99.0,0.08,0,0.06913842034334684
mobile,Android,,INVALID_COORD,"39.6182,-100.156",0.0,0,0.0,SUB_1,BudgetInns Global,1,85.0,0.1,1,0.016302499371440946
mobile,Android,,INVALID_COORD,"39.6182,-100.156",0.0,0,0.0,SUB_2,Urban Stay Suites,2,180.0,0.12,1,0.016302499371440946
mobile,Android,,INVALID_COORD,"39.6182,-100.156",0.0,0,0.0,SUB_3,Grand Horizon Resorts,3,450.0,0.15,0,0.007391541344281977
mobile,Android,,INVALID_COORD,"39.6182,-100.156",0.0,0,0.0,SUB_4,EcoLodge Boutique,2,220.0,0.14,1,0.016302499371440946
mobile,Android,,INVALID_COORD,"39.6182,-100.156",0.0,0,0.0,SUB_5,Express Stop Motel,1,-99.0,0.08,0,0.007391541344281977
mobile,iOS,Chrome,"43.2931,-103.7827","37.337,-108.5005",0.0,0,0.0,SUB_1,BudgetInns Global,1,85.0,0.1,1,0.016302499371440946
mobile,iOS,Chrome,"43.2931,-103.7827","37.337,-108.5005",0.0,0,0.0,SUB_2,Urban Stay Suites,2,180.0,0.12,1,0.016302499371440946
mobile,iOS,Chrome,"43.2931,-103.7827","37.337,-108.5005",0.0,0,0.0,SUB_3,Grand Horizon Resorts,3,450.0,0.15,0,0.007391541344281977
mobile,iOS,Chrome,"43.2931,-103.7827","37.337,-108.5005",0.0,0,0.0,SUB_4,EcoLodge Boutique,2,220.0,0.14,1,0.016302499371440946
mobile,iOS,Chrome,"43.2931,-103.7827","37.337,-108.5005",0.0,0,0.0,SUB_5,Express Stop Motel,1,-99.0,0.08,0,0.007391541344281977
mobile,Android,Samsung Internet,"41.0159,-108.3052","43.9971,-127.176",1.0,0,0.0,SUB_1,BudgetInns Global,1,85.0,0.1,1,0.06913842034334684
mobile,Android,Samsung Internet,"41.0159,-108.3052","43.9971,-127.176",1.0,0,0.0,SUB_2,Urban Stay Suites,2,180.0,0.12,1,0.06913842034334684
mobile,Android,Samsung Internet,"41.0159,-108.3052","43.9971,-127.176",1.0,0,0.0,SUB_3,Grand Horizon Resorts,3,450.0,0.15,0,0.03229546469845053
mobile,Android,Samsung Internet,"41.0159,-108.3052","43.9971,-127.176",1.0,0,0.0,SUB_4,EcoLodge Boutique,2,220.0,0.14,1,0.06913842034334684
mobile,Android,Samsung Internet,"41.0159,-108.3052","43.9971,-127.176",1.0,0,0.0,SUB_5,Express Stop Motel,1,-99.0,0.08,0,0.03229546469845053
desktop,Windows,Edge,"35.3986,-109.4557","26.4365,-95.2491",0.0,0,0.0,SUB_1,BudgetInns Global,1,85.0,0.1,1,0.029312230751356333
desktop,Windows,Edge,"35.3986,-109.4557","26.4365,-95.2491",0.0,0,0.0,SUB_2,Urban Stay Suites,2,180.0,0.12,1,0.029312230751356333
desktop,Windows,Edge,"35.3986,-109.4557","26.4365,-95.2491",0.0,0,0.0,SUB_3,Grand Horizon Resorts,3,450.0,0.15,0,0.029312230751356333
desktop,Windows,Edge,"35.3986,-109.4557","26.4365,-95.2491",0.0,0,0.0,SUB_4,EcoLodge Boutique,2,220.0,0.14,1,0.029312230751356333
desktop,Windows,Edge,"35.3986,-109.4557","26.4365,-95.2491",0.0,0,0.0,SUB_5,Express Stop Motel,1,-99.0,0.08,0,0.029312230751356333
mobile,iOS,Chrome,"43.9767,-77.1404","55.6838,-82.7902",0.0,0,0.0,SUB_1,BudgetInns Global,1,85.0,0.1,1,0.029312230751356333
mobile,iOS,Chrome,"43.9767,-77.1404","55.6838,-82.7902",0.0,0,0.0,SUB_2,Urban Stay Suites,2,180.0,0.12,1,0.029312230751356333
mobile,iOS,Chrome,"43.9767,-77.1404","55.6838,-82.7902",0.0,0,0.0,SUB_3,Grand Horizon Resorts,3,450.0,0.15,0,0.013386917827664779
mobile,iOS,Chrome,"43.9767,-77.1404","55.6838,-82.7902",0.0,0,0.0,SUB_4,EcoLodge Boutique,2,220.0,0.14,1,0.029312230751356333
mobile,iOS,Chrome,"43.9767,-77.1404","55.6838,-82.7902",0.0,0,0.0,SUB_5,Express Stop Motel,1,-99.0,0.08,0,0.013386917827664779
mobile,iOS,Chrome,"40.2408,-78.9787","28.688,-73.734",0.0,0,0.0,SUB_1,BudgetInns Global,1,85.0,0.1,1,0.029312230751356333
mobile,iOS,Chrome,"40.2408,-78.9787","28.688,-73.734",0.0,0,0.0,SUB_2,Urban Stay Suites,2,180.0,0.12,1,0.029312230751356333
mobile,iOS,Chrome,"40.2408,-78.9787","28.688,-73.734",0.0,0,0.0,SUB_3,Grand Horizon Resorts,3,450.0,0.15,0,0.013386917827664779
mobile,iOS,Chrome,"40.2408,-78.9787","28.688,-73.734",0.0,0,0.0,SUB_4,EcoLodge Boutique,2,220.0,0.14,1,0.029312230751356333
mobile,iOS,Chrome,"40.2408,-78.9787","28.688,-73.734",0.0,0,0.0,SUB_5,Express Stop Motel,1,-99.0,0.08,0,0.013386917827664779
mobile,iOS,Chrome,"47.401,-97.9713","32.5161,-89.3754",1.0,0,0.0,SUB_1,BudgetInns Global,1,85.0,0.1,1,0.06913842034334684
mobile,iOS,Chrome,"47.401,-97.9713","32.5161,-89.3754",1.0,0,0.0,SUB_2,Urban Stay Suites,2,180.0,0.12,1,0.06913842034334684
mobile,iOS,Chrome,"47.401,-97.9713","32.5161,-89.3754",1.0,0,0.0,SUB_3,Grand Horizon Resorts,3,450.0,0.15,0,0.03229546469845053
mobile,iOS,Chrome,"47.401,-97.9713","32.5161,-89.3754",1.0,0,0.0,SUB_4,EcoLodge Boutique,2,220.0,0.14,1,0.06913842034334684
mobile,iOS,Chrome,"47.401,-97.9713","32.5161,-89.3754",1.0,0,0.0,SUB_5,Express Stop Motel,1,-99.0,0.08,0,0.03229546469845053
mobile,Android,Chrome,"45.4507,-113.3798","45.5109,-116.186",1.0,0,0.0,SUB_1,BudgetInns Global,1,85.0,0.1,1,0.03916572279676437
mobile,Android,Chrome,"45.4507,-113.3798","45.5109,-116.186",1.0,0,0.0,SUB_2,Urban Stay Suites,2,180.0,0.12,1,0.03916572279676437
mobile,Android,Chrome,"45.4507,-113.3798","45.5109,-116.186",1.0,0,0.0,SUB_3,Grand Horizon Resorts,3,450.0,0.15,0,0.01798620996209156
mobile,Android,Chrome,"45.4507,-113.3798","45.5109,-116.186",1.0,0,0.0,SUB_4,EcoLodge Boutique,2,220.0,0.14,1,0.03916572279676437
mobile,Android,Chrome,"45.4507,-113.3798","45.5109,-116.186",1.0,0,0.0,SUB_5,Express Stop Motel,1,-99.0,0.08,0,0.01798620996209156
tablet,Android,Chrome,"31.3203,-100.8874","33.8141,-108.6297",0.0,0,,SUB_1,BudgetInns Global,1,85.0,0.1,1,0.016302499371440946
tablet,Android,Chrome,"31.3203,-100.8874","33.8141,-108.6297",0.0,0,,SUB_2,Urban Stay Suites,2,180.0,0.12,1,0.016302499371440946
tablet,Android,Chrome,"31.3203,-100.8874","33.8141,-108.6297",0.0,0,,SUB_3,Grand Horizon Resorts,3,450.0,0.15,0,0.016302499371440946
tablet,Android,Chrome,"31.3203,-100.8874","33.8141,-108.6297",0.0,0,,SUB_4,EcoLodge Boutique,2,220.0,0.14,1,0.016302499371440946
tablet,Android,Chrome,"31.3203,-100.8874","33.8141,-108.6297",0.0,0,,SUB_5,Express Stop Motel,1,-99.0,0.08,0,0.016302499371440946
mobile,iOS,UNKNOWN_BROWSER,"31.786,-89.0328","34.155,-70.5443",1.0,0,0.0,SUB_1,BudgetInns Global,1,85.0,0.1,1,0.06913842034334684
mobile,iOS,UNKNOWN_BROWSER,"31.786,-89.0328","34.155,-70.5443",1.0,0,0.0,SUB_2,Urban Stay Suites,2,180.0,0.12,1,0.06913842034334684
mobile,iOS,UNKNOWN_BROWSER,"31.786,-89.0328","34.155,-70.5443",1.0,0,0.0,SUB_3,Grand Horizon Resorts,3,450.0,0.15,0,0.03229546469845053
mobile,iOS,UNKNOWN_BROWSER,"31.786,-89.0328","34.155,-70.5443",1.0,0,0.0,SUB_4,EcoLodge Boutique,2,220.0,0.14,1,0.06913842034334684
mobile,iOS,UNKNOWN_BROWSER,"31.786,-89.0328","34.155,-70.5443",1.0,0,0.0,SUB_5,Express Stop Motel,1,-99.0,0.08,0,0.03229546469845053
mobile,Android,Samsung Internet,"28.1339,-97.2798","14.7693,-78.7003",1.0,0,0.0,SUB_1,BudgetInns Global,1,85.0,0.1,1,0.06913842034334684
mobile,Android,Samsung Internet,"28.1339,-97.2798","14.7693,-78.7003",1.0,0,0.0,SUB_2,Urban Stay Suites,2,180.0,0.12,1,0.06913842034334684
mobile,Android,Samsung Internet,"28.1339,-97.2798","14.7693,-78.7003",1.0,0,0.0,SUB_3,Grand Horizon Resorts,3,450.0,0.15,0,0.03229546469845053
mobile,Android,Samsung Internet,"28.1339,-97.2798","14.7693,-78.7003",1.0,0,0.0,SUB_4,EcoLodge Boutique,2,220.0,0.14,1,0.06913842034334684
mobile,Android,Samsung Internet,"28.1339,-97.2798","14.7693,-78.7003",1.0,0,0.0,SUB_5,Express Stop Motel,1,-99.0,0.08,0,0.03229546469845053
desktop,Windows,Edge,"33.4241,-80.9905","27.8454,-89.413",0.0,0,0.0,SUB_1,BudgetInns Global,1,85.0,0.1,1,0.029312230751356333
desktop,Windows,Edge,"33.4241,-80.9905","27.8454,-89.413",0.0,0,0.0,SUB_2,Urban Stay Suites,2,180.0,0.12,1,0.029312230751356333
desktop,Windows,Edge,"33.4241,-80.9905","27.8454,-89.413",0.0,0,0.0,SUB_3,Grand Horizon Resorts,3,450.0,0.15,0,0.029312230751356333
desktop,Windows,Edge,"33.4241,-80.9905","27.8454,-89.413",0.0,0,0.0,SUB_4,EcoLodge Boutique,2,220.0,0.14,1,0.029312230751356333
desktop,Windows,Edge,"33.4241,-80.9905","27.8454,-89.413",0.0,0,0.0,SUB_5,Express Stop Motel,1,-99.0,0.08,0,0.029312230751356333
mobile,iOS,,"49.9886,-70.1189","49.9646,-70.9339",0.0,0,0.0,SUB_1,BudgetInns Global,1,85.0,0.1,1,0.016302499371440946
mobile,iOS,,"49.9886,-70.1189","49.9646,-70.9339",0.0,0,0.0,SUB_2,Urban Stay Suites,2,180.0,0.12,1,0.016302499371440946
mobile,iOS,,"49.9886,-70.1189","49.9646,-70.9339",0.0,0,0.0,SUB_3,Grand Horizon Resorts,3,450.0,0.15,0,0.007391541344281977
mobile,iOS,,"49.9886,-70.1189","49.9646,-70.9339",0.0,0,0.0,SUB_4,EcoLodge Boutique,2,220.0,0.14,1,0.016302499371440946
mobile,iOS,,"49.9886,-70.1189","49.9646,-70.9339",0.0,0,0.0,SUB_5,Express Stop Motel,1,-99.0,0.08,0,0.007391541344281977
mobile,Android,Samsung Internet,"35.1438,-110.4434","26.6412,-91.5296",0.0,0,0.0,SUB_1,BudgetInns Global,1,85.0,0.1,1,0.029312230751356333
mobile,Android,Samsung Internet,"35.1438,-110.4434","26.6412,-91.5296",0.0,0,0.0,SUB_2,Urban Stay Suites,2,180.0,0.12,1,0.029312230751356333
mobile,Android,Samsung Internet,"35.1438,-110.4434","26.6412,-91.5296",0.0,0,0.0,SUB_3,Grand Horizon Resorts,3,450.0,0.15,0,0.013386917827664779
mobile,Android,Samsung Internet,"35.1438,-110.4434","26.6412,-91.5296",0.0,0,0.0,SUB_4,EcoLodge Boutique,2,220.0,0.14,1,0.029312230751356333
mobile,Android,Samsung Internet,"35.1438,-110.4434","26.6412,-91.5296",0.0,0,0.0,SUB_5,Express Stop Motel,1,-99.0,0.08,0,0.013386917827664779
mobile,Android,Samsung Internet,"30.5122,-97.0175","41.691,-116.8228",0.0,0,0.0,SUB_1,BudgetInns Global,1,85.0,0.1,1,0.029312230751356333
mobile,Android,Samsung Internet,"30.5122,-97.0175","41.691,-116.8228",0.0,0,0.0,SUB_2,Urban Stay Suites,2,180.0,0.12,1,0.029312230751356333
mobile,Android,Samsung Internet,"30.5122,-97.0175","41.691,-116.8228",0.0,0,0.0,SUB_3,Grand Horizon Resorts,3,450.0,0.15,0,0.013386917827664779
mobile,Android,Samsung Internet,"30.5122,-97.0175","41.691,-116.8228",0.0,0,0.0,SUB_4,EcoLodge Boutique,2,220.0,0.14,1,0.029312230751356333
mobile,Android,Samsung Internet,"30.5122,-97.0175","41.691,-116.8228",0.0,0,0.0,SUB_5,Express Stop Motel,1,-99.0,0.08,0,0.013386917827664779
mobile,Android,Samsung Internet,"44.0621,-98.4508","31.6754,-101.9437",0.0,0,0.0,SUB_1,BudgetInns Global,1,85.0,0.1,1,0.029312230751356333
mobile,Android,Samsung Internet,"44.0621,-98.4508","31.6754,-101.9437",0.0,0,0.0,SUB_2,Urban Stay Suites,2,180.0,0.12,1,0.029312230751356333
mobile,Android,Samsung Internet,"44.0621,-98.4508","31.6754,-101.9437",0.0,0,0.0,SUB_3,Grand Horizon Resorts,3,450.0,0.15,0,0.013386917827664779
mobile,Android,Samsung Internet,"44.0621,-98.4508","31.6754,-101.9437",0.0,0,0.0,SUB_4,EcoLodge Boutique,2,220.0,0.14,1,0.029312230751356333
mobile,Android,Samsung Internet,"44.0621,-98.4508","31.6754,-101.9437",0.0,0,0.0,SUB_5,Express Stop Motel,1,-99.0,0.08,0,0.013386917827664779
mobile,Android,Samsung Internet,"38.5618,-104.7754","38.1833,-120.7571",1.0,0,0.0,SUB_1,BudgetInns Global,1,85.0,0.1,1,0.06913842034334684
mobile,Android,Samsung Internet,"38.5618,-104.7754","38.1833,-120.7571",1.0,0,0.0,SUB_2,Urban Stay Suites,2,180.0,0.12,1,0.06913842034334684
mobile,Android,Samsung Internet,"38.5618,-104.7754","38.1833,-120.7571",1.0,0,0.0,SUB_3,Grand Horizon Resorts,3,450.0,0.15,0,0.03229546469845053
mobile,Android,Samsung Internet,"38.5618,-104.7754","38.1833,-120.7571",1.0,0,0.0,SUB_4,EcoLodge Boutique,2,220.0,0.14,1,0.06913842034334684
mobile,Android,Samsung Internet,"38.5618,-104.7754","38.1833,-120.7571",1.0,1,0.0,SUB_5,Express Stop Motel,1,-99.0,0.08,0,0.03229546469845053
mobile,Android,Chrome,"28.74,-110.0952","34.4825,-109.7289",0.0,0,0.0,SUB_1,BudgetInns Global,1,85.0,0.1,1,0.016302499371440946
mobile,Android,Chrome,"28.74,-110.0952","34.4825,-109.7289",0.0,0,0.0,SUB_2,Urban Stay Suites,2,180.0,0.12,1,0.016302499371440946
mobile,Android,Chrome,"28.74,-110.0952","34.4825,-109.7289",0.0,0,0.0,SUB_3,Grand Horizon Resorts,3,450.0,0.15,0,0.007391541344281977
mobile,Android,Chrome,"28.74,-110.0952","34.4825,-109.7289",0.0,0,0.0,SUB_4,EcoLodge Boutique,2,220.0,0.14,1,0.016302499371440946
mobile,Android,Chrome,"28.74,-110.0952","34.4825,-109.7289",0.0,0,0.0,SUB_5,Express Stop Motel,1,-99.0,0.08,0,0.007391541344281977
mobile,Android,Samsung Internet,"34.5172,-116.7154","27.3697,-135.7286",0.0,0,0.0,SUB_1,BudgetInns Global,1,85.0,0.1,1,0.029312230751356333
mobile,Android,Samsung Internet,"34.5172,-116.7154","27.3697,-135.7286",0.0,0,0.0,SUB_2,Urban Stay Suites,2,180.0,0.12,1,0.029312230751356333
mobile,Android,Samsung Internet,"34.5172,-116.7154","27.3697,-135.7286",0.0,0,0.0,SUB_3,Grand Horizon Resorts,3,450.0,0.15,0,0.013386917827664779
mobile,Android,Samsung Internet,"34.5172,-116.7154","27.3697,-135.7286",0.0,0,0.0,SUB_4,EcoLodge Boutique,2,220.0,0.14,1,0.029312230751356333
mobile,Android,Samsung Internet,"34.5172,-116.7154","27.3697,-135.7286",0.0,0,0.0,SUB_5,Express Stop Motel,1,-99.0,0.08,0,0.013386917827664779
tablet,Android,Chrome,"35.3617,-75.644","39.0889,-79.3681",0.0,0,1.0,SUB_1,BudgetInns Global,1,85.0,0.1,1,0.025332703226871745
tablet,Android,Chrome,"35.3617,-75.644","39.0889,-79.3681",0.0,0,1.0,SUB_2,Urban Stay Suites,2,180.0,0.12,1,0.025332703226871745
tablet,Android,Chrome,"35.3617,-75.644","39.0889,-79.3681",0.0,0,1.0,SUB_3,Grand Horizon Resorts,3,450.0,0.15,0,0.025332703226871745
tablet,Android,Chrome,"35.3617,-75.644","39.0889,-79.3681",0.0,0,1.0,SUB_4,EcoLodge Boutique,2,220.0,0.14,1,0.025332703226871745
tablet,Android,Chrome,"35.3617,-75.644","39.0889,-79.3681",0.0,0,1.0,SUB_5,Express Stop Motel,1,-99.0,0.08,0,0.025332703226871745
mobile,iOS,Safari,"43.8457,-99.0076","53.7273,-110.1796",0.0,0,0.0,SUB_1,BudgetInns Global,1,85.0,0.1,1,0.029312230751356333
mobile,iOS,Safari,"43.8457,-99.0076","53.7273,-110.1796",0.0,0,0.0,SUB_2,Urban Stay Suites,2,180.0,0.12,1,0.029312230751356333
mobile,iOS,Safari,"43.8457,-99.0076","53.7273,-110.1796",0.0,0,0.0,SUB_3,Grand Horizon Resorts,3,450.0,0.15,0,0.013386917827664779
mobile,iOS,Safari,"43.8457,-99.0076","53.7273,-110.1796",0.0,0,0.0,SUB_4,EcoLodge Boutique,2,220.0,0.14,1,0.029312230751356333
mobile,iOS,Safari,"43.8457,-99.0076","53.7273,-110.1796",0.0,0,0.0,SUB_5,Express Stop Motel,1,-99.0,0.08,0,0.013386917827664779
desktop,Windows,Edge,"25.5168,-95.1552","16.2269,-93.8229",0.0,0,0.0,SUB_1,BudgetInns Global,1,85.0,0.1,1,0.029312230751356333
desktop,Windows,Edge,"25.5168,-95.1552","16.2269,-93.8229",0.0,0,0.0,SUB_2,Urban Stay Suites,2,180.0,0.12,1,0.029312230751356333
desktop,Windows,Edge,"25.5168,-95.1552","16.2269,-93.8229",0.0,0,0.0,SUB_3,Grand Horizon Resorts,3,450.0,0.15,0,0.029312230751356333
desktop,Windows,Edge,"25.5168,-95.1552","16.2269,-93.8229",0.0,0,0.0,SUB_4,EcoLodge Boutique,2,220.0,0.14,1,0.029312230751356333
desktop,Windows,Edge,"25.5168,-95.1552","16.2269,-93.8229",0.0,0,0.0,SUB_5,Express Stop Motel,1,-99.0,0.08,0,0.029312230751356333
desktop,Windows,Chrome,"31.7255,-74.1529","44.2421,-54.3132",0.0,0,0.0,SUB_1,BudgetInns Global,1,85.0,0.1,1,0.029312230751356333
desktop,Windows,Chrome,"31.7255,-74.1529","44.2421,-54.3132",0.0,0,0.0,SUB_2,Urban Stay Suites,2,180.0,0.12,1,0.029312230751356333
desktop,Windows,Chrome,"31.7255,-74.1529","44.2421,-54.3132",0.0,0,0.0,SUB_3,Grand Horizon Resorts,3,450.0,0.15,0,0.029312230751356333
desktop,Windows,Chrome,"31.7255,-74.1529","44.2421,-54.3132",0.0,0,0.0,SUB_4,EcoLodge Boutique,2,220.0,0.14,1,0.029312230751356333
desktop,Windows,Chrome,"31.7255,-74.1529","44.2421,-54.3132",0.0,0,0.0,SUB_5,Express Stop Motel,1,-99.0,0.08,0,0.029312230751356333
mobile,iOS,Safari,"37.9399,-81.1855","39.5467,-69.1641",0.0,0,0.0,SUB_1,BudgetInns Global,1,85.0,0.1,1,0.029312230751356333
mobile,iOS,Safari,"37.9399,-81.1855","39.5467,-69.1641",0.0,0,0.0,SUB_2,Urban Stay Suites,2,180.0,0.12,1,0.029312230751356333
mobile,iOS,Safari,"37.9399,-81.1855","39.5467,-69.1641",0.0,0,0.0,SUB_3,Grand Horizon Resorts,3,450.0,0.15,0,0.013386917827664779
mobile,iOS,Safari,"37.9399,-81.1855","39.5467,-69.1641",0.0,0,0.0,SUB_4,EcoLodge Boutique,2,220.0,0.14,1,0.029312230751356333
mobile,iOS,Safari,"37.9399,-81.1855","39.5467,-69.1641",0.0,0,0.0,SUB_5,Express Stop Motel,1,-99.0,0.08,0,0.013386917827664779
desktop,Windows,Firefox,"31.7212,-113.4749","25.6982,-99.6492",0.0,0,1.0,SUB_1,BudgetInns Global,1,85.0,0.1,1,0.045217473483287515
desktop,Windows,Firefox,"31.7212,-113.4749","25.6982,-99.6492",0.0,0,1.0,SUB_2,Urban Stay Suites,2,180.0,0.12,1,0.045217473483287515
desktop,Windows,Firefox,"31.7212,-113.4749","25.6982,-99.6492",0.0,0,1.0,SUB_3,Grand Horizon Resorts,3,450.0,0.15,0,0.045217473483287515
desktop,Windows,Firefox,"31.7212,-113.4749","25.6982,-99.6492",0.0,0,1.0,SUB_4,EcoLodge Boutique,2,220.0,0.14,1,0.045217473483287515
desktop,Windows,Firefox,"31.7212,-113.4749","25.6982,-99.6492",0.0,0,1.0,SUB_5,Express Stop Motel,1,-99.0,0.08,0,0.045217473483287515
mobile,Android,Samsung Internet,"40.7109,-91.729","38.6366,-86.3184",1.0,0,1.0,SUB_1,BudgetInns Global,1,85.0,0.1,1,0.060086650174007654
mobile,Android,Samsung Internet,"40.7109,-91.729","38.6366,-86.3184",1.0,0,1.0,SUB_2,Urban Stay Suites,2,180.0,0.12,1,0.060086650174007654
mobile,Android,Samsung Internet,"40.7109,-91.729","38.6366,-86.3184",1.0,0,1.0,SUB_3,Grand Horizon Resorts,3,450.0,0.15,0,0.027922573784073024
mobile,Android,Samsung Internet,"40.7109,-91.729","38.6366,-86.3184",1.0,0,1.0,SUB_4,EcoLodge Boutique,2,220.0,0.14,1,0.060086650174007654
mobile,Android,Samsung Internet,"40.7109,-91.729","38.6366,-86.3184",1.0,0,1.0,SUB_5,Express Stop Motel,1,-99.0,0.08,0,0.027922573784073024
tablet,iOS,UNKNOWN_BROWSER,"37.0467,-97.8874","31.4125,-116.225",0.0,0,0.0,SUB_1,BudgetInns Global,1,85.0,0.1,1,0.029312230751356333
tablet,iOS,UNKNOWN_BROWSER,"37.0467,-97.8874","31.4125,-116.225",0.0,0,0.0,SUB_2,Urban Stay Suites,2,180.0,0.12,1,0.029312230751356333
tablet,iOS,UNKNOWN_BROWSER,"37.0467,-97.8874","31.4125,-116.225",0.0,0,0.0,SUB_3,Grand Horizon Resorts,3,450.0,0.15,0,0.029312230751356333
tablet,iOS,UNKNOWN_BROWSER,"37.0467,-97.8874","31.4125,-116.225",0.0,0,0.0,SUB_4,EcoLodge Boutique,2,220.0,0.14,1,0.029312230751356333
tablet,iOS,UNKNOWN_BROWSER,"37.0467,-97.8874","31.4125,-116.225",0.0,0,0.0,SUB_5,Express Stop Motel,1,-99.0,0.08,0,0.029312230751356333
mobile,iOS,Chrome,"34.0428,-80.1394","40.7961,-91.8675",0.0,0,0.0,SUB_1,BudgetInns Global,1,85.0,0.1,1,0.029312230751356333
mobile,iOS,Chrome,"34.0428,-80.1394","40.7961,-91.8675",0.0,0,0.0,SUB_2,Urban Stay Suites,2,180.0,0.12,1,0.029312230751356333
mobile,iOS,Chrome,"34.0428,-80.1394","40.7961,-91.8675",0.0,0,0.0,SUB_3,Grand Horizon Resorts,3,450.0,0.15,0,0.013386917827664779
mobile,iOS,Chrome,"34.0428,-80.1394","40.7961,-91.8675",0.0,0,0.0,SUB_4,EcoLodge Boutique,2,220.0,0.14,1,0.029312230751356333
mobile,iOS,Chrome,"34.0428,-80.1394","40.7961,-91.8675",0.0,0,0.0,SUB_5,Express Stop Motel,1,-99.0,0.08,0,0.013386917827664779
mobile,iOS,Safari,"48.7302,-83.7884","57.6192,-66.7858",0.0,0,0.0,SUB_1,BudgetInns Global,1,85.0,0.1,1,0.029312230751356333
mobile,iOS,Safari,"48.7302,-83.7884","57.6192,-66.7858",0.0,0,0.0,SUB_2,Urban Stay Suites,2,180.0,0.12,1,0.029312230751356333
mobile,iOS,Safari,"48.7302,-83.7884","57.6192,-66.7858",0.0,0,0.0,SUB_3,Grand Horizon Resorts,3,450.0,0.15,0,0.013386917827664779
mobile,iOS,Safari,"48.7302,-83.7884","57.6192,-66.7858",0.0,0,0.0,SUB_4,EcoLodge Boutique,2,220.0,0.14,1,0.029312230751356333
mobile,iOS,Safari,"48.7302,-83.7884","57.6192,-66.7858",0.0,0,0.0,SUB_5,Express Stop Motel,1,-99.0,0.08,0,0.013386917827664779
mobile,iOS,Safari,"40.804,-85.4797","50.7921,-90.8352",0.0,0,0.0,SUB_1,BudgetInns Global,1,85.0,0.1,1,0.029312230751356333
mobile,iOS,Safari,"40.804,-85.4797","50.7921,-90.8352",0.0,0,0.0,SUB_2,Urban Stay Suites,2,180.0,0.12,1,0.029312230751356333
mobile,iOS,Safari,"40.804,-85.4797","50.7921,-90.8352",0.0,0,0.0,SUB_3,Grand Horizon Resorts,3,450.0,0.15,0,0.013386917827664779
mobile,iOS,Safari,"40.804,-85.4797","50.7921,-90.8352",0.0,0,0.0,SUB_4,EcoLodge Boutique,2,220.0,0.14,1,0.029312230751356333
mobile,iOS,Safari,"40.804,-85.4797","50.7921,-90.8352",0.0,0,0.0,SUB_5,Express Stop Motel,1,-99.0,0.08,0,0.013386917827664779
tablet,iOS,Safari,"28.2485,-102.9728","42.8215,-118.8273",0.0,0,0.0,SUB_1,BudgetInns Global,1,85.0,0.1,1,0.029312230751356333
tablet,iOS,Safari,"28.2485,-102.9728","42.8215,-118.8273",0.0,0,0.0,SUB_2,Urban Stay Suites,2,180.0,0.12,1,0.029312230751356333
tablet,iOS,Safari,"28.2485,-102.9728","42.8215,-118.8273",0.0,0,0.0,SUB_3,Grand Horizon Resorts,3,450.0,0.15,0,0.029312230751356333
tablet,iOS,Safari,"28.2485,-102.9728","42.8215,-118.8273",0.0,0,0.0,SUB_4,EcoLodge Boutique,2,220.0,0.14,1,0.029312230751356333
tablet,iOS,Safari,"28.2485,-102.9728","42.8215,-118.8273",0.0,0,0.0,SUB_5,Express Stop Motel,1,-99.0,0.08,0,0.029312230751356333
mobile,iOS,Chrome,"39.0023,-79.7518","47.7408,-71.6556",0.0,0,1.0,SUB_1,BudgetInns Global,1,85.0,0.1,1,0.045217473483287515
mobile,iOS,Chrome,"39.0023,-79.7518","47.7408,-71.6556",0.0,0,1.0,SUB_2,Urban Stay Suites,2,180.0,0.12,1,0.045217473483287515
mobile,iOS,Chrome,"39.0023,-79.7518","47.7408,-71.6556",0.0,0,1.0,SUB_3,Grand Horizon Resorts,3,450.0,0.15,0,0.02083634451868043
mobile,iOS,Chrome,"39.0023,-79.7518","47.7408,-71.6556",0.0,0,1.0,SUB_4,EcoLodge Boutique,2,220.0,0.14,1,0.045217473483287515
mobile,iOS,Chrome,"39.0023,-79.7518","47.7408,-71.6556",0.0,0,1.0,SUB_5,Express Stop Motel,1,-99.0,0.08,0,0.02083634451868043
desktop,Linux,Chrome,"44.5183,-117.3804","47.5598,-125.4021",1.0,0,1.0,SUB_1,BudgetInns Global,1,85.0,0.1,1,0.060086650174007654
desktop,Linux,Chrome,"44.5183,-117.3804","47.5598,-125.4021",1.0,0,1.0,SUB_2,Urban Stay Suites,2,180.0,0.12,1,0.060086650174007654
desktop,Linux,Chrome,"44.5183,-117.3804","47.5598,-125.4021",1.0,0,1.0,SUB_3,Grand Horizon Resorts,3,450.0,0.15,0,0.060086650174007654
desktop,Linux,Chrome,"44.5183,-117.3804","47.5598,-125.4021",1.0,0,1.0,SUB_4,EcoLodge Boutique,2,220.0,0.14,1,0.060086650174007654
desktop,Linux,Chrome,"44.5183,-117.3804","47.5598,-125.4021",1.0,0,1.0,SUB_5,Express Stop Motel,1,-99.0,0.08,0,0.060086650174007654
mobile,Android,Chrome,"42.7122,-112.0188","37.8888,-121.2645",0.0,0,1.0,SUB_1,BudgetInns Global,1,85.0,0.1,1,0.025332703226871745
mobile,Android,Chrome,"42.7122,-112.0188","37.8888,-121.2645",0.0,0,1.0,SUB_2,Urban Stay Suites,2,180.0,0.12,1,0.025332703226871745
mobile,Android,Chrome,"42.7122,-112.0188","37.8888,-121.2645",0.0,0,1.0,SUB_3,Grand Horizon Resorts,3,450.0,0.15,0,0.011543752483922297
mobile,Android,Chrome,"42.7122,-112.0188","37.8888,-121.2645",0.0,0,1.0,SUB_4,EcoLodge Boutique,2,220.0,0.14,1,0.025332703226871745
mobile,Android,Chrome,"42.7122,-112.0188","37.8888,-121.2645",0.0,0,1.0,SUB_5,Express Stop Motel,1,-99.0,0.08,0,0.011543752483922297
desktop,macOS,Firefox,"29.3022,-103.2188","30.6401,-83.2997",0.0,0,0.0,SUB_1,BudgetInns Global,1,85.0,0.1,1,0.029312230751356333
desktop,macOS,Firefox,"29.3022,-103.2188","30.6401,-83.2997",0.0,0,0.0,SUB_2,Urban Stay Suites,2,180.0,0.12,1,0.029312230751356333
desktop,macOS,Firefox,"29.3022,-103.2188","30.6401,-83.2997",0.0,0,0.0,SUB_3,Grand Horizon Resorts,3,450.0,0.15,0,0.057324175898868755
desktop,macOS,Firefox,"29.3022,-103.2188","30.6401,-83.2997",0.0,0,0.0,SUB_4,EcoLodge Boutique,2,220.0,0.14,1,0.029312230751356333
desktop,macOS,Firefox,"29.3022,-103.2188","30.6401,-83.2997",0.0,0,0.0,SUB_5,Express Stop Motel,1,-99.0,0.08,0,0.029312230751356333
mobile,iOS,Safari,"49.3105,-116.1596","35.5425,-101.834",1.0,0,0.0,SUB_1,BudgetInns Global,1,85.0,0.1,1,0.06913842034334684
mobile,iOS,Safari,"49.3105,-116.1596","35.5425,-101.834",1.0,0,0.0,SUB_2,Urban Stay Suites,2,180.0,0.12,1,0.06913842034334684
mobile,iOS,Safari,"49.3105,-116.1596","35.5425,-101.834",1.0,0,0.0,SUB_3,Grand Horizon Resorts,3,450.0,0.15,0,0.03229546469845053
mobile,iOS,Safari,"49.3105,-116.1596","35.5425,-101.834",1.0,0,0.0,SUB_4,EcoLodge Boutique,2,220.0,0.14,1,0.06913842034334684
mobile,iOS,Safari,"49.3105,-116.1596","35.5425,-101.834",1.0,0,0.0,SUB_5,Express Stop Motel,1,-99.0,0.08,0,0.03229546469845053
desktop,macOS,Chrome,"36.2203,-108.2503","43.5651,-111.9328",1.0,0,0.0,SUB_1,BudgetInns Global,1,85.0,0.1,1,0.03916572279676437
desktop,macOS,Chrome,"36.2203,-108.2503","43.5651,-111.9328",1.0,0,0.0,SUB_2,Urban Stay Suites,2,180.0,0.12,1,0.03916572279676437
desktop,macOS,Chrome,"36.2203,-108.2503","43.5651,-111.9328",1.0,0,0.0,SUB_3,Grand Horizon Resorts,3,450.0,0.15,0,0.07585818002124355
desktop,macOS,Chrome,"36.2203,-108.2503","43.5651,-111.9328",1.0,0,0.0,SUB_4,EcoLodge Boutique,2,220.0,0.14,1,0.03916572279676437
desktop,macOS,Chrome,"36.2203,-108.2503","43.5651,-111.9328",1.0,0,0.0,SUB_5,Express Stop Motel,1,-99.0,0.08,0,0.03916572279676437
mobile,Android,Chrome,"28.9756,-78.4925","27.3543,-59.2821",0.0,0,0.0,SUB_1,BudgetInns Global,1,85.0,0.1,1,0.029312230751356333
mobile,Android,Chrome,"28.9756,-78.4925","27.3543,-59.2821",0.0,0,0.0,SUB_2,Urban Stay Suites,2,180.0,0.12,1,0.029312230751356333
mobile,Android,Chrome,"28.9756,-78.4925","27.3543,-59.2821",0.0,0,0.0,SUB_3,Grand Horizon Resorts,3,450.0,0.15,0,0.013386917827664779
mobile,Android,Chrome,"28.9756,-78.4925","27.3543,-59.2821",0.0,0,0.0,SUB_4,EcoLodge Boutique,2,220.0,0.14,1,0.029312230751356333
mobile,Android,Chrome,"28.9756,-78.4925","27.3543,-59.2821",0.0,0,0.0,SUB_5,Express Stop Motel,1,-99.0,0.08,0,0.013386917827664779
mobile,Android,Chrome,"29.5049,-72.5874","15.1056,-66.5829",1.0,0,0.0,SUB_1,BudgetInns Global,1,85.0,0.1,1,0.06913842034334684
mobile,Android,Chrome,"29.5049,-72.5874","15.1056,-66.5829",1.0,0,0.0,SUB_2,Urban Stay Suites,2,180.0,0.12,1,0.06913842034334684
mobile,Android,Chrome,"29.5049,-72.5874","15.1056,-66.5829",1.0,0,0.0,SUB_3,Grand Horizon Resorts,3,450.0,0.15,0,0.03229546469845053
mobile,Android,Chrome,"29.5049,-72.5874","15.1056,-66.5829",1.0,0,0.0,SUB_4,EcoLodge Boutique,2,220.0,0.14,1,0.06913842034334684
mobile,Android,Chrome,"29.5049,-72.5874","15.1056,-66.5829",1.0,0,0.0,SUB_5,Express Stop Motel,1,-99.0,0.08,0,0.03229546469845053
mobile,Android,Samsung Internet,"27.4559,-104.7699","14.3311,-95.089",0.0,0,0.0,SUB_1,BudgetInns Global,1,85.0,0.1,1,0.029312230751356333
mobile,Android,Samsung Internet,"27.4559,-104.7699","14.3311,-95.089",0.0,1,0.0,SUB_2,Urban Stay Suites,2,180.0,0.12,1,0.029312230751356333
mobile,Android,Samsung Internet,"27.4559,-104.7699","14.3311,-95.089",0.0,0,0.0,SUB_3,Grand Horizon Resorts,3,450.0,0.15,0,0.013386917827664779
mobile,Android,Samsung Internet,"27.4559,-104.7699","14.3311,-95.089",0.0,0,0.0,SUB_4,EcoLodge Boutique,2,220.0,0.14,1,0.029312230751356333
mobile,Android,Samsung Internet,"27.4559,-104.7699","14.3311,-95.089",0.0,0,0.0,SUB_5,Express Stop Motel,1,-99.0,0.08,0,0.013386917827664779
mobile,iOS,Chrome,"45.088,-106.7742","41.712,-125.5137",0.0,0,0.0,SUB_1,BudgetInns Global,1,85.0,0.1,1,0.029312230751356333
mobile,iOS,Chrome,"45.088,-106.7742","41.712,-125.5137",0.0,0,0.0,SUB_2,Urban Stay Suites,2,180.0,0.12,1,0.029312230751356333
mobile,iOS,Chrome,"45.088,-106.7742","41.712,-125.5137",0.0,0,0.0,SUB_3,Grand Horizon Resorts,3,450.0,0.15,0,0.013386917827664779
mobile,iOS,Chrome,"45.088,-106.7742","41.712,-125.5137",0.0,0,0.0,SUB_4,EcoLodge Boutique,2,220.0,0.14,1,0.029312230751356333
mobile,iOS,Chrome,"45.088,-106.7742","41.712,-125.5137",0.0,0,0.0,SUB_5,Express Stop Motel,1,-99.0,0.08,0,0.013386917827664779
desktop,macOS,Firefox,"28.0508,-106.0054","30.5534,-121.1412",1.0,0,0.0,SUB_1,BudgetInns Global,1,85.0,0.1,1,0.06913842034334684
desktop,macOS,Firefox,"28.0508,-106.0054","30.5534,-121.1412",1.0,0,0.0,SUB_2,Urban Stay Suites,2,180.0,0.12,1,0.06913842034334684
desktop,macOS,Firefox,"28.0508,-106.0054","30.5534,-121.1412",1.0,0,0.0,SUB_3,Grand Horizon Resorts,3,450.0,0.15,0,0.13010847436299788
desktop,macOS,Firefox,"28.0508,-106.0054","30.5534,-121.1412",1.0,0,0.0,SUB_4,EcoLodge Boutique,2,220.0,0.14,1,0.06913842034334684
desktop,macOS,Firefox,"28.0508,-106.0054","30.5534,-121.1412",1.0,0,0.0,SUB_5,Express Stop Motel,1,-99.0,0.08,0,0.06913842034334684
mobile,Android,,"28.1281,-106.114","27.0542,-100.7906",0.0,0,1.0,SUB_1,BudgetInns Global,1,85.0,0.1,1,0.025332703226871745
mobile,Android,,"28.1281,-106.114","27.0542,-100.7906",0.0,0,1.0,SUB_2,Urban Stay Suites,2,180.0,0.12,1,0.025332703226871745
mobile,Android,,"28.1281,-106.114","27.0542,-100.7906",0.0,0,1.0,SUB_3,Grand Horizon Resorts,3,450.0,0.15,0,0.011543752483922297
mobile,Android,,"28.1281,-106.114","27.0542,-100.7906",0.0,1,1.0,SUB_4,EcoLodge Boutique,2,220.0,0.14,1,0.025332703226871745
mobile,Android,,"28.1281,-106.114","27.0542,-100.7906",0.0,0,1.0,SUB_5,Express Stop Motel,1,-99.0,0.08,0,0.011543752483922297
desktop,macOS,Firefox,"46.2618,-118.2035","49.8379,-102.2425",0.0,0,0.0,SUB_1,BudgetInns Global,1,85.0,0.1,1,0.029312230751356333
desktop,macOS,Firefox,"46.2618,-118.2035","49.8379,-102.2425",0.0,0,0.0,SUB_2,Urban Stay Suites,2,180.0,0.12,1,0.029312230751356333
desktop,macOS,Firefox,"46.2618,-118.2035","49.8379,-102.2425",0.0,0,0.0,SUB_3,Grand Horizon Resorts,3,450.0,0.15,0,0.057324175898868755
desktop,macOS,Firefox,"46.2618,-118.2035","49.8379,-102.2425",0.0,0,0.0,SUB_4,EcoLodge Boutique,2,220.0,0.14,1,0.029312230751356333
desktop,macOS,Firefox,"46.2618,-118.2035","49.8379,-102.2425",0.0,0,0.0,SUB_5,Express Stop Motel,1,-99.0,0.08,0,0.029312230751356333
mobile,iOS,Chrome,"33.6151,-73.6542","33.0239,-68.7045",0.0,0,1.0,SUB_1,BudgetInns Global,1,85.0,0.1,1,0.025332703226871745
mobile,iOS,Chrome,"33.6151,-73.6542","33.0239,-68.7045",0.0,0,1.0,SUB_2,Urban Stay Suites,2,180.0,0.12,1,0.025332703226871745
mobile,iOS,Chrome,"33.6151,-73.6542","33.0239,-68.7045",0.0,0,1.0,SUB_3,Grand Horizon Resorts,3,450.0,0.15,0,0.011543752483922297
mobile,iOS,Chrome,"33.6151,-73.6542","33.0239,-68.7045",0.0,0,1.0,SUB_4,EcoLodge Boutique,2,220.0,0.14,1,0.025332703226871745
mobile,iOS,Chrome,"33.6151,-73.6542","33.0239,-68.7045",0.0,0,1.0,SUB_5,Express Stop Motel,1,-99.0,0.08,0,0.011543752483922297
mobile,iOS,Safari,"25.7714,-109.3151","30.6225,-123.9541",0.0,0,0.0,SUB_1,BudgetInns Global,1,85.0,0.1,1,0.029312230751356333
mobile,iOS,Safari,"25.7714,-109.3151","30.6225,-123.9541",0.0,0,0.0,SUB_2,Urban Stay Suites,2,180.0,0.12,1,0.029312230751356333
mobile,iOS,Safari,"25.7714,-109.3151","30.6225,-123.9541",0.0,0,0.0,SUB_3,Grand Horizon Resorts,3,450.0,0.15,0,0.013386917827664779
mobile,iOS,Safari,"25.7714,-109.3151","30.6225,-123.9541",0.0,0,0.0,SUB_4,EcoLodge Boutique,2,220.0,0.14,1,0.029312230751356333
mobile,iOS,Safari,"25.7714,-109.3151","30.6225,-123.9541",0.0,0,0.0,SUB_5,Express Stop Motel,1,-99.0,0.08,0,0.013386917827664779
mobile,iOS,Safari,"26.2974,-98.9998","17.8712,-114.3694",0.0,0,0.0,SUB_1,BudgetInns Global,1,85.0,0.1,1,0.029312230751356333
mobile,iOS,Safari,"26.2974,-98.9998","17.8712,-114.3694",0.0,0,0.0,SUB_2,Urban Stay Suites,2,180.0,0.12,1,0.029312230751356333
mobile,iOS,Safari,"26.2974,-98.9998","17.8712,-114.3694",0.0,0,0.0,SUB_3,Grand Horizon Resorts,3,450.0,0.15,0,0.013386917827664779
mobile,iOS,Safari,"26.2974,-98.9998","17.8712,-114.3694",0.0,0,0.0,SUB_4,EcoLodge Boutique,2,220.0,0.14,1,0.029312230751356333
mobile,iOS,Safari,"26.2974,-98.9998","17.8712,-114.3694",0.0,0,0.0,SUB_5,Express Stop Motel,1,-99.0,0.08,0,0.013386917827664779
mobile,iOS,Chrome,"28.5543,-119.5157","16.9396,-105.7483",0.0,0,0.0,SUB_1,BudgetInns Global,1,85.0,0.1,1,0.029312230751356333
mobile,iOS,Chrome,"28.5543,-119.5157","16.9396,-105.7483",0.0,0,0.0,SUB_2,Urban Stay Suites,2,180.0,0.12,1,0.029312230751356333
mobile,iOS,Chrome,"28.5543,-119.5157","16.9396,-105.7483",0.0,0,0.0,SUB_3,Grand Horizon Resorts,3,450.0,0.15,0,0.013386917827664779
mobile,iOS,Chrome,"28.5543,-119.5157","16.9396,-105.7483",0.0,0,0.0,SUB_4,EcoLodge Boutique,2,220.0,0.14,1,0.029312230751356333
mobile,iOS,Chrome,"28.5543,-119.5157","16.9396,-105.7483",0.0,0,0.0,SUB_5,Express Stop Motel,1,-99.0,0.08,0,0.013386917827664779
desktop,Windows,Edge,"30.3348,-77.1022","33.2278,-91.5301",1.0,0,0.0,SUB_1,BudgetInns Global,1,85.0,0.1,1,0.06913842034334684
desktop,Windows,Edge,"30.3348,-77.1022","33.2278,-91.5301",1.0,0,0.0,SUB_2,Urban Stay Suites,2,180.0,0.12,1,0.06913842034334684
desktop,Windows,Edge,"30.3348,-77.1022","33.2278,-91.5301",1.0,0,0.0,SUB_3,Grand Horizon Resorts,3,450.0,0.15,0,0.06913842034334684
desktop,Windows,Edge,"30.3348,-77.1022","33.2278,-91.5301",1.0,0,0.0,SUB_4,EcoLodge Boutique,2,220.0,0.14,1,0.06913842034334684
desktop,Windows,Edge,"30.3348,-77.1022","33.2278,-91.5301",1.0,0,0.0,SUB_5,Express Stop Motel,1,-99.0,0.08,0,0.06913842034334684
mobile,iOS,Chrome,"41.6287,-83.4421","41.1694,-82.6328",1.0,0,1.0,SUB_1,BudgetInns Global,1,85.0,0.1,1,0.060086650174007654
mobile,iOS,Chrome,"41.6287,-83.4421","41.1694,-82.6328",1.0,0,1.0,SUB_2,Urban Stay Suites,2,180.0,0.12,1,0.060086650174007654
mobile,iOS,Chrome,"41.6287,-83.4421","41.1694,-82.6328",1.0,0,1.0,SUB_3,Grand Horizon Resorts,3,450.0,0.15,0,0.027922573784073024
mobile,iOS,Chrome,"41.6287,-83.4421","41.1694,-82.6328",1.0,0,1.0,SUB_4,EcoLodge Boutique,2,220.0,0.14,1,0.060086650174007654
mobile,iOS,Chrome,"41.6287,-83.4421","41.1694,-82.6328",1.0,0,1.0,SUB_5,Express Stop Motel,1,-99.0,0.08,0,0.027922573784073024
mobile,iOS,Chrome,"28.9332,-72.6622","14.7392,-91.1777",1.0,0,,SUB_1,BudgetInns Global,1,85.0,0.1,1,0.06913842034334684
mobile,iOS,Chrome,"28.9332,-72.6622","14.7392,-91.1777",1.0,1,,SUB_2,Urban Stay Suites,2,180.0,0.12,1,0.06913842034334684
mobile,iOS,Chrome,"28.9332,-72.6622","14.7392,-91.1777",1.0,0,,SUB_3,Grand Horizon Resorts,3,450.0,0.15,0,0.03229546469845053
mobile,iOS,Chrome,"28.9332,-72.6622","14.7392,-91.1777",1.0,1,,SUB_4,EcoLodge Boutique,2,220.0,0.14,1,0.06913842034334684
mobile,iOS,Chrome,"28.9332,-72.6622","14.7392,-91.1777",1.0,0,,SUB_5,Express Stop Motel,1,-99.0,0.08,0,0.03229546469845053
desktop,macOS,Chrome,"27.9719,-80.9192","24.3864,-97.6924",0.0,0,0.0,SUB_1,BudgetInns Global,1,85.0,0.1,1,0.029312230751356333
desktop,macOS,Chrome,"27.9719,-80.9192","24.3864,-97.6924",0.0,0,0.0,SUB_2,Urban Stay Suites,2,180.0,0.12,1,0.029312230751356333
desktop,macOS,Chrome,"27.9719,-80.9192","24.3864,-97.6924",0.0,0,0.0,SUB_3,Grand Horizon Resorts,3,450.0,0.15,0,0.057324175898868755
desktop,macOS,Chrome,"27.9719,-80.9192","24.3864,-97.6924",0.0,0,0.0,SUB_4,EcoLodge Boutique,2,220.0,0.14,1,0.029312230751356333
desktop,macOS,Chrome,"27.9719,-80.9192","24.3864,-97.6924",0.0,0,0.0,SUB_5,Express Stop Motel,1,-99.0,0.08,0,0.029312230751356333
tablet,Android,Chrome,"44.118,-104.3147","32.3018,-97.4208",0.0,0,0.0,SUB_1,BudgetInns Global,1,85.0,0.1,1,0.029312230751356333
tablet,Android,Chrome,"44.118,-104.3147","32.3018,-97.4208",0.0,0,0.0,SUB_2,Urban Stay Suites,2,180.0,0.12,1,0.029312230751356333
tablet,Android,Chrome,"44.118,-104.3147","32.3018,-97.4208",0.0,0,0.0,SUB_3,Grand Horizon Resorts,3,450.0,0.15,0,0.029312230751356333
tablet,Android,Chrome,"44.118,-104.3147","32.3018,-97.4208",0.0,0,0.0,SUB_4,EcoLodge Boutique,2,220.0,0.14,1,0.029312230751356333
tablet,Android,Chrome,"44.118,-104.3147","32.3018,-97.4208",0.0,1,0.0,SUB_5,Express Stop Motel,1,-99.0,0.08,0,0.029312230751356333
mobile,iOS,Safari,"41.7764,-107.6063","42.7171,-100.039",1.0,0,0.0,SUB_1,BudgetInns Global,1,85.0,0.1,1,0.03916572279676437
mobile,iOS,Safari,"41.7764,-107.6063","42.7171,-100.039",1.0,0,0.0,SUB_2,Urban Stay Suites,2,180.0,0.12,1,0.03916572279676437
mobile,iOS,Safari,"41.7764,-107.6063","42.7171,-100.039",1.0,0,0.0,SUB_3,Grand Horizon Resorts,3,450.0,0.15,0,0.01798620996209156
mobile,iOS,Safari,"41.7764,-107.6063","42.7171,-100.039",1.0,0,0.0,SUB_4,EcoLodge Boutique,2,220.0,0.14,1,0.03916572279676437
mobile,iOS,Safari,"41.7764,-107.6063","42.7171,-100.039",1.0,0,0.0,SUB_5,Express Stop Motel,1,-99.0,0.08,0,0.01798620996209156
mobile,iOS,Chrome,"35.8831,-85.1142","32.7564,-91.4554",1.0,0,0.0,SUB_1,BudgetInns Global,1,85.0,0.1,1,0.03916572279676437
mobile,iOS,Chrome,"35.8831,-85.1142","32.7564,-91.4554",1.0,0,0.0,SUB_2,Urban Stay Suites,2,180.0,0.12,1,0.03916572279676437
mobile,iOS,Chrome,"35.8831,-85.1142","32.7564,-91.4554",1.0,0,0.0,SUB_3,Grand Horizon Resorts,3,450.0,0.15,0,0.01798620996209156
mobile,iOS,Chrome,"35.8831,-85.1142","32.7564,-91.4554",1.0,0,0.0,SUB_4,EcoLodge Boutique,2,220.0,0.14,1,0.03916572279676437
mobile,iOS,Chrome,"35.8831,-85.1142","32.7564,-91.4554",1.0,0,0.0,SUB_5,Express Stop Motel,1,-99.0,0.08,0,0.01798620996209156
desktop,Windows,Chrome,INVALID_COORD,"42.1273,-113.17",0.0,0,1.0,SUB_1,BudgetInns Global,1,85.0,0.1,1,0.025332703226871745
desktop,Windows,Chrome,INVALID_COORD,"42.1273,-113.17",0.0,0,1.0,SUB_2,Urban Stay Suites,2,180.0,0.12,1,0.025332703226871745
desktop,Windows,Chrome,INVALID_COORD,"42.1273,-113.17",0.0,0,1.0,SUB_3,Grand Horizon Resorts,3,450.0,0.15,0,0.025332703226871745
desktop,Windows,Chrome,INVALID_COORD,"42.1273,-113.17",0.0,0,1.0,SUB_4,EcoLodge Boutique,2,220.0,0.14,1,0.025332703226871745
desktop,Windows,Chrome,INVALID_COORD,"42.1273,-113.17",0.0,0,1.0,SUB_5,Express Stop Motel,1,-99.0,0.08,0,0.025332703226871745
mobile,iOS,Chrome,"32.7996,-91.6892","41.9677,-79.1408",0.0,1,0.0,SUB_1,BudgetInns Global,1,85.0,0.1,1,0.029312230751356333
mobile,iOS,Chrome,"32.7996,-91.6892","41.9677,-79.1408",0.0,0,0.0,SUB_2,Urban Stay Suites,2,180.0,0.12,1,0.029312230751356333
mobile,iOS,Chrome,"32.7996,-91.6892","41.9677,-79.1408",0.0,0,0.0,SUB_3,Grand Horizon Resorts,3,450.0,0.15,0,0.013386917827664779
mobile,iOS,Chrome,"32.7996,-91.6892","41.9677,-79.1408",0.0,0,0.0,SUB_4,EcoLodge Boutique,2,220.0,0.14,1,0.029312230751356333
mobile,iOS,Chrome,"32.7996,-91.6892","41.9677,-79.1408",0.0,0,0.0,SUB_5,Express Stop Motel,1,-99.0,0.08,0,0.013386917827664779
mobile,iOS,Safari,"37.0625,-119.6871","31.0526,-131.003",0.0,0,0.0,SUB_1,BudgetInns Global,1,85.0,0.1,1,0.029312230751356333
mobile,iOS,Safari,"37.0625,-119.6871","31.0526,-131.003",0.0,0,0.0,SUB_2,Urban Stay Suites,2,180.0,0.12,1,0.029312230751356333
mobile,iOS,Safari,"37.0625,-119.6871","31.0526,-131.003",0.0,0,0.0,SUB_3,Grand Horizon Resorts,3,450.0,0.15,0,0.013386917827664779
mobile,iOS,Safari,"37.0625,-119.6871","31.0526,-131.003",0.0,0,0.0,SUB_4,EcoLodge Boutique,2,220.0,0.14,1,0.029312230751356333
mobile,iOS,Safari,"37.0625,-119.6871","31.0526,-131.003",0.0,0,0.0,SUB_5,Express Stop Motel,1,-99.0,0.08,0,0.013386917827664779
mobile,Android,Chrome,"37.6668,-116.9057","51.5299,-115.2246",0.0,0,0.0,SUB_1,BudgetInns Global,1,85.0,0.1,1,0.029312230751356333
mobile,Android,Chrome,"37.6668,-116.9057","51.5299,-115.2246",0.0,0,0.0,SUB_2,Urban Stay Suites,2,180.0,0.12,1,0.029312230751356333
mobile,Android,Chrome,"37.6668,-116.9057","51.5299,-115.2246",0.0,0,0.0,SUB_3,Grand Horizon Resorts,3,450.0,0.15,0,0.013386917827664779
mobile,Android,Chrome,"37.6668,-116.9057","51.5299,-115.2246",0.0,0,0.0,SUB_4,EcoLodge Boutique,2,220.0,0.14,1,0.029312230751356333
mobile,Android,Chrome,"37.6668,-116.9057","51.5299,-115.2246",0.0,0,0.0,SUB_5,Express Stop Motel,1,-99.0,0.08,0,0.013386917827664779
desktop,macOS,Firefox,"34.6809,-93.2316","35.7499,-74.5032",0.0,0,0.0,SUB_1,BudgetInns Global,1,85.0,0.1,1,0.029312230751356333
desktop,macOS,Firefox,"34.6809,-93.2316","35.7499,-74.5032",0.0,0,0.0,SUB_2,Urban Stay Suites,2,180.0,0.12,1,0.029312230751356333
desktop,macOS,Firefox,"34.6809,-93.2316","35.7499,-74.5032",0.0,0,0.0,SUB_3,Grand Horizon Resorts,3,450.0,0.15,0,0.057324175898868755
desktop,macOS,Firefox,"34.6809,-93.2316","35.7499,-74.5032",0.0,0,0.0,SUB_4,EcoLodge Boutique,2,220.0,0.14,1,0.029312230751356333
desktop,macOS,Firefox,"34.6809,-93.2316","35.7499,-74.5032",0.0,0,0.0,SUB_5,Express Stop Motel,1,-99.0,0.08,0,0.029312230751356333
desktop,Linux,Chrome,"47.6643,-91.6964","51.213,-105.7823",1.0,0,0.0,SUB_1,BudgetInns Global,1,85.0,0.1,1,0.06913842034334684
desktop,Linux,Chrome,"47.6643,-91.6964","51.213,-105.7823",1.0,0,0.0,SUB_2,Urban Stay Suites,2,180.0,0.12,1,0.06913842034334684
desktop,Linux,Chrome,"47.6643,-91.6964","51.213,-105.7823",1.0,0,0.0,SUB_3,Grand Horizon Resorts,3,450.0,0.15,0,0.06913842034334684
desktop,Linux,Chrome,"47.6643,-91.6964","51.213,-105.7823",1.0,0,0.0,SUB_4,EcoLodge Boutique,2,220.0,0.14,1,0.06913842034334684
desktop,Linux,Chrome,"47.6643,-91.6964","51.213,-105.7823",1.0,0,0.0,SUB_5,Express Stop Motel,1,-99.0,0.08,0,0.06913842034334684
mobile,iOS,safari_mobile,"25.4015,-82.4274","30.8217,-64.7923",0.0,0,1.0,SUB_1,BudgetInns Global,1,85.0,0.1,1,0.045217473483287515
mobile,iOS,safari_mobile,"25.4015,-82.4274","30.8217,-64.7923",0.0,0,1.0,SUB_2,Urban Stay Suites,2,180.0,0.12,1,0.045217473483287515
mobile,iOS,safari_mobile,"25.4015,-82.4274","30.8217,-64.7923",0.0,0,1.0,SUB_3,Grand Horizon Resorts,3,450.0,0.15,0,0.02083634451868043
mobile,iOS,safari_mobile,"25.4015,-82.4274","30.8217,-64.7923",0.0,0,1.0,SUB_4,EcoLodge Boutique,2,220.0,0.14,1,0.045217473483287515
mobile,iOS,safari_mobile,"25.4015,-82.4274","30.8217,-64.7923",0.0,0,1.0,SUB_5,Express Stop Motel,1,-99.0,0.08,0,0.02083634451868043
mobile,iOS,Chrome,"44.5543,-113.4017","49.5562,-126.086",0.0,0,0.0,SUB_1,BudgetInns Global,1,85.0,0.1,1,0.029312230751356333
mobile,iOS,Chrome,"44.5543,-113.4017","49.5562,-126.086",0.0,0,0.0,SUB_2,Urban Stay Suites,2,180.0,0.12,1,0.029312230751356333
mobile,iOS,Chrome,"44.5543,-113.4017","49.5562,-126.086",0.0,0,0.0,SUB_3,Grand Horizon Resorts,3,450.0,0.15,0,0.013386917827664779
mobile,iOS,Chrome,"44.5543,-113.4017","49.5562,-126.086",0.0,0,0.0,SUB_4,EcoLodge Boutique,2,220.0,0.14,1,0.029312230751356333
mobile,iOS,Chrome,"44.5543,-113.4017","49.5562,-126.086",0.0,0,0.0,SUB_5,Express Stop Motel,1,-99.0,0.08,0,0.013386917827664779
mobile,iOS,Safari,"28.1096,-94.3408","28.4387,-91.6431",0.0,0,0.0,SUB_1,BudgetInns Global,1,85.0,0.1,1,0.016302499371440946
mobile,iOS,Safari,"28.1096,-94.3408","28.4387,-91.6431",0.0,0,0.0,SUB_2,Urban Stay Suites,2,180.0,0.12,1,0.016302499371440946
mobile,iOS,Safari,"28.1096,-94.3408","28.4387,-91.6431",0.0,0,0.0,SUB_3,Grand Horizon Resorts,3,450.0,0.15,0,0.007391541344281977
mobile,iOS,Safari,"28.1096,-94.3408","28.4387,-91.6431",0.0,0,0.0,SUB_4,EcoLodge Boutique,2,220.0,0.14,1,0.016302499371440946
mobile,iOS,Safari,"28.1096,-94.3408","28.4387,-91.6431",0.0,0,0.0,SUB_5,Express Stop Motel,1,-99.0,0.08,0,0.007391541344281977
desktop,Windows,Firefox,"44.9387,-110.2776","42.8016,-115.1973",0.0,0,0.0,SUB_1,BudgetInns Global,1,85.0,0.1,1,0.016302499371440946
desktop,Windows,Firefox,"44.9387,-110.2776","42.8016,-115.1973",0.0,0,0.0,SUB_2,Urban Stay Suites,2,180.0,0.12,1,0.016302499371440946
desktop,Windows,Firefox,"44.9387,-110.2776","42.8016,-115.1973",0.0,0,0.0,SUB_3,Grand Horizon Resorts,3,450.0,0.15,0,0.016302499371440946
desktop,Windows,Firefox,"44.9387,-110.2776","42.8016,-115.1973",0.0,0,0.0,SUB_4,EcoLodge Boutique,2,220.0,0.14,1,0.016302499371440946
desktop,Windows,Firefox,"44.9387,-110.2776","42.8016,-115.1973",0.0,0,0.0,SUB_5,Express Stop Motel,1,-99.0,0.08,0,0.016302499371440946
mobile,iOS,Safari,"40.3978,-115.3402","27.0113,-96.7431",0.0,0,0.0,SUB_1,BudgetInns Global,1,85.0,0.1,1,0.029312230751356333
mobile,iOS,Safari,"40.3978,-115.3402","27.0113,-96.7431",0.0,0,0.0,SUB_2,Urban Stay Suites,2,180.0,0.12,1,0.029312230751356333
mobile,iOS,Safari,"40.3978,-115.3402","27.0113,-96.7431",0.0,0,0.0,SUB_3,Grand Horizon Resorts,3,450.0,0.15,0,0.013386917827664779
mobile,iOS,Safari,"40.3978,-115.3402","27.0113,-96.7431",0.0,0,0.0,SUB_4,EcoLodge Boutique,2,220.0,0.14,1,0.029312230751356333
mobile,iOS,Safari,"40.3978,-115.3402","27.0113,-96.7431",0.0,0,0.0,SUB_5,Express Stop Motel,1,-99.0,0.08,0,0.013386917827664779
mobile,iOS,Safari,"46.082,-99.4752","31.7446,-108.5335",0.0,0,0.0,SUB_1,BudgetInns Global,1,85.0,0.1,1,0.029312230751356333
mobile,iOS,Safari,"46.082,-99.4752","31.7446,-108.5335",0.0,0,0.0,SUB_2,Urban Stay Suites,2,180.0,0.12,1,0.029312230751356333
mobile,iOS,Safari,"46.082,-99.4752","31.7446,-108.5335",0.0,0,0.0,SUB_3,Grand Horizon Resorts,3,450.0,0.15,0,0.013386917827664779
mobile,iOS,Safari,"46.082,-99.4752","31.7446,-108.5335",0.0,0,0.0,SUB_4,EcoLodge Boutique,2,220.0,0.14,1,0.029312230751356333
mobile,iOS,Safari,"46.082,-99.4752","31.7446,-108.5335",0.0,0,0.0,SUB_5,Express Stop Motel,1,-99.0,0.08,0,0.013386917827664779
desktop,Windows,Chrome,"27.4379,-111.8332","23.1767,-115.8469",0.0,0,0.0,SUB_1,BudgetInns Global,1,85.0,0.1,1,0.016302499371440946
desktop,Windows,Chrome,"27.4379,-111.8332","23.1767,-115.8469",0.0,0,0.0,SUB_2,Urban Stay Suites,2,180.0,0.12,1,0.016302499371440946
desktop,Windows,Chrome,"27.4379,-111.8332","23.1767,-115.8469",0.0,0,0.0,SUB_3,Grand Horizon Resorts,3,450.0,0.15,0,0.016302499371440946
desktop,Windows,Chrome,"27.4379,-111.8332","23.1767,-115.8469",0.0,0,0.0,SUB_4,EcoLodge Boutique,2,220.0,0.14,1,0.016302499371440946
desktop,Windows,Chrome,"27.4379,-111.8332","23.1767,-115.8469",0.0,0,0.0,SUB_5,Express Stop Motel,1,-99.0,0.08,0,0.016302499371440946
mobile,Android,Samsung Internet,"38.9745,-108.9109","33.9843,-89.5965",0.0,0,0.0,SUB_1,BudgetInns Global,1,85.0,0.1,1,0.029312230751356333
mobile,Android,Samsung Internet,"38.9745,-108.9109","33.9843,-89.5965",0.0,0,0.0,SUB_2,Urban Stay Suites,2,180.0,0.12,1,0.029312230751356333
mobile,Android,Samsung Internet,"38.9745,-108.9109","33.9843,-89.5965",0.0,0,0.0,SUB_3,Grand Horizon Resorts,3,450.0,0.15,0,0.013386917827664779
mobile,Android,Samsung Internet,"38.9745,-108.9109","33.9843,-89.5965",0.0,0,0.0,SUB_4,EcoLodge Boutique,2,220.0,0.14,1,0.029312230751356333
mobile,Android,Samsung Internet,"38.9745,-108.9109","33.9843,-89.5965",0.0,0,0.0,SUB_5,Express Stop Motel,1,-99.0,0.08,0,0.013386917827664779
desktop,Windows,Chrome,45.5017;-73.5673,"34.1581,-102.6635",0.0,0,0.0,SUB_1,BudgetInns Global,1,85.0,0.1,1,0.016302499371440946
desktop,Windows,Chrome,45.5017;-73.5673,"34.1581,-102.6635",0.0,0,0.0,SUB_2,Urban Stay Suites,2,180.0,0.12,1,0.016302499371440946
desktop,Windows,Chrome,45.5017;-73.5673,"34.1581,-102.6635",0.0,0,0.0,SUB_3,Grand Horizon Resorts,3,450.0,0.15,0,0.016302499371440946
desktop,Windows,Chrome,45.5017;-73.5673,"34.1581,-102.6635",0.0,0,0.0,SUB_4,EcoLodge Boutique,2,220.0,0.14,1,0.016302499371440946
desktop,Windows,Chrome,45.5017;-73.5673,"34.1581,-102.6635",0.0,0,0.0,SUB_5,Express Stop Motel,1,-99.0,0.08,0,0.016302499371440946
mobile,iOS,Safari,"42.6548,-107.0306","31.8058,-106.9254",0.0,0,0.0,SUB_1,BudgetInns Global,1,85.0,0.1,1,0.029312230751356333
mobile,iOS,Safari,"42.6548,-107.0306","31.8058,-106.9254",0.0,0,0.0,SUB_2,Urban Stay Suites,2,180.0,0.12,1,0.029312230751356333
mobile,iOS,Safari,"42.6548,-107.0306","31.8058,-106.9254",0.0,0,0.0,SUB_3,Grand Horizon Resorts,3,450.0,0.15,0,0.013386917827664779
mobile,iOS,Safari,"42.6548,-107.0306","31.8058,-106.9254",0.0,0,0.0,SUB_4,EcoLodge Boutique,2,220.0,0.14,1,0.029312230751356333
mobile,iOS,Safari,"42.6548,-107.0306","31.8058,-106.9254",0.0,0,0.0,SUB_5,Express Stop Motel,1,-99.0,0.08,0,0.013386917827664779
mobile,Android,Chrome,"38.3573,-115.6204","45.5023,-125.3093",0.0,0,0.0,SUB_1,BudgetInns Global,1,85.0,0.1,1,0.029312230751356333
mobile,Android,Chrome,"38.3573,-115.6204","45.5023,-125.3093",0.0,0,0.0,SUB_2,Urban Stay Suites,2,180.0,0.12,1,0.029312230751356333
mobile,Android,Chrome,"38.3573,-115.6204","45.5023,-125.3093",0.0,0,0.0,SUB_3,Grand Horizon Resorts,3,450.0,0.15,0,0.013386917827664779
mobile,Android,Chrome,"38.3573,-115.6204","45.5023,-125.3093",0.0,0,0.0,SUB_4,EcoLodge Boutique,2,220.0,0.14,1,0.029312230751356333
mobile,Android,Chrome,"38.3573,-115.6204","45.5023,-125.3093",0.0,0,0.0,SUB_5,Express Stop Motel,1,-99.0,0.08,0,0.013386917827664779
mobile,Android,Chrome,"38.5184,-115.5042","49.2273,-107.4497",1.0,0,0.0,SUB_1,BudgetInns Global,1,85.0,0.1,1,0.06913842034334684
mobile,Android,Chrome,"38.5184,-115.5042","49.2273,-107.4497",1.0,0,0.0,SUB_2,Urban Stay Suites,2,180.0,0.12,1,0.06913842034334684
mobile,Android,Chrome,"38.5184,-115.5042","49.2273,-107.4497",1.0,0,0.0,SUB_3,Grand Horizon Resorts,3,450.0,0.15,0,0.03229546469845053
mobile,Android,Chrome,"38.5184,-115.5042","49.2273,-107.4497",1.0,0,0.0,SUB_4,EcoLodge Boutique,2,220.0,0.14,1,0.06913842034334684
mobile,Android,Chrome,"38.5184,-115.5042","49.2273,-107.4497",1.0,0,0.0,SUB_5,Express Stop Motel,1,-99.0,0.08,0,0.03229546469845053
desktop,macOS,Chrome,"35.7399,-110.3375","48.9013,-129.7626",0.0,0,0.0,SUB_1,BudgetInns Global,1,85.0,0.1,1,0.029312230751356333
desktop,macOS,Chrome,"35.7399,-110.3375","48.9013,-129.7626",0.0,0,0.0,SUB_2,Urban Stay Suites,2,180.0,0.12,1,0.029312230751356333
desktop,macOS,Chrome,"35.7399,-110.3375","48.9013,-129.7626",0.0,0,0.0,SUB_3,Grand Horizon Resorts,3,450.0,0.15,0,0.057324175898868755
desktop,macOS,Chrome,"35.7399,-110.3375","48.9013,-129.7626",0.0,0,0.0,SUB_4,EcoLodge Boutique,2,220.0,0.14,1,0.029312230751356333
desktop,macOS,Chrome,"35.7399,-110.3375","48.9013,-129.7626",0.0,0,0.0,SUB_5,Express Stop Motel,1,-99.0,0.08,0,0.029312230751356333
desktop,Linux,Firefox,"32.7209,-117.472","32.4918,-135.4915",1.0,0,0.0,SUB_1,BudgetInns Global,1,85.0,0.1,1,0.06913842034334684
desktop,Linux,Firefox,"32.7209,-117.472","32.4918,-135.4915",1.0,0,0.0,SUB_2,Urban Stay Suites,2,180.0,0.12,1,0.06913842034334684
desktop,Linux,Firefox,"32.7209,-117.472","32.4918,-135.4915",1.0,0,0.0,SUB_3,Grand Horizon Resorts,3,450.0,0.15,0,0.06913842034334684
desktop,Linux,Firefox,"32.7209,-117.472","32.4918,-135.4915",1.0,0,0.0,SUB_4,EcoLodge Boutique,2,220.0,0.14,1,0.06913842034334684
desktop,Linux,Firefox,"32.7209,-117.472","32.4918,-135.4915",1.0,1,0.0,SUB_5,Express Stop Motel,1,-99.0,0.08,0,0.06913842034334684
desktop,Linux,Chrome,"37.0566,-88.6771","43.0826,-84.7028",0.0,0,0.0,SUB_1,BudgetInns Global,1,85.0,0.1,1,0.016302499371440946
desktop,Linux,Chrome,"37.0566,-88.6771","43.0826,-84.7028",0.0,0,0.0,SUB_2,Urban Stay Suites,2,180.0,0.12,1,0.016302499371440946
desktop,Linux,Chrome,"37.0566,-88.6771","43.0826,-84.7028",0.0,0,0.0,SUB_3,Grand Horizon Resorts,3,450.0,0.15,0,0.016302499371440946
desktop,Linux,Chrome,"37.0566,-88.6771","43.0826,-84.7028",0.0,0,0.0,SUB_4,EcoLodge Boutique,2,220.0,0.14,1,0.016302499371440946
desktop,Linux,Chrome,"37.0566,-88.6771","43.0826,-84.7028",0.0,0,0.0,SUB_5,Express Stop Motel,1,-99.0,0.08,0,0.016302499371440946
mobile,Android,Chrome,"27.9623,-105.6337","38.6288,-111.9667",1.0,0,0.0,SUB_1,BudgetInns Global,1,85.0,0.1,1,0.06913842034334684
mobile,Android,Chrome,"27.9623,-105.6337","38.6288,-111.9667",1.0,0,0.0,SUB_2,Urban Stay Suites,2,180.0,0.12,1,0.06913842034334684
mobile,Android,Chrome,"27.9623,-105.6337","38.6288,-111.9667",1.0,0,0.0,SUB_3,Grand Horizon Resorts,3,450.0,0.15,0,0.03229546469845053
mobile,Android,Chrome,"27.9623,-105.6337","38.6288,-111.9667",1.0,1,0.0,SUB_4,EcoLodge Boutique,2,220.0,0.14,1,0.06913842034334684
mobile,Android,Chrome,"27.9623,-105.6337","38.6288,-111.9667",1.0,0,0.0,SUB_5,Express Stop Motel,1,-99.0,0.08,0,0.03229546469845053
desktop,macOS,Chrome,"49.0378,-106.0127","46.5865,-87.88",1.0,0,0.0,SUB_1,BudgetInns Global,1,85.0,0.1,1,0.06913842034334684
desktop,macOS,Chrome,"49.0378,-106.0127","46.5865,-87.88",1.0,0,0.0,SUB_2,Urban Stay Suites,2,180.0,0.12,1,0.06913842034334684
desktop,macOS,Chrome,"49.0378,-106.0127","46.5865,-87.88",1.0,0,0.0,SUB_3,Grand Horizon Resorts,3,450.0,0.15,0,0.13010847436299788
desktop,macOS,Chrome,"49.0378,-106.0127","46.5865,-87.88",1.0,0,0.0,SUB_4,EcoLodge Boutique,2,220.0,0.14,1,0.06913842034334684
desktop,macOS,Chrome,"49.0378,-106.0127","46.5865,-87.88",1.0,0,0.0,SUB_5,Express Stop Motel,1,-99.0,0.08,0,0.06913842034334684
mobile,Android,Chrome,"42.8603,-103.4001","37.1427,-87.2725",0.0,0,1.0,SUB_1,BudgetInns Global,1,85.0,0.1,1,0.045217473483287515
mobile,Android,Chrome,"42.8603,-103.4001","37.1427,-87.2725",0.0,0,1.0,SUB_2,Urban Stay Suites,2,180.0,0.12,1,0.045217473483287515
mobile,Android,Chrome,"42.8603,-103.4001","37.1427,-87.2725",0.0,0,1.0,SUB_3,Grand Horizon Resorts,3,450.0,0.15,0,0.02083634451868043
mobile,Android,Chrome,"42.8603,-103.4001","37.1427,-87.2725",0.0,0,1.0,SUB_4,EcoLodge Boutique,2,220.0,0.14,1,0.045217473483287515
mobile,Android,Chrome,"42.8603,-103.4001","37.1427,-87.2725",0.0,0,1.0,SUB_5,Express Stop Motel,1,-99.0,0.08,0,0.02083634451868043
mobile,Android,Chrome,"48.8117,-86.8602","61.9134,-78.3119",0.0,0,0.0,SUB_1,BudgetInns Global,1,85.0,0.1,1,0.029312230751356333
mobile,Android,Chrome,"48.8117,-86.8602","61.9134,-78.3119",0.0,0,0.0,SUB_2,Urban Stay Suites,2,180.0,0.12,1,0.029312230751356333
mobile,Android,Chrome,"48.8117,-86.8602","61.9134,-78.3119",0.0,0,0.0,SUB_3,Grand Horizon Resorts,3,450.0,0.15,0,0.013386917827664779
mobile,Android,Chrome,"48.8117,-86.8602","61.9134,-78.3119",0.0,0,0.0,SUB_4,EcoLodge Boutique,2,220.0,0.14,1,0.029312230751356333
mobile,Android,Chrome,"48.8117,-86.8602","61.9134,-78.3119",0.0,0,0.0,SUB_5,Express Stop Motel,1,-99.0,0.08,0,0.013386917827664779
desktop,macOS,Chrome,"30.6682,-76.4683","31.1385,-63.7425",0.0,0,0.0,SUB_1,BudgetInns Global,1,85.0,0.1,1,0.029312230751356333
desktop,macOS,Chrome,"30.6682,-76.4683","31.1385,-63.7425",0.0,0,0.0,SUB_2,Urban Stay Suites,2,180.0,0.12,1,0.029312230751356333
desktop,macOS,Chrome,"30.6682,-76.4683","31.1385,-63.7425",0.0,0,0.0,SUB_3,Grand Horizon Resorts,3,450.0,0.15,0,0.057324175898868755
desktop,macOS,Chrome,"30.6682,-76.4683","31.1385,-63.7425",0.0,1,0.0,SUB_4,EcoLodge Boutique,2,220.0,0.14,1,0.029312230751356333
desktop,macOS,Chrome,"30.6682,-76.4683","31.1385,-63.7425",0.0,0,0.0,SUB_5,Express Stop Motel,1,-99.0,0.08,0,0.029312230751356333
mobile,Android,Chrome,"46.9835,-82.0457","46.9011,-75.3524",1.0,0,1.0,SUB_1,BudgetInns Global,1,85.0,0.1,1,0.060086650174007654
mobile,Android,Chrome,"46.9835,-82.0457","46.9011,-75.3524",1.0,0,1.0,SUB_2,Urban Stay Suites,2,180.0,0.12,1,0.060086650174007654
mobile,Android,Chrome,"46.9835,-82.0457","46.9011,-75.3524",1.0,0,1.0,SUB_3,Grand Horizon Resorts,3,450.0,0.15,0,0.027922573784073024
mobile,Android,Chrome,"46.9835,-82.0457","46.9011,-75.3524",1.0,0,1.0,SUB_4,EcoLodge Boutique,2,220.0,0.14,1,0.060086650174007654
mobile,Android,Chrome,"46.9835,-82.0457","46.9011,-75.3524",1.0,0,1.0,SUB_5,Express Stop Motel,1,-99.0,0.08,0,0.027922573784073024
mobile,iOS,Safari,"45.2197,-83.6235","35.5722,-98.6002",0.0,0,0.0,SUB_1,BudgetInns Global,1,85.0,0.1,1,0.029312230751356333
mobile,iOS,Safari,"45.2197,-83.6235","35.5722,-98.6002",0.0,0,0.0,SUB_2,Urban Stay Suites,2,180.0,0.12,1,0.029312230751356333
mobile,iOS,Safari,"45.2197,-83.6235","35.5722,-98.6002",0.0,0,0.0,SUB_3,Grand Horizon Resorts,3,450.0,0.15,0,0.013386917827664779
mobile,iOS,Safari,"45.2197,-83.6235","35.5722,-98.6002",0.0,0,0.0,SUB_4,EcoLodge Boutique,2,220.0,0.14,1,0.029312230751356333
mobile,iOS,Safari,"45.2197,-83.6235","35.5722,-98.6002",0.0,0,0.0,SUB_5,Express Stop Motel,1,-99.0,0.08,0,0.013386917827664779
mobile,iOS,Safari,"41.9288,-95.7804","30.1735,-85.1587",0.0,0,0.0,SUB_1,BudgetInns Global,1,85.0,0.1,1,0.029312230751356333
mobile,iOS,Safari,"41.9288,-95.7804","30.1735,-85.1587",0.0,0,0.0,SUB_2,Urban Stay Suites,2,180.0,0.12,1,0.029312230751356333
mobile,iOS,Safari,"41.9288,-95.7804","30.1735,-85.1587",0.0,0,0.0,SUB_3,Grand Horizon Resorts,3,450.0,0.15,0,0.013386917827664779
mobile,iOS,Safari,"41.9288,-95.7804","30.1735,-85.1587",0.0,0,0.0,SUB_4,EcoLodge Boutique,2,220.0,0.14,1,0.029312230751356333
mobile,iOS,Safari,"41.9288,-95.7804","30.1735,-85.1587",0.0,0,0.0,SUB_5,Express Stop Motel,1,-99.0,0.08,0,0.013386917827664779
mobile,iOS,Chrome,"40.6257,-85.3097","50.8889,-96.902",0.0,0,0.0,SUB_1,BudgetInns Global,1,85.0,0.1,1,0.029312230751356333
mobile,iOS,Chrome,"40.6257,-85.3097","50.8889,-96.902",0.0,0,0.0,SUB_2,Urban Stay Suites,2,180.0,0.12,1,0.029312230751356333
mobile,iOS,Chrome,"40.6257,-85.3097","50.8889,-96.902",0.0,0,0.0,SUB_3,Grand Horizon Resorts,3,450.0,0.15,0,0.013386917827664779
mobile,iOS,Chrome,"40.6257,-85.3097","50.8889,-96.902",0.0,0,0.0,SUB_4,EcoLodge Boutique,2,220.0,0.14,1,0.029312230751356333
mobile,iOS,Chrome,"40.6257,-85.3097","50.8889,-96.902",0.0,0,0.0,SUB_5,Express Stop Motel,1,-99.0,0.08,0,0.013386917827664779
mobile,Android,Chrome,"32.9137,-92.3619","36.3377,-99.4242",1.0,0,0.0,SUB_1,BudgetInns Global,1,85.0,0.1,1,0.03916572279676437
mobile,Android,Chrome,"32.9137,-92.3619","36.3377,-99.4242",1.0,0,0.0,SUB_2,Urban Stay Suites,2,180.0,0.12,1,0.03916572279676437
mobile,Android,Chrome,"32.9137,-92.3619","36.3377,-99.4242",1.0,0,0.0,SUB_3,Grand Horizon Resorts,3,450.0,0.15,0,0.01798620996209156
mobile,Android,Chrome,"32.9137,-92.3619","36.3377,-99.4242",1.0,0,0.0,SUB_4,EcoLodge Boutique,2,220.0,0.14,1,0.03916572279676437
mobile,Android,Chrome,"32.9137,-92.3619","36.3377,-99.4242",1.0,0,0.0,SUB_5,Express Stop Motel,1,-99.0,0.08,0,0.01798620996209156
desktop,macOS,Safari,"45.4103,-109.1875","40.185,-96.4181",0.0,0,0.0,SUB_1,BudgetInns Global,1,85.0,0.1,1,0.029312230751356333
desktop,macOS,Safari,"45.4103,-109.1875","40.185,-96.4181",0.0,0,0.0,SUB_2,Urban Stay Suites,2,180.0,0.12,1,0.029312230751356333
desktop,macOS,Safari,"45.4103,-109.1875","40.185,-96.4181",0.0,0,0.0,SUB_3,Grand Horizon Resorts,3,450.0,0.15,0,0.057324175898868755
desktop,macOS,Safari,"45.4103,-109.1875","40.185,-96.4181",0.0,0,0.0,SUB_4,EcoLodge Boutique,2,220.0,0.14,1,0.029312230751356333
desktop,macOS,Safari,"45.4103,-109.1875","40.185,-96.4181",0.0,0,0.0,SUB_5,Express Stop Motel,1,-99.0,0.08,0,0.029312230751356333
mobile,Android,Samsung Internet,"37.5379,-109.5706","28.29,-108.1096",0.0,0,0.0,SUB_1,BudgetInns Global,1,85.0,0.1,1,0.029312230751356333
mobile,Android,Samsung Internet,"37.5379,-109.5706","28.29,-108.1096",0.0,0,0.0,SUB_2,Urban Stay Suites,2,180.0,0.12,1,0.029312230751356333
mobile,Android,Samsung Internet,"37.5379,-109.5706","28.29,-108.1096",0.0,0,0.0,SUB_3,Grand Horizon Resorts,3,450.0,0.15,0,0.013386917827664779
mobile,Android,Samsung Internet,"37.5379,-109.5706","28.29,-108.1096",0.0,0,0.0,SUB_4,EcoLodge Boutique,2,220.0,0.14,1,0.029312230751356333
mobile,Android,Samsung Internet,"37.5379,-109.5706","28.29,-108.1096",0.0,0,0.0,SUB_5,Express Stop Motel,1,-99.0,0.08,0,0.013386917827664779
desktop,Windows,Edge,"26.7723,-105.1804","28.4372,-90.7828",0.0,0,0.0,SUB_1,BudgetInns Global,1,85.0,0.1,1,0.029312230751356333
desktop,Windows,Edge,"26.7723,-105.1804","28.4372,-90.7828",0.0,0,0.0,SUB_2,Urban Stay Suites,2,180.0,0.12,1,0.029312230751356333
desktop,Windows,Edge,"26.7723,-105.1804","28.4372,-90.7828",0.0,0,0.0,SUB_3,Grand Horizon Resorts,3,450.0,0.15,0,0.029312230751356333
desktop,Windows,Edge,"26.7723,-105.1804","28.4372,-90.7828",0.0,0,0.0,SUB_4,EcoLodge Boutique,2,220.0,0.14,1,0.029312230751356333
desktop,Windows,Edge,"26.7723,-105.1804","28.4372,-90.7828",0.0,0,0.0,SUB_5,Express Stop Motel,1,-99.0,0.08,0,0.029312230751356333
desktop,Windows,Firefox,"32.8216,-74.4599","35.3392,-85.9385",0.0,0,1.0,SUB_1,BudgetInns Global,1,85.0,0.1,1,0.045217473483287515
desktop,Windows,Firefox,"32.8216,-74.4599","35.3392,-85.9385",0.0,0,1.0,SUB_2,Urban Stay Suites,2,180.0,0.12,1,0.045217473483287515
desktop,Windows,Firefox,"32.8216,-74.4599","35.3392,-85.9385",0.0,0,1.0,SUB_3,Grand Horizon Resorts,3,450.0,0.15,0,0.045217473483287515
desktop,Windows,Firefox,"32.8216,-74.4599","35.3392,-85.9385",0.0,0,1.0,SUB_4,EcoLodge Boutique,2,220.0,0.14,1,0.045217473483287515
desktop,Windows,Firefox,"32.8216,-74.4599","35.3392,-85.9385",0.0,0,1.0,SUB_5,Express Stop Motel,1,-99.0,0.08,0,0.045217473483287515
mobile,Android,Chrome,"48.3824,-92.6293","39.5922,-88.3182",0.0,0,0.0,SUB_1,BudgetInns Global,1,85.0,0.1,1,0.029312230751356333
mobile,Android,Chrome,"48.3824,-92.6293","39.5922,-88.3182",0.0,1,0.0,SUB_2,Urban Stay Suites,2,180.0,0.12,1,0.029312230751356333
mobile,Android,Chrome,"48.3824,-92.6293","39.5922,-88.3182",0.0,0,0.0,SUB_3,Grand Horizon Resorts,3,450.0,0.15,0,0.013386917827664779
mobile,Android,Chrome,"48.3824,-92.6293","39.5922,-88.3182",0.0,0,0.0,SUB_4,EcoLodge Boutique,2,220.0,0.14,1,0.029312230751356333
mobile,Android,Chrome,"48.3824,-92.6293","39.5922,-88.3182",0.0,0,0.0,SUB_5,Express Stop Motel,1,-99.0,0.08,0,0.013386917827664779
mobile,iOS,Safari,"46.267,-83.3047","56.8092,-99.9531",0.0,0,0.0,SUB_1,BudgetInns Global,1,85.0,0.1,1,0.029312230751356333
mobile,iOS,Safari,"46.267,-83.3047","56.8092,-99.9531",0.0,0,0.0,SUB_2,Urban Stay Suites,2,180.0,0.12,1,0.029312230751356333
mobile,iOS,Safari,"46.267,-83.3047","56.8092,-99.9531",0.0,0,0.0,SUB_3,Grand Horizon Resorts,3,450.0,0.15,0,0.013386917827664779
mobile,iOS,Safari,"46.267,-83.3047","56.8092,-99.9531",0.0,0,0.0,SUB_4,EcoLodge Boutique,2,220.0,0.14,1,0.029312230751356333
mobile,iOS,Safari,"46.267,-83.3047","56.8092,-99.9531",0.0,0,0.0,SUB_5,Express Stop Motel,1,-99.0,0.08,0,0.013386917827664779
mobile,Android,Samsung Internet,"49.5476,-102.6721","37.0755,-96.9497",0.0,0,0.0,SUB_1,BudgetInns Global,1,85.0,0.1,1,0.029312230751356333
mobile,Android,Samsung Internet,"49.5476,-102.6721","37.0755,-96.9497",0.0,0,0.0,SUB_2,Urban Stay Suites,2,180.0,0.12,1,0.029312230751356333
mobile,Android,Samsung Internet,"49.5476,-102.6721","37.0755,-96.9497",0.0,0,0.0,SUB_3,Grand Horizon Resorts,3,450.0,0.15,0,0.013386917827664779
mobile,Android,Samsung Internet,"49.5476,-102.6721","37.0755,-96.9497",0.0,0,0.0,SUB_4,EcoLodge Boutique,2,220.0,0.14,1,0.029312230751356333
mobile,Android,Samsung Internet,"49.5476,-102.6721","37.0755,-96.9497",0.0,0,0.0,SUB_5,Express Stop Motel,1,-99.0,0.08,0,0.013386917827664779
desktop,Windows,Chrome,"40.6998,-99.6142","36.3826,-89.1128",1.0,0,0.0,SUB_1,BudgetInns Global,1,85.0,0.1,1,0.06913842034334684
desktop,Windows,Chrome,"40.6998,-99.6142","36.3826,-89.1128",1.0,0,0.0,SUB_2,Urban Stay Suites,2,180.0,0.12,1,0.06913842034334684
desktop,Windows,Chrome,"40.6998,-99.6142","36.3826,-89.1128",1.0,0,0.0,SUB_3,Grand Horizon Resorts,3,450.0,0.15,0,0.06913842034334684
desktop,Windows,Chrome,"40.6998,-99.6142","36.3826,-89.1128",1.0,0,0.0,SUB_4,EcoLodge Boutique,2,220.0,0.14,1,0.06913842034334684
desktop,Windows,Chrome,"40.6998,-99.6142","36.3826,-89.1128",1.0,0,0.0,SUB_5,Express Stop Motel,1,-99.0,0.08,0,0.06913842034334684
mobile,Android,Chrome,"31.1878,-113.7217","36.5993,-110.3245",0.0,0,0.0,SUB_1,BudgetInns Global,1,85.0,0.1,1,0.016302499371440946
mobile,Android,Chrome,"31.1878,-113.7217","36.5993,-110.3245",0.0,0,0.0,SUB_2,Urban Stay Suites,2,180.0,0.12,1,0.016302499371440946
mobile,Android,Chrome,"31.1878,-113.7217","36.5993,-110.3245",0.0,0,0.0,SUB_3,Grand Horizon Resorts,3,450.0,0.15,0,0.007391541344281977
mobile,Android,Chrome,"31.1878,-113.7217","36.5993,-110.3245",0.0,0,0.0,SUB_4,EcoLodge Boutique,2,220.0,0.14,1,0.016302499371440946
mobile,Android,Chrome,"31.1878,-113.7217","36.5993,-110.3245",0.0,0,0.0,SUB_5,Express Stop Motel,1,-99.0,0.08,0,0.007391541344281977
desktop,Windows,Edge,"29.0704,-111.4353","22.294,-120.786",0.0,0,0.0,SUB_1,BudgetInns Global,1,85.0,0.1,1,0.029312230751356333
desktop,Windows,Edge,"29.0704,-111.4353","22.294,-120.786",0.0,0,0.0,SUB_2,Urban Stay Suites,2,180.0,0.12,1,0.029312230751356333
desktop,Windows,Edge,"29.0704,-111.4353","22.294,-120.786",0.0,0,0.0,SUB_3,Grand Horizon Resorts,3,450.0,0.15,0,0.029312230751356333
desktop,Windows,Edge,"29.0704,-111.4353","22.294,-120.786",0.0,0,0.0,SUB_4,EcoLodge Boutique,2,220.0,0.14,1,0.029312230751356333
desktop,Windows,Edge,"29.0704,-111.4353","22.294,-120.786",0.0,0,0.0,SUB_5,Express Stop Motel,1,-99.0,0.08,0,0.029312230751356333
mobile,iOS,Chrome,"29.6729,-78.6322","39.5032,-97.3785",0.0,0,0.0,SUB_1,BudgetInns Global,1,85.0,0.1,1,0.029312230751356333
mobile,iOS,Chrome,"29.6729,-78.6322","39.5032,-97.3785",0.0,0,0.0,SUB_2,Urban Stay Suites,2,180.0,0.12,1,0.029312230751356333
mobile,iOS,Chrome,"29.6729,-78.6322","39.5032,-97.3785",0.0,0,0.0,SUB_3,Grand Horizon Resorts,3,450.0,0.15,0,0.013386917827664779
mobile,iOS,Chrome,"29.6729,-78.6322","39.5032,-97.3785",0.0,0,0.0,SUB_4,EcoLodge Boutique,2,220.0,0.14,1,0.029312230751356333
mobile,iOS,Chrome,"29.6729,-78.6322","39.5032,-97.3785",0.0,0,0.0,SUB_5,Express Stop Motel,1,-99.0,0.08,0,0.013386917827664779
desktop,Linux,Chrome,"25.4949,-90.7581","32.6909,-105.9801",0.0,0,0.0,SUB_1,BudgetInns Global,1,85.0,0.1,1,0.029312230751356333
desktop,Linux,Chrome,"25.4949,-90.7581","32.6909,-105.9801",0.0,0,0.0,SUB_2,Urban Stay Suites,2,180.0,0.12,1,0.029312230751356333
desktop,Linux,Chrome,"25.4949,-90.7581","32.6909,-105.9801",0.0,0,0.0,SUB_3,Grand Horizon Resorts,3,450.0,0.15,0,0.029312230751356333
desktop,Linux,Chrome,"25.4949,-90.7581","32.6909,-105.9801",0.0,0,0.0,SUB_4,EcoLodge Boutique,2,220.0,0.14,1,0.029312230751356333
desktop,Linux,Chrome,"25.4949,-90.7581","32.6909,-105.9801",0.0,0,0.0,SUB_5,Express Stop Motel,1,-99.0,0.08,0,0.029312230751356333
mobile,iOS,Chrome,"34.7671,-103.1234","43.4378,-98.2313",0.0,0,0.0,SUB_1,BudgetInns Global,1,85.0,0.1,1,0.029312230751356333
mobile,iOS,Chrome,"34.7671,-103.1234","43.4378,-98.2313",0.0,1,0.0,SUB_2,Urban Stay Suites,2,180.0,0.12,1,0.029312230751356333
mobile,iOS,Chrome,"34.7671,-103.1234","43.4378,-98.2313",0.0,0,0.0,SUB_3,Grand Horizon Resorts,3,450.0,0.15,0,0.013386917827664779
mobile,iOS,Chrome,"34.7671,-103.1234","43.4378,-98.2313",0.0,0,0.0,SUB_4,EcoLodge Boutique,2,220.0,0.14,1,0.029312230751356333
mobile,iOS,Chrome,"34.7671,-103.1234","43.4378,-98.2313",0.0,0,0.0,SUB_5,Express Stop Motel,1,-99.0,0.08,0,0.013386917827664779
mobile,Android,Samsung Internet,"29.7857,-79.8574","18.3589,-62.4806",0.0,0,0.0,SUB_1,BudgetInns Global,1,85.0,0.1,1,0.029312230751356333
mobile,Android,Samsung Internet,"29.7857,-79.8574","18.3589,-62.4806",0.0,0,0.0,SUB_2,Urban Stay Suites,2,180.0,0.12,1,0.029312230751356333
mobile,Android,Samsung Internet,"29.7857,-79.8574","18.3589,-62.4806",0.0,0,0.0,SUB_3,Grand Horizon Resorts,3,450.0,0.15,0,0.013386917827664779
mobile,Android,Samsung Internet,"29.7857,-79.8574","18.3589,-62.4806",0.0,0,0.0,SUB_4,EcoLodge Boutique,2,220.0,0.14,1,0.029312230751356333
mobile,Android,Samsung Internet,"29.7857,-79.8574","18.3589,-62.4806",0.0,0,0.0,SUB_5,Express Stop Motel,1,-99.0,0.08,0,0.013386917827664779
tablet,iOS,Safari,"35.2914,-107.674","24.5078,-119.4126",0.0,0,0.0,SUB_1,BudgetInns Global,1,85.0,0.1,1,0.029312230751356333
tablet,iOS,Safari,"35.2914,-107.674","24.5078,-119.4126",0.0,0,0.0,SUB_2,Urban Stay Suites,2,180.0,0.12,1,0.029312230751356333
tablet,iOS,Safari,"35.2914,-107.674","24.5078,-119.4126",0.0,0,0.0,SUB_3,Grand Horizon Resorts,3,450.0,0.15,0,0.029312230751356333
tablet,iOS,Safari,"35.2914,-107.674","24.5078,-119.4126",0.0,0,0.0,SUB_4,EcoLodge Boutique,2,220.0,0.14,1,0.029312230751356333
tablet,iOS,Safari,"35.2914,-107.674","24.5078,-119.4126",0.0,0,0.0,SUB_5,Express Stop Motel,1,-99.0,0.08,0,0.029312230751356333
desktop,macOS,Chrome,"48.3749,-71.1984","41.9691,-61.7974",0.0,0,0.0,SUB_1,BudgetInns Global,1,85.0,0.1,1,0.029312230751356333
desktop,macOS,Chrome,"48.3749,-71.1984","41.9691,-61.7974",0.0,1,0.0,SUB_2,Urban Stay Suites,2,180.0,0.12,1,0.029312230751356333
desktop,macOS,Chrome,"48.3749,-71.1984","41.9691,-61.7974",0.0,0,0.0,SUB_3,Grand Horizon Resorts,3,450.0,0.15,0,0.057324175898868755
desktop,macOS,Chrome,"48.3749,-71.1984","41.9691,-61.7974",0.0,0,0.0,SUB_4,EcoLodge Boutique,2,220.0,0.14,1,0.029312230751356333
desktop,macOS,Chrome,"48.3749,-71.1984","41.9691,-61.7974",0.0,0,0.0,SUB_5,Express Stop Motel,1,-99.0,0.08,0,0.029312230751356333
mobile,Android,Chrome,"35.7635,-102.7591","36.3058,-88.1011",0.0,0,0.0,SUB_1,BudgetInns Global,1,85.0,0.1,1,0.029312230751356333
mobile,Android,Chrome,"35.7635,-102.7591","36.3058,-88.1011",0.0,0,0.0,SUB_2,Urban Stay Suites,2,180.0,0.12,1,0.029312230751356333
mobile,Android,Chrome,"35.7635,-102.7591","36.3058,-88.1011",0.0,0,0.0,SUB_3,Grand Horizon Resorts,3,450.0,0.15,0,0.013386917827664779
mobile,Android,Chrome,"35.7635,-102.7591","36.3058,-88.1011",0.0,0,0.0,SUB_4,EcoLodge Boutique,2,220.0,0.14,1,0.029312230751356333
mobile,Android,Chrome,"35.7635,-102.7591","36.3058,-88.1011",0.0,0,0.0,SUB_5,Express Stop Motel,1,-99.0,0.08,0,0.013386917827664779
desktop,macOS,Safari,"46.9496,-103.1345","54.3901,-102.2992",1.0,0,0.0,SUB_1,BudgetInns Global,1,85.0,0.1,1,0.03916572279676437
desktop,macOS,Safari,"46.9496,-103.1345","54.3901,-102.2992",1.0,0,0.0,SUB_2,Urban Stay Suites,2,180.0,0.12,1,0.03916572279676437
desktop,macOS,Safari,"46.9496,-103.1345","54.3901,-102.2992",1.0,0,0.0,SUB_3,Grand Horizon Resorts,3,450.0,0.15,0,0.07585818002124355
desktop,macOS,Safari,"46.9496,-103.1345","54.3901,-102.2992",1.0,0,0.0,SUB_4,EcoLodge Boutique,2,220.0,0.14,1,0.03916572279676437
desktop,macOS,Safari,"46.9496,-103.1345","54.3901,-102.2992",1.0,0,0.0,SUB_5,Express Stop Motel,1,-99.0,0.08,0,0.03916572279676437
mobile,Android,Samsung Internet,"40.1376,-104.4044","50.2335,-97.6338",0.0,0,0.0,SUB_1,BudgetInns Global,1,85.0,0.1,1,0.029312230751356333
mobile,Android,Samsung Internet,"40.1376,-104.4044","50.2335,-97.6338",0.0,0,0.0,SUB_2,Urban Stay Suites,2,180.0,0.12,1,0.029312230751356333
mobile,Android,Samsung Internet,"40.1376,-104.4044","50.2335,-97.6338",0.0,0,0.0,SUB_3,Grand Horizon Resorts,3,450.0,0.15,0,0.013386917827664779
mobile,Android,Samsung Internet,"40.1376,-104.4044","50.2335,-97.6338",0.0,0,0.0,SUB_4,EcoLodge Boutique,2,220.0,0.14,1,0.029312230751356333
mobile,Android,Samsung Internet,"40.1376,-104.4044","50.2335,-97.6338",0.0,0,0.0,SUB_5,Express Stop Motel,1,-99.0,0.08,0,0.013386917827664779
desktop,Linux,Chrome,"31.1783,-113.8944","37.3084,-101.2938",1.0,0,0.0,SUB_1,BudgetInns Global,1,85.0,0.1,1,0.06913842034334684
desktop,Linux,Chrome,"31.1783,-113.8944","37.3084,-101.2938",1.0,0,0.0,SUB_2,Urban Stay Suites,2,180.0,0.12,1,0.06913842034334684
desktop,Linux,Chrome,"31.1783,-113.8944","37.3084,-101.2938",1.0,0,0.0,SUB_3,Grand Horizon Resorts,3,450.0,0.15,0,0.06913842034334684
desktop,Linux,Chrome,"31.1783,-113.8944","37.3084,-101.2938",1.0,0,0.0,SUB_4,EcoLodge Boutique,2,220.0,0.14,1,0.06913842034334684
desktop,Linux,Chrome,"31.1783,-113.8944","37.3084,-101.2938",1.0,0,0.0,SUB_5,Express Stop Motel,1,-99.0,0.08,0,0.06913842034334684
desktop,Linux,Chrome,"33.8964,-114.4431","46.7543,-124.0161",0.0,0,0.0,SUB_1,BudgetInns Global,1,85.0,0.1,1,0.029312230751356333
desktop,Linux,Chrome,"33.8964,-114.4431","46.7543,-124.0161",0.0,0,0.0,SUB_2,Urban Stay Suites,2,180.0,0.12,1,0.029312230751356333
desktop,Linux,Chrome,"33.8964,-114.4431","46.7543,-124.0161",0.0,0,0.0,SUB_3,Grand Horizon Resorts,3,450.0,0.15,0,0.029312230751356333
desktop,Linux,Chrome,"33.8964,-114.4431","46.7543,-124.0161",0.0,0,0.0,SUB_4,EcoLodge Boutique,2,220.0,0.14,1,0.029312230751356333
desktop,Linux,Chrome,"33.8964,-114.4431","46.7543,-124.0161",0.0,0,0.0,SUB_5,Express Stop Motel,1,-99.0,0.08,0,0.029312230751356333
mobile,iOS,Safari,"27.098,-87.5947","34.2603,-95.7189",0.0,0,0.0,SUB_1,BudgetInns Global,1,85.0,0.1,1,0.029312230751356333
mobile,iOS,Safari,"27.098,-87.5947","34.2603,-95.7189",0.0,0,0.0,SUB_2,Urban Stay Suites,2,180.0,0.12,1,0.029312230751356333
mobile,iOS,Safari,"27.098,-87.5947","34.2603,-95.7189",0.0,0,0.0,SUB_3,Grand Horizon Resorts,3,450.0,0.15,0,0.013386917827664779
mobile,iOS,Safari,"27.098,-87.5947","34.2603,-95.7189",0.0,0,0.0,SUB_4,EcoLodge Boutique,2,220.0,0.14,1,0.029312230751356333
mobile,iOS,Safari,"27.098,-87.5947","34.2603,-95.7189",0.0,0,0.0,SUB_5,Express Stop Motel,1,-99.0,0.08,0,0.013386917827664779
mobile,iOS,Chrome,"33.3366,-76.2441","27.5246,-96.219",0.0,0,0.0,SUB_1,BudgetInns Global,1,85.0,0.1,1,0.029312230751356333
mobile,iOS,Chrome,"33.3366,-76.2441","27.5246,-96.219",0.0,0,0.0,SUB_2,Urban Stay Suites,2,180.0,0.12,1,0.029312230751356333
mobile,iOS,Chrome,"33.3366,-76.2441","27.5246,-96.219",0.0,0,0.0,SUB_3,Grand Horizon Resorts,3,450.0,0.15,0,0.013386917827664779
mobile,iOS,Chrome,"33.3366,-76.2441","27.5246,-96.219",0.0,0,0.0,SUB_4,EcoLodge Boutique,2,220.0,0.14,1,0.029312230751356333
mobile,iOS,Chrome,"33.3366,-76.2441","27.5246,-96.219",0.0,0,0.0,SUB_5,Express Stop Motel,1,-99.0,0.08,0,0.013386917827664779
mobile,iOS,Chrome,"41.9385,-80.474","34.8909,-61.9502",1.0,0,0.0,SUB_1,BudgetInns Global,1,85.0,0.1,1,0.06913842034334684
mobile,iOS,Chrome,"41.9385,-80.474","34.8909,-61.9502",1.0,1,0.0,SUB_2,Urban Stay Suites,2,180.0,0.12,1,0.06913842034334684
mobile,iOS,Chrome,"41.9385,-80.474","34.8909,-61.9502",1.0,0,0.0,SUB_3,Grand Horizon Resorts,3,450.0,0.15,0,0.03229546469845053
mobile,iOS,Chrome,"41.9385,-80.474","34.8909,-61.9502",1.0,0,0.0,SUB_4,EcoLodge Boutique,2,220.0,0.14,1,0.06913842034334684
mobile,iOS,Chrome,"41.9385,-80.474","34.8909,-61.9502",1.0,0,0.0,SUB_5,Express Stop Motel,1,-99.0,0.08,0,0.03229546469845053
mobile,iOS,Chrome,"26.8028,-112.9446","32.6886,-96.2428",0.0,0,,SUB_1,BudgetInns Global,1,85.0,0.1,1,0.029312230751356333
mobile,iOS,Chrome,"26.8028,-112.9446","32.6886,-96.2428",0.0,0,,SUB_2,Urban Stay Suites,2,180.0,0.12,1,0.029312230751356333
mobile,iOS,Chrome,"26.8028,-112.9446","32.6886,-96.2428",0.0,0,,SUB_3,Grand Horizon Resorts,3,450.0,0.15,0,0.013386917827664779
mobile,iOS,Chrome,"26.8028,-112.9446","32.6886,-96.2428",0.0,0,,SUB_4,EcoLodge Boutique,2,220.0,0.14,1,0.029312230751356333
mobile,iOS,Chrome,"26.8028,-112.9446","32.6886,-96.2428",0.0,0,,SUB_5,Express Stop Motel,1,-99.0,0.08,0,0.013386917827664779
desktop,Linux,Chrome,"30.135,-92.7209","20.9211,-82.1382",0.0,0,0.0,SUB_1,BudgetInns Global,1,85.0,0.1,1,0.029312230751356333
desktop,Linux,Chrome,"30.135,-92.7209","20.9211,-82.1382",0.0,0,0.0,SUB_2,Urban Stay Suites,2,180.0,0.12,1,0.029312230751356333
desktop,Linux,Chrome,"30.135,-92.7209","20.9211,-82.1382",0.0,0,0.0,SUB_3,Grand Horizon Resorts,3,450.0,0.15,0,0.029312230751356333
desktop,Linux,Chrome,"30.135,-92.7209","20.9211,-82.1382",0.0,0,0.0,SUB_4,EcoLodge Boutique,2,220.0,0.14,1,0.029312230751356333
desktop,Linux,Chrome,"30.135,-92.7209","20.9211,-82.1382",0.0,0,0.0,SUB_5,Express Stop Motel,1,-99.0,0.08,0,0.029312230751356333
mobile,Android,Samsung Internet,"34.536,-114.7204","22.3174,-131.5574",0.0,0,0.0,SUB_1,BudgetInns Global,1,85.0,0.1,1,0.029312230751356333
mobile,Android,Samsung Internet,"34.536,-114.7204","22.3174,-131.5574",0.0,0,0.0,SUB_2,Urban Stay Suites,2,180.0,0.12,1,0.029312230751356333
mobile,Android,Samsung Internet,"34.536,-114.7204","22.3174,-131.5574",0.0,0,0.0,SUB_3,Grand Horizon Resorts,3,450.0,0.15,0,0.013386917827664779
mobile,Android,Samsung Internet,"34.536,-114.7204","22.3174,-131.5574",0.0,0,0.0,SUB_4,EcoLodge Boutique,2,220.0,0.14,1,0.029312230751356333
mobile,Android,Samsung Internet,"34.536,-114.7204","22.3174,-131.5574",0.0,0,0.0,SUB_5,Express Stop Motel,1,-99.0,0.08,0,0.013386917827664779
mobile,iOS,Safari,"49.5512,-117.7353","50.5179,-119.8352",0.0,0,0.0,SUB_1,BudgetInns Global,1,85.0,0.1,1,0.016302499371440946
mobile,iOS,Safari,"49.5512,-117.7353","50.5179,-119.8352",0.0,0,0.0,SUB_2,Urban Stay Suites,2,180.0,0.12,1,0.016302499371440946
mobile,iOS,Safari,"49.5512,-117.7353","50.5179,-119.8352",0.0,0,0.0,SUB_3,Grand Horizon Resorts,3,450.0,0.15,0,0.007391541344281977
mobile,iOS,Safari,"49.5512,-117.7353","50.5179,-119.8352",0.0,0,0.0,SUB_4,EcoLodge Boutique,2,220.0,0.14,1,0.016302499371440946
mobile,iOS,Safari,"49.5512,-117.7353","50.5179,-119.8352",0.0,0,0.0,SUB_5,Express Stop Motel,1,-99.0,0.08,0,0.007391541344281977
desktop,Windows,Chrome,"44.6215,-87.1807","54.2707,-103.105",0.0,0,0.0,SUB_1,BudgetInns Global,1,85.0,0.1,1,0.029312230751356333
desktop,Windows,Chrome,"44.6215,-87.1807","54.2707,-103.105",0.0,0,0.0,SUB_2,Urban Stay Suites,2,180.0,0.12,1,0.029312230751356333
desktop,Windows,Chrome,"44.6215,-87.1807","54.2707,-103.105",0.0,0,0.0,SUB_3,Grand Horizon Resorts,3,450.0,0.15,0,0.029312230751356333
desktop,Windows,Chrome,"44.6215,-87.1807","54.2707,-103.105",0.0,0,0.0,SUB_4,EcoLodge Boutique,2,220.0,0.14,1,0.029312230751356333
desktop,Windows,Chrome,"44.6215,-87.1807","54.2707,-103.105",0.0,0,0.0,SUB_5,Express Stop Motel,1,-99.0,0.08,0,0.029312230751356333
tablet,Android,Chrome,"43.3372,-93.2424","31.3786,-112.6056",0.0,0,0.0,SUB_1,BudgetInns Global,1,85.0,0.1,1,0.029312230751356333
tablet,Android,Chrome,"43.3372,-93.2424","31.3786,-112.6056",0.0,0,0.0,SUB_2,Urban Stay Suites,2,180.0,0.12,1,0.029312230751356333
tablet,Android,Chrome,"43.3372,-93.2424","31.3786,-112.6056",0.0,0,0.0,SUB_3,Grand Horizon Resorts,3,450.0,0.15,0,0.029312230751356333
tablet,Android,Chrome,"43.3372,-93.2424","31.3786,-112.6056",0.0,1,0.0,SUB_4,EcoLodge Boutique,2,220.0,0.14,1,0.029312230751356333
tablet,Android,Chrome,"43.3372,-93.2424","31.3786,-112.6056",0.0,0,0.0,SUB_5,Express Stop Motel,1,-99.0,0.08,0,0.029312230751356333
mobile,iOS,Chrome,"27.9048,-115.8988","36.6615,-111.2515",0.0,0,0.0,SUB_1,BudgetInns Global,1,85.0,0.1,1,0.029312230751356333
mobile,iOS,Chrome,"27.9048,-115.8988","36.6615,-111.2515",0.0,0,0.0,SUB_2,Urban Stay Suites,2,180.0,0.12,1,0.029312230751356333
mobile,iOS,Chrome,"27.9048,-115.8988","36.6615,-111.2515",0.0,0,0.0,SUB_3,Grand Horizon Resorts,3,450.0,0.15,0,0.013386917827664779
mobile,iOS,Chrome,"27.9048,-115.8988","36.6615,-111.2515",0.0,0,0.0,SUB_4,EcoLodge Boutique,2,220.0,0.14,1,0.029312230751356333
mobile,iOS,Chrome,"27.9048,-115.8988","36.6615,-111.2515",0.0,0,0.0,SUB_5,Express Stop Motel,1,-99.0,0.08,0,0.013386917827664779
mobile,iOS,Chrome,"44.5249,-118.253","53.8721,-99.8198",1.0,0,0.0,SUB_1,BudgetInns Global,1,85.0,0.1,1,0.06913842034334684
mobile,iOS,Chrome,"44.5249,-118.253","53.8721,-99.8198",1.0,0,0.0,SUB_2,Urban Stay Suites,2,180.0,0.12,1,0.06913842034334684
mobile,iOS,Chrome,"44.5249,-118.253","53.8721,-99.8198",1.0,0,0.0,SUB_3,Grand Horizon Resorts,3,450.0,0.15,0,0.03229546469845053
mobile,iOS,Chrome,"44.5249,-118.253","53.8721,-99.8198",1.0,1,0.0,SUB_4,EcoLodge Boutique,2,220.0,0.14,1,0.06913842034334684
mobile,iOS,Chrome,"44.5249,-118.253","53.8721,-99.8198",1.0,0,0.0,SUB_5,Express Stop Motel,1,-99.0,0.08,0,0.03229546469845053
mobile,Android,CHROME_v118,"44.6317,-70.5122","44.0999,-54.3975",0.0,0,0.0,SUB_1,BudgetInns Global,1,85.0,0.1,1,0.029312230751356333
mobile,Android,CHROME_v118,"44.6317,-70.5122","44.0999,-54.3975",0.0,0,0.0,SUB_2,Urban Stay Suites,2,180.0,0.12,1,0.029312230751356333
mobile,Android,CHROME_v118,"44.6317,-70.5122","44.0999,-54.3975",0.0,0,0.0,SUB_3,Grand Horizon Resorts,3,450.0,0.15,0,0.013386917827664779
mobile,Android,CHROME_v118,"44.6317,-70.5122","44.0999,-54.3975",0.0,0,0.0,SUB_4,EcoLodge Boutique,2,220.0,0.14,1,0.029312230751356333
mobile,Android,CHROME_v118,"44.6317,-70.5122","44.0999,-54.3975",0.0,0,0.0,SUB_5,Express Stop Motel,1,-99.0,0.08,0,0.013386917827664779
mobile,iOS,Safari,"40.0276,-118.4989","26.7469,-110.6287",0.0,0,0.0,SUB_1,BudgetInns Global,1,85.0,0.1,1,0.029312230751356333
mobile,iOS,Safari,"40.0276,-118.4989","26.7469,-110.6287",0.0,0,0.0,SUB_2,Urban Stay Suites,2,180.0,0.12,1,0.029312230751356333
mobile,iOS,Safari,"40.0276,-118.4989","26.7469,-110.6287",0.0,0,0.0,SUB_3,Grand Horizon Resorts,3,450.0,0.15,0,0.013386917827664779
mobile,iOS,Safari,"40.0276,-118.4989","26.7469,-110.6287",0.0,0,0.0,SUB_4,EcoLodge Boutique,2,220.0,0.14,1,0.029312230751356333
mobile,iOS,Safari,"40.0276,-118.4989","26.7469,-110.6287",0.0,0,0.0,SUB_5,Express Stop Motel,1,-99.0,0.08,0,0.013386917827664779
tablet,iOS,,"49.759,-97.7736","39.9967,-113.908",0.0,0,0.0,SUB_1,BudgetInns Global,1,85.0,0.1,1,0.029312230751356333
tablet,iOS,,"49.759,-97.7736","39.9967,-113.908",0.0,0,0.0,SUB_2,Urban Stay Suites,2,180.0,0.12,1,0.029312230751356333
tablet,iOS,,"49.759,-97.7736","39.9967,-113.908",0.0,0,0.0,SUB_3,Grand Horizon Resorts,3,450.0,0.15,0,0.029312230751356333
tablet,iOS,,"49.759,-97.7736","39.9967,-113.908",0.0,0,0.0,SUB_4,EcoLodge Boutique,2,220.0,0.14,1,0.029312230751356333
tablet,iOS,,"49.759,-97.7736","39.9967,-113.908",0.0,0,0.0,SUB_5,Express Stop Motel,1,-99.0,0.08,0,0.029312230751356333
mobile,iOS,Chrome,"33.1313,-94.769","39.3541,-103.8024",1.0,0,0.0,SUB_1,BudgetInns Global,1,85.0,0.1,1,0.06913842034334684
mobile,iOS,Chrome,"33.1313,-94.769","39.3541,-103.8024",1.0,0,0.0,SUB_2,Urban Stay Suites,2,180.0,0.12,1,0.06913842034334684
mobile,iOS,Chrome,"33.1313,-94.769","39.3541,-103.8024",1.0,0,0.0,SUB_3,Grand Horizon Resorts,3,450.0,0.15,0,0.03229546469845053
mobile,iOS,Chrome,"33.1313,-94.769","39.3541,-103.8024",1.0,1,0.0,SUB_4,EcoLodge Boutique,2,220.0,0.14,1,0.06913842034334684
mobile,iOS,Chrome,"33.1313,-94.769","39.3541,-103.8024",1.0,0,0.0,SUB_5,Express Stop Motel,1,-99.0,0.08,0,0.03229546469845053
desktop,Windows,Firefox,"48.5318,-114.136","54.8851,-121.3337",1.0,0,0.0,SUB_1,BudgetInns Global,1,85.0,0.1,1,0.03916572279676437
desktop,Windows,Firefox,"48.5318,-114.136","54.8851,-121.3337",1.0,0,0.0,SUB_2,Urban Stay Suites,2,180.0,0.12,1,0.03916572279676437
desktop,Windows,Firefox,"48.5318,-114.136","54.8851,-121.3337",1.0,0,0.0,SUB_3,Grand Horizon Resorts,3,450.0,0.15,0,0.03916572279676437
desktop,Windows,Firefox,"48.5318,-114.136","54.8851,-121.3337",1.0,0,0.0,SUB_4,EcoLodge Boutique,2,220.0,0.14,1,0.03916572279676437
desktop,Windows,Firefox,"48.5318,-114.136","54.8851,-121.3337",1.0,0,0.0,SUB_5,Express Stop Motel,1,-99.0,0.08,0,0.03916572279676437
mobile,iOS,Chrome,"47.8683,-111.5469","59.819,-101.0209",1.0,0,0.0,SUB_1,BudgetInns Global,1,85.0,0.1,1,0.06913842034334684
mobile,iOS,Chrome,"47.8683,-111.5469","59.819,-101.0209",1.0,0,0.0,SUB_2,Urban Stay Suites,2,180.0,0.12,1,0.06913842034334684
mobile,iOS,Chrome,"47.8683,-111.5469","59.819,-101.0209",1.0,0,0.0,SUB_3,Grand Horizon Resorts,3,450.0,0.15,0,0.03229546469845053
mobile,iOS,Chrome,"47.8683,-111.5469","59.819,-101.0209",1.0,0,0.0,SUB_4,EcoLodge Boutique,2,220.0,0.14,1,0.06913842034334684
mobile,iOS,Chrome,"47.8683,-111.5469","59.819,-101.0209",1.0,0,0.0,SUB_5,Express Stop Motel,1,-99.0,0.08,0,0.03229546469845053
desktop,macOS,Firefox,"25.287,-102.4097","27.7676,-90.3197",0.0,0,0.0,SUB_1,BudgetInns Global,1,85.0,0.1,1,0.029312230751356333
desktop,macOS,Firefox,"25.287,-102.4097","27.7676,-90.3197",0.0,0,0.0,SUB_2,Urban Stay Suites,2,180.0,0.12,1,0.029312230751356333
desktop,macOS,Firefox,"25.287,-102.4097","27.7676,-90.3197",0.0,0,0.0,SUB_3,Grand Horizon Resorts,3,450.0,0.15,0,0.057324175898868755
desktop,macOS,Firefox,"25.287,-102.4097","27.7676,-90.3197",0.0,0,0.0,SUB_4,EcoLodge Boutique,2,220.0,0.14,1,0.029312230751356333
desktop,macOS,Firefox,"25.287,-102.4097","27.7676,-90.3197",0.0,0,0.0,SUB_5,Express Stop Motel,1,-99.0,0.08,0,0.029312230751356333
desktop,Linux,Chrome,"36.2529,-81.9162","24.9761,-86.512",1.0,0,0.0,SUB_1,BudgetInns Global,1,85.0,0.1,1,0.06913842034334684
desktop,Linux,Chrome,"36.2529,-81.9162","24.9761,-86.512",1.0,0,0.0,SUB_2,Urban Stay Suites,2,180.0,0.12,1,0.06913842034334684
desktop,Linux,Chrome,"36.2529,-81.9162","24.9761,-86.512",1.0,0,0.0,SUB_3,Grand Horizon Resorts,3,450.0,0.15,0,0.06913842034334684
desktop,Linux,Chrome,"36.2529,-81.9162","24.9761,-86.512",1.0,0,0.0,SUB_4,EcoLodge Boutique,2,220.0,0.14,1,0.06913842034334684
desktop,Linux,Chrome,"36.2529,-81.9162","24.9761,-86.512",1.0,0,0.0,SUB_5,Express Stop Motel,1,-99.0,0.08,0,0.06913842034334684
desktop,macOS,Firefox,"49.4276,-94.6459","38.07,-97.9305",0.0,0,0.0,SUB_1,BudgetInns Global,1,85.0,0.1,1,0.029312230751356333
desktop,macOS,Firefox,"49.4276,-94.6459","38.07,-97.9305",0.0,0,0.0,SUB_2,Urban Stay Suites,2,180.0,0.12,1,0.029312230751356333
desktop,macOS,Firefox,"49.4276,-94.6459","38.07,-97.9305",0.0,0,0.0,SUB_3,Grand Horizon Resorts,3,450.0,0.15,0,0.057324175898868755
desktop,macOS,Firefox,"49.4276,-94.6459","38.07,-97.9305",0.0,0,0.0,SUB_4,EcoLodge Boutique,2,220.0,0.14,1,0.029312230751356333
desktop,macOS,Firefox,"49.4276,-94.6459","38.07,-97.9305",0.0,0,0.0,SUB_5,Express Stop Motel,1,-99.0,0.08,0,0.029312230751356333
mobile,Android,Chrome,"27.578,-88.1049","34.212,-106.3245",0.0,0,0.0,SUB_1,BudgetInns Global,1,85.0,0.1,1,0.029312230751356333
mobile,Android,Chrome,"27.578,-88.1049","34.212,-106.3245",0.0,0,0.0,SUB_2,Urban Stay Suites,2,180.0,0.12,1,0.029312230751356333
mobile,Android,Chrome,"27.578,-88.1049","34.212,-106.3245",0.0,0,0.0,SUB_3,Grand Horizon Resorts,3,450.0,0.15,0,0.013386917827664779
mobile,Android,Chrome,"27.578,-88.1049","34.212,-106.3245",0.0,1,0.0,SUB_4,EcoLodge Boutique,2,220.0,0.14,1,0.029312230751356333
mobile,Android,Chrome,"27.578,-88.1049","34.212,-106.3245",0.0,0,0.0,SUB_5,Express Stop Motel,1,-99.0,0.08,0,0.013386917827664779
mobile,iOS,Safari,"38.6946,-70.7413","29.2081,-79.1758",0.0,0,,SUB_1,BudgetInns Global,1,85.0,0.1,1,0.029312230751356333
mobile,iOS,Safari,"38.6946,-70.7413","29.2081,-79.1758",0.0,0,,SUB_2,Urban Stay Suites,2,180.0,0.12,1,0.029312230751356333
mobile,iOS,Safari,"38.6946,-70.7413","29.2081,-79.1758",0.0,0,,SUB_3,Grand Horizon Resorts,3,450.0,0.15,0,0.013386917827664779
mobile,iOS,Safari,"38.6946,-70.7413","29.2081,-79.1758",0.0,0,,SUB_4,EcoLodge Boutique,2,220.0,0.14,1,0.029312230751356333
mobile,iOS,Safari,"38.6946,-70.7413","29.2081,-79.1758",0.0,0,,SUB_5,Express Stop Motel,1,-99.0,0.08,0,0.013386917827664779
mobile,Android,Samsung Internet,"49.4739,-81.5997","44.3255,-83.5483",0.0,0,1.0,SUB_1,BudgetInns Global,1,85.0,0.1,1,0.025332703226871745
mobile,Android,Samsung Internet,"49.4739,-81.5997","44.3255,-83.5483",0.0,0,1.0,SUB_2,Urban Stay Suites,2,180.0,0.12,1,0.025332703226871745
mobile,Android,Samsung Internet,"49.4739,-81.5997","44.3255,-83.5483",0.0,0,1.0,SUB_3,Grand Horizon Resorts,3,450.0,0.15,0,0.011543752483922297
mobile,Android,Samsung Internet,"49.4739,-81.5997","44.3255,-83.5483",0.0,0,1.0,SUB_4,EcoLodge Boutique,2,220.0,0.14,1,0.025332703226871745
mobile,Android,Samsung Internet,"49.4739,-81.5997","44.3255,-83.5483",0.0,0,1.0,SUB_5,Express Stop Motel,1,-99.0,0.08,0,0.011543752483922297
tablet,Android,Samsung Internet,"38.8874,-98.2819","38.5038,-113.6026",1.0,0,0.0,SUB_1,BudgetInns Global,1,85.0,0.1,1,0.06913842034334684
tablet,Android,Samsung Internet,"38.8874,-98.2819","38.5038,-113.6026",1.0,0,0.0,SUB_2,Urban Stay Suites,2,180.0,0.12,1,0.06913842034334684
tablet,Android,Samsung Internet,"38.8874,-98.2819","38.5038,-113.6026",1.0,0,0.0,SUB_3,Grand Horizon Resorts,3,450.0,0.15,0,0.06913842034334684
tablet,Android,Samsung Internet,"38.8874,-98.2819","38.5038,-113.6026",1.0,0,0.0,SUB_4,EcoLodge Boutique,2,220.0,0.14,1,0.06913842034334684
tablet,Android,Samsung Internet,"38.8874,-98.2819","38.5038,-113.6026",1.0,0,0.0,SUB_5,Express Stop Motel,1,-99.0,0.08,0,0.06913842034334684
desktop,Windows,Firefox,"29.7454,-97.6779","15.4883,-99.5472",0.0,0,0.0,SUB_1,BudgetInns Global,1,85.0,0.1,1,0.029312230751356333
desktop,Windows,Firefox,"29.7454,-97.6779","15.4883,-99.5472",0.0,0,0.0,SUB_2,Urban Stay Suites,2,180.0,0.12,1,0.029312230751356333
desktop,Windows,Firefox,"29.7454,-97.6779","15.4883,-99.5472",0.0,0,0.0,SUB_3,Grand Horizon Resorts,3,450.0,0.15,0,0.029312230751356333
desktop,Windows,Firefox,"29.7454,-97.6779","15.4883,-99.5472",0.0,1,0.0,SUB_4,EcoLodge Boutique,2,220.0,0.14,1,0.029312230751356333
desktop,Windows,Firefox,"29.7454,-97.6779","15.4883,-99.5472",0.0,0,0.0,SUB_5,Express Stop Motel,1,-99.0,0.08,0,0.029312230751356333
desktop,macOS,Safari,"39.5546,-89.0614","32.0192,-74.9344",0.0,0,0.0,SUB_1,BudgetInns Global,1,85.0,0.1,1,0.029312230751356333
desktop,macOS,Safari,"39.5546,-89.0614","32.0192,-74.9344",0.0,0,0.0,SUB_2,Urban Stay Suites,2,180.0,0.12,1,0.029312230751356333
desktop,macOS,Safari,"39.5546,-89.0614","32.0192,-74.9344",0.0,0,0.0,SUB_3,Grand Horizon Resorts,3,450.0,0.15,0,0.057324175898868755
desktop,macOS,Safari,"39.5546,-89.0614","32.0192,-74.9344",0.0,0,0.0,SUB_4,EcoLodge Boutique,2,220.0,0.14,1,0.029312230751356333
desktop,macOS,Safari,"39.5546,-89.0614","32.0192,-74.9344",0.0,0,0.0,SUB_5,Express Stop Motel,1,-99.0,0.08,0,0.029312230751356333
desktop,Linux,Chrome,"30.111,-86.7317","27.3477,-83.4789",1.0,0,0.0,SUB_1,BudgetInns Global,1,85.0,0.1,1,0.03916572279676437
desktop,Linux,Chrome,"30.111,-86.7317","27.3477,-83.4789",1.0,0,0.0,SUB_2,Urban Stay Suites,2,180.0,0.12,1,0.03916572279676437
desktop,Linux,Chrome,"30.111,-86.7317","27.3477,-83.4789",1.0,0,0.0,SUB_3,Grand Horizon Resorts,3,450.0,0.15,0,0.03916572279676437
desktop,Linux,Chrome,"30.111,-86.7317","27.3477,-83.4789",1.0,0,0.0,SUB_4,EcoLodge Boutique,2,220.0,0.14,1,0.03916572279676437
desktop,Linux,Chrome,"30.111,-86.7317","27.3477,-83.4789",1.0,0,0.0,SUB_5,Express Stop Motel,1,-99.0,0.08,0,0.03916572279676437
desktop,Windows,Edge,"37.9926,-94.9645","31.3817,-111.8073",1.0,0,,SUB_1,BudgetInns Global,1,85.0,0.1,1,0.06913842034334684
desktop,Windows,Edge,"37.9926,-94.9645","31.3817,-111.8073",1.0,0,,SUB_2,Urban Stay Suites,2,180.0,0.12,1,0.06913842034334684
desktop,Windows,Edge,"37.9926,-94.9645","31.3817,-111.8073",1.0,0,,SUB_3,Grand Horizon Resorts,3,450.0,0.15,0,0.06913842034334684
desktop,Windows,Edge,"37.9926,-94.9645","31.3817,-111.8073",1.0,0,,SUB_4,EcoLodge Boutique,2,220.0,0.14,1,0.06913842034334684
desktop,Windows,Edge,"37.9926,-94.9645","31.3817,-111.8073",1.0,0,,SUB_5,Express Stop Motel,1,-99.0,0.08,0,0.06913842034334684
mobile,iOS,Safari,"26.8511,-87.7569","15.9422,-100.09",0.0,0,0.0,SUB_1,BudgetInns Global,1,85.0,0.1,1,0.029312230751356333
mobile,iOS,Safari,"26.8511,-87.7569","15.9422,-100.09",0.0,0,0.0,SUB_2,Urban Stay Suites,2,180.0,0.12,1,0.029312230751356333
mobile,iOS,Safari,"26.8511,-87.7569","15.9422,-100.09",0.0,0,0.0,SUB_3,Grand Horizon Resorts,3,450.0,0.15,0,0.013386917827664779
mobile,iOS,Safari,"26.8511,-87.7569","15.9422,-100.09",0.0,0,0.0,SUB_4,EcoLodge Boutique,2,220.0,0.14,1,0.029312230751356333
mobile,iOS,Safari,"26.8511,-87.7569","15.9422,-100.09",0.0,0,0.0,SUB_5,Express Stop Motel,1,-99.0,0.08,0,0.013386917827664779
tablet,Android,Samsung Internet,"40.1371,-118.8234","46.9775,-119.8416",0.0,0,0.0,SUB_1,BudgetInns Global,1,85.0,0.1,1,0.016302499371440946
tablet,Android,Samsung Internet,"40.1371,-118.8234","46.9775,-119.8416",0.0,0,0.0,SUB_2,Urban Stay Suites,2,180.0,0.12,1,0.016302499371440946
tablet,Android,Samsung Internet,"40.1371,-118.8234","46.9775,-119.8416",0.0,0,0.0,SUB_3,Grand Horizon Resorts,3,450.0,0.15,0,0.016302499371440946
tablet,Android,Samsung Internet,"40.1371,-118.8234","46.9775,-119.8416",0.0,0,0.0,SUB_4,EcoLodge Boutique,2,220.0,0.14,1,0.016302499371440946
tablet,Android,Samsung Internet,"40.1371,-118.8234","46.9775,-119.8416",0.0,0,0.0,SUB_5,Express Stop Motel,1,-99.0,0.08,0,0.016302499371440946
mobile,iOS,Chrome,"37.9197,-98.5189","47.3141,-104.0594",1.0,0,0.0,SUB_1,BudgetInns Global,1,85.0,0.1,1,0.06913842034334684
mobile,iOS,Chrome,"37.9197,-98.5189","47.3141,-104.0594",1.0,0,0.0,SUB_2,Urban Stay Suites,2,180.0,0.12,1,0.06913842034334684
mobile,iOS,Chrome,"37.9197,-98.5189","47.3141,-104.0594",1.0,0,0.0,SUB_3,Grand Horizon Resorts,3,450.0,0.15,0,0.03229546469845053
mobile,iOS,Chrome,"37.9197,-98.5189","47.3141,-104.0594",1.0,0,0.0,SUB_4,EcoLodge Boutique,2,220.0,0.14,1,0.06913842034334684
mobile,iOS,Chrome,"37.9197,-98.5189","47.3141,-104.0594",1.0,0,0.0,SUB_5,Express Stop Motel,1,-99.0,0.08,0,0.03229546469845053
mobile,Android,Samsung Internet,"43.504,-106.0531","36.2284,-111.704",0.0,0,0.0,SUB_1,BudgetInns Global,1,85.0,0.1,1,0.016302499371440946
mobile,Android,Samsung Internet,"43.504,-106.0531","36.2284,-111.704",0.0,0,0.0,SUB_2,Urban Stay Suites,2,180.0,0.12,1,0.016302499371440946
mobile,Android,Samsung Internet,"43.504,-106.0531","36.2284,-111.704",0.0,0,0.0,SUB_3,Grand Horizon Resorts,3,450.0,0.15,0,0.007391541344281977
mobile,Android,Samsung Internet,"43.504,-106.0531","36.2284,-111.704",0.0,0,0.0,SUB_4,EcoLodge Boutique,2,220.0,0.14,1,0.016302499371440946
mobile,Android,Samsung Internet,"43.504,-106.0531","36.2284,-111.704",0.0,0,0.0,SUB_5,Express Stop Motel,1,-99.0,0.08,0,0.007391541344281977
mobile,Android,Samsung Internet,"40.7675,-113.5413","49.0001,-112.3706",0.0,0,1.0,SUB_1,BudgetInns Global,1,85.0,0.1,1,0.025332703226871745
mobile,Android,Samsung Internet,"40.7675,-113.5413","49.0001,-112.3706",0.0,0,1.0,SUB_2,Urban Stay Suites,2,180.0,0.12,1,0.025332703226871745
mobile,Android,Samsung Internet,"40.7675,-113.5413","49.0001,-112.3706",0.0,0,1.0,SUB_3,Grand Horizon Resorts,3,450.0,0.15,0,0.011543752483922297
mobile,Android,Samsung Internet,"40.7675,-113.5413","49.0001,-112.3706",0.0,0,1.0,SUB_4,EcoLodge Boutique,2,220.0,0.14,1,0.025332703226871745
mobile,Android,Samsung Internet,"40.7675,-113.5413","49.0001,-112.3706",0.0,0,1.0,SUB_5,Express Stop Motel,1,-99.0,0.08,0,0.011543752483922297
mobile,Android,Chrome,"38.7402,-115.0227","35.3068,-111.6469",0.0,0,0.0,SUB_1,BudgetInns Global,1,85.0,0.1,1,0.016302499371440946
mobile,Android,Chrome,"38.7402,-115.0227","35.3068,-111.6469",0.0,0,0.0,SUB_2,Urban Stay Suites,2,180.0,0.12,1,0.016302499371440946
mobile,Android,Chrome,"38.7402,-115.0227","35.3068,-111.6469",0.0,0,0.0,SUB_3,Grand Horizon Resorts,3,450.0,0.15,0,0.007391541344281977
mobile,Android,Chrome,"38.7402,-115.0227","35.3068,-111.6469",0.0,0,0.0,SUB_4,EcoLodge Boutique,2,220.0,0.14,1,0.016302499371440946
mobile,Android,Chrome,"38.7402,-115.0227","35.3068,-111.6469",0.0,0,0.0,SUB_5,Express Stop Motel,1,-99.0,0.08,0,0.007391541344281977
mobile,Android,Samsung Internet,"42.2445,-89.8404","42.4451,-77.9659",0.0,0,0.0,SUB_1,BudgetInns Global,1,85.0,0.1,1,0.016302499371440946
mobile,Android,Samsung Internet,"42.2445,-89.8404","42.4451,-77.9659",0.0,0,0.0,SUB_2,Urban Stay Suites,2,180.0,0.12,1,0.016302499371440946
mobile,Android,Samsung Internet,"42.2445,-89.8404","42.4451,-77.9659",0.0,0,0.0,SUB_3,Grand Horizon Resorts,3,450.0,0.15,0,0.007391541344281977
mobile,Android,Samsung Internet,"42.2445,-89.8404","42.4451,-77.9659",0.0,0,0.0,SUB_4,EcoLodge Boutique,2,220.0,0.14,1,0.016302499371440946
mobile,Android,Samsung Internet,"42.2445,-89.8404","42.4451,-77.9659",0.0,0,0.0,SUB_5,Express Stop Motel,1,-99.0,0.08,0,0.007391541344281977
desktop,macOS,Safari,"28.5985,-93.82","39.2785,-100.1813",1.0,0,0.0,SUB_1,BudgetInns Global,1,85.0,0.1,1,0.06913842034334684
desktop,macOS,Safari,"28.5985,-93.82","39.2785,-100.1813",1.0,0,0.0,SUB_2,Urban Stay Suites,2,180.0,0.12,1,0.06913842034334684
desktop,macOS,Safari,"28.5985,-93.82","39.2785,-100.1813",1.0,0,0.0,SUB_3,Grand Horizon Resorts,3,450.0,0.15,0,0.13010847436299788
desktop,macOS,Safari,"28.5985,-93.82","39.2785,-100.1813",1.0,0,0.0,SUB_4,EcoLodge Boutique,2,220.0,0.14,1,0.06913842034334684
desktop,macOS,Safari,"28.5985,-93.82","39.2785,-100.1813",1.0,0,0.0,SUB_5,Express Stop Motel,1,-99.0,0.08,0,0.06913842034334684
mobile,Android,Chrome,"39.884,-107.3208","47.3826,-95.1021",0.0,0,0.0,SUB_1,BudgetInns Global,1,85.0,0.1,1,0.029312230751356333
mobile,Android,Chrome,"39.884,-107.3208","47.3826,-95.1021",0.0,0,0.0,SUB_2,Urban Stay Suites,2,180.0,0.12,1,0.029312230751356333
mobile,Android,Chrome,"39.884,-107.3208","47.3826,-95.1021",0.0,0,0.0,SUB_3,Grand Horizon Resorts,3,450.0,0.15,0,0.013386917827664779
mobile,Android,Chrome,"39.884,-107.3208","47.3826,-95.1021",0.0,0,0.0,SUB_4,EcoLodge Boutique,2,220.0,0.14,1,0.029312230751356333
mobile,Android,Chrome,"39.884,-107.3208","47.3826,-95.1021",0.0,0,0.0,SUB_5,Express Stop Motel,1,-99.0,0.08,0,0.013386917827664779
desktop,macOS,Chrome,"29.3028,-96.4525","38.4563,-102.9081",0.0,0,0.0,SUB_1,BudgetInns Global,1,85.0,0.1,1,0.029312230751356333
desktop,macOS,Chrome,"29.3028,-96.4525","38.4563,-102.9081",0.0,0,0.0,SUB_2,Urban Stay Suites,2,180.0,0.12,1,0.029312230751356333
desktop,macOS,Chrome,"29.3028,-96.4525","38.4563,-102.9081",0.0,0,0.0,SUB_3,Grand Horizon Resorts,3,450.0,0.15,0,0.057324175898868755
desktop,macOS,Chrome,"29.3028,-96.4525","38.4563,-102.9081",0.0,0,0.0,SUB_4,EcoLodge Boutique,2,220.0,0.14,1,0.029312230751356333
desktop,macOS,Chrome,"29.3028,-96.4525","38.4563,-102.9081",0.0,0,0.0,SUB_5,Express Stop Motel,1,-99.0,0.08,0,0.029312230751356333
mobile,iOS,Chrome,"48.1381,-95.3884","37.2435,-113.1711",0.0,0,0.0,SUB_1,BudgetInns Global,1,85.0,0.1,1,0.029312230751356333
mobile,iOS,Chrome,"48.1381,-95.3884","37.2435,-113.1711",0.0,0,0.0,SUB_2,Urban Stay Suites,2,180.0,0.12,1,0.029312230751356333
mobile,iOS,Chrome,"48.1381,-95.3884","37.2435,-113.1711",0.0,0,0.0,SUB_3,Grand Horizon Resorts,3,450.0,0.15,0,0.013386917827664779
mobile,iOS,Chrome,"48.1381,-95.3884","37.2435,-113.1711",0.0,0,0.0,SUB_4,EcoLodge Boutique,2,220.0,0.14,1,0.029312230751356333
mobile,iOS,Chrome,"48.1381,-95.3884","37.2435,-113.1711",0.0,0,0.0,SUB_5,Express Stop Motel,1,-99.0,0.08,0,0.013386917827664779
mobile,iOS,Chrome,"26.7084,-110.2496","13.8,-108.0821",0.0,0,0.0,SUB_1,BudgetInns Global,1,85.0,0.1,1,0.029312230751356333
mobile,iOS,Chrome,"26.7084,-110.2496","13.8,-108.0821",0.0,0,0.0,SUB_2,Urban Stay Suites,2,180.0,0.12,1,0.029312230751356333
mobile,iOS,Chrome,"26.7084,-110.2496","13.8,-108.0821",0.0,0,0.0,SUB_3,Grand Horizon Resorts,3,450.0,0.15,0,0.013386917827664779
mobile,iOS,Chrome,"26.7084,-110.2496","13.8,-108.0821",0.0,0,0.0,SUB_4,EcoLodge Boutique,2,220.0,0.14,1,0.029312230751356333
mobile,iOS,Chrome,"26.7084,-110.2496","13.8,-108.0821",0.0,0,0.0,SUB_5,Express Stop Motel,1,-99.0,0.08,0,0.013386917827664779
mobile,Android,Samsung Internet,"35.7594,-87.3953","47.5615,-83.8792",0.0,0,0.0,SUB_1,BudgetInns Global,1,85.0,0.1,1,0.029312230751356333
mobile,Android,Samsung Internet,"35.7594,-87.3953","47.5615,-83.8792",0.0,0,0.0,SUB_2,Urban Stay Suites,2,180.0,0.12,1,0.029312230751356333
mobile,Android,Samsung Internet,"35.7594,-87.3953","47.5615,-83.8792",0.0,0,0.0,SUB_3,Grand Horizon Resorts,3,450.0,0.15,0,0.013386917827664779
mobile,Android,Samsung Internet,"35.7594,-87.3953","47.5615,-83.8792",0.0,0,0.0,SUB_4,EcoLodge Boutique,2,220.0,0.14,1,0.029312230751356333
mobile,Android,Samsung Internet,"35.7594,-87.3953","47.5615,-83.8792",0.0,0,0.0,SUB_5,Express Stop Motel,1,-99.0,0.08,0,0.013386917827664779
mobile,Android,Chrome,"42.3949,-80.954","39.0299,-63.5724",0.0,0,0.0,SUB_1,BudgetInns Global,1,85.0,0.1,1,0.029312230751356333
mobile,Android,Chrome,"42.3949,-80.954","39.0299,-63.5724",0.0,0,0.0,SUB_2,Urban Stay Suites,2,180.0,0.12,1,0.029312230751356333
mobile,Android,Chrome,"42.3949,-80.954","39.0299,-63.5724",0.0,0,0.0,SUB_3,Grand Horizon Resorts,3,450.0,0.15,0,0.013386917827664779
mobile,Android,Chrome,"42.3949,-80.954","39.0299,-63.5724",0.0,1,0.0,SUB_4,EcoLodge Boutique,2,220.0,0.14,1,0.029312230751356333
mobile,Android,Chrome,"42.3949,-80.954","39.0299,-63.5724",0.0,0,0.0,SUB_5,Express Stop Motel,1,-99.0,0.08,0,0.013386917827664779
desktop,Windows,Chrome,"36.4506,-80.4268","30.087,-71.3843",0.0,0,0.0,SUB_1,BudgetInns Global,1,85.0,0.1,1,0.029312230751356333
desktop,Windows,Chrome,"36.4506,-80.4268","30.087,-71.3843",0.0,0,0.0,SUB_2,Urban Stay Suites,2,180.0,0.12,1,0.029312230751356333
desktop,Windows,Chrome,"36.4506,-80.4268","30.087,-71.3843",0.0,0,0.0,SUB_3,Grand Horizon Resorts,3,450.0,0.15,0,0.029312230751356333
desktop,Windows,Chrome,"36.4506,-80.4268","30.087,-71.3843",0.0,0,0.0,SUB_4,EcoLodge Boutique,2,220.0,0.14,1,0.029312230751356333
desktop,Windows,Chrome,"36.4506,-80.4268","30.087,-71.3843",0.0,0,0.0,SUB_5,Express Stop Motel,1,-99.0,0.08,0,0.029312230751356333
mobile,Android,Chrome,"27.3024,-89.8765","34.0433,-73.1656",0.0,0,1.0,SUB_1,BudgetInns Global,1,85.0,0.1,1,0.045217473483287515
mobile,Android,Chrome,"27.3024,-89.8765","34.0433,-73.1656",0.0,0,1.0,SUB_2,Urban Stay Suites,2,180.0,0.12,1,0.045217473483287515
mobile,Android,Chrome,"27.3024,-89.8765","34.0433,-73.1656",0.0,0,1.0,SUB_3,Grand Horizon Resorts,3,450.0,0.15,0,0.02083634451868043
mobile,Android,Chrome,"27.3024,-89.8765","34.0433,-73.1656",0.0,0,1.0,SUB_4,EcoLodge Boutique,2,220.0,0.14,1,0.045217473483287515
mobile,Android,Chrome,"27.3024,-89.8765","34.0433,-73.1656",0.0,0,1.0,SUB_5,Express Stop Motel,1,-99.0,0.08,0,0.02083634451868043
desktop,Linux,Chrome,"38.8345,-94.4181","48.927,-78.0842",0.0,0,0.0,SUB_1,BudgetInns Global,1,85.0,0.1,1,0.029312230751356333
desktop,Linux,Chrome,"38.8345,-94.4181","48.927,-78.0842",0.0,0,0.0,SUB_2,Urban Stay Suites,2,180.0,0.12,1,0.029312230751356333
desktop,Linux,Chrome,"38.8345,-94.4181","48.927,-78.0842",0.0,0,0.0,SUB_3,Grand Horizon Resorts,3,450.0,0.15,0,0.029312230751356333
desktop,Linux,Chrome,"38.8345,-94.4181","48.927,-78.0842",0.0,0,0.0,SUB_4,EcoLodge Boutique,2,220.0,0.14,1,0.029312230751356333
desktop,Linux,Chrome,"38.8345,-94.4181","48.927,-78.0842",0.0,0,0.0,SUB_5,Express Stop Motel,1,-99.0,0.08,0,0.029312230751356333
mobile,iOS,Chrome,"41.0408,-116.9496","51.9155,-112.7666",0.0,0,0.0,SUB_1,BudgetInns Global,1,85.0,0.1,1,0.029312230751356333
mobile,iOS,Chrome,"41.0408,-116.9496","51.9155,-112.7666",0.0,0,0.0,SUB_2,Urban Stay Suites,2,180.0,0.12,1,0.029312230751356333
mobile,iOS,Chrome,"41.0408,-116.9496","51.9155,-112.7666",0.0,0,0.0,SUB_3,Grand Horizon Resorts,3,450.0,0.15,0,0.013386917827664779
mobile,iOS,Chrome,"41.0408,-116.9496","51.9155,-112.7666",0.0,0,0.0,SUB_4,EcoLodge Boutique,2,220.0,0.14,1,0.029312230751356333
mobile,iOS,Chrome,"41.0408,-116.9496","51.9155,-112.7666",0.0,0,0.0,SUB_5,Express Stop Motel,1,-99.0,0.08,0,0.013386917827664779
desktop,Linux,Chrome,"42.5948,-105.6084","37.0747,-104.4979",0.0,0,0.0,SUB_1,BudgetInns Global,1,85.0,0.1,1,0.016302499371440946
desktop,Linux,Chrome,"42.5948,-105.6084","37.0747,-104.4979",0.0,0,0.0,SUB_2,Urban Stay Suites,2,180.0,0.12,1,0.016302499371440946
desktop,Linux,Chrome,"42.5948,-105.6084","37.0747,-104.4979",0.0,0,0.0,SUB_3,Grand Horizon Resorts,3,450.0,0.15,0,0.016302499371440946
desktop,Linux,Chrome,"42.5948,-105.6084","37.0747,-104.4979",0.0,0,0.0,SUB_4,EcoLodge Boutique,2,220.0,0.14,1,0.016302499371440946
desktop,Linux,Chrome,"42.5948,-105.6084","37.0747,-104.4979",0.0,0,0.0,SUB_5,Express Stop Motel,1,-99.0,0.08,0,0.016302499371440946
tablet,Android,Samsung Internet,"34.3315,-115.3364","44.8979,-113.0388",0.0,0,0.0,SUB_1,BudgetInns Global,1,85.0,0.1,1,0.029312230751356333
tablet,Android,Samsung Internet,"34.3315,-115.3364","44.8979,-113.0388",0.0,0,0.0,SUB_2,Urban Stay Suites,2,180.0,0.12,1,0.029312230751356333
tablet,Android,Samsung Internet,"34.3315,-115.3364","44.8979,-113.0388",0.0,0,0.0,SUB_3,Grand Horizon Resorts,3,450.0,0.15,0,0.029312230751356333
tablet,Android,Samsung Internet,"34.3315,-115.3364","44.8979,-113.0388",0.0,0,0.0,SUB_4,EcoLodge Boutique,2,220.0,0.14,1,0.029312230751356333
tablet,Android,Samsung Internet,"34.3315,-115.3364","44.8979,-113.0388",0.0,0,0.0,SUB_5,Express Stop Motel,1,-99.0,0.08,0,0.029312230751356333
desktop,macOS,Safari,"39.0915,-71.8088","25.3195,-52.6756",1.0,0,0.0,SUB_1,BudgetInns Global,1,85.0,0.1,1,0.06913842034334684
desktop,macOS,Safari,"39.0915,-71.8088","25.3195,-52.6756",1.0,0,0.0,SUB_2,Urban Stay Suites,2,180.0,0.12,1,0.06913842034334684
desktop,macOS,Safari,"39.0915,-71.8088","25.3195,-52.6756",1.0,0,0.0,SUB_3,Grand Horizon Resorts,3,450.0,0.15,0,0.13010847436299788
desktop,macOS,Safari,"39.0915,-71.8088","25.3195,-52.6756",1.0,0,0.0,SUB_4,EcoLodge Boutique,2,220.0,0.14,1,0.06913842034334684
desktop,macOS,Safari,"39.0915,-71.8088","25.3195,-52.6756",1.0,0,0.0,SUB_5,Express Stop Motel,1,-99.0,0.08,0,0.06913842034334684
mobile,iOS,Safari,"36.2672,-113.246","22.757,-102.3193",0.0,0,0.0,SUB_1,BudgetInns Global,1,85.0,0.1,1,0.029312230751356333
mobile,iOS,Safari,"36.2672,-113.246","22.757,-102.3193",0.0,0,0.0,SUB_2,Urban Stay Suites,2,180.0,0.12,1,0.029312230751356333
mobile,iOS,Safari,"36.2672,-113.246","22.757,-102.3193",0.0,0,0.0,SUB_3,Grand Horizon Resorts,3,450.0,0.15,0,0.013386917827664779
mobile,iOS,Safari,"36.2672,-113.246","22.757,-102.3193",0.0,0,0.0,SUB_4,EcoLodge Boutique,2,220.0,0.14,1,0.029312230751356333
mobile,iOS,Safari,"36.2672,-113.246","22.757,-102.3193",0.0,0,0.0,SUB_5,Express Stop Motel,1,-99.0,0.08,0,0.013386917827664779
mobile,iOS,Chrome,"41.8014,-112.4112","45.507,-128.1606",0.0,0,0.0,SUB_1,BudgetInns Global,1,85.0,0.1,1,0.029312230751356333
mobile,iOS,Chrome,"41.8014,-112.4112","45.507,-128.1606",0.0,0,0.0,SUB_2,Urban Stay Suites,2,180.0,0.12,1,0.029312230751356333
mobile,iOS,Chrome,"41.8014,-112.4112","45.507,-128.1606",0.0,0,0.0,SUB_3,Grand Horizon Resorts,3,450.0,0.15,0,0.013386917827664779
mobile,iOS,Chrome,"41.8014,-112.4112","45.507,-128.1606",0.0,0,0.0,SUB_4,EcoLodge Boutique,2,220.0,0.14,1,0.029312230751356333
mobile,iOS,Chrome,"41.8014,-112.4112","45.507,-128.1606",0.0,0,0.0,SUB_5,Express Stop Motel,1,-99.0,0.08,0,0.013386917827664779
mobile,iOS,Safari,"39.5889,-75.5212","26.4821,-64.3841",0.0,0,0.0,SUB_1,BudgetInns Global,1,85.0,0.1,1,0.029312230751356333
mobile,iOS,Safari,"39.5889,-75.5212","26.4821,-64.3841",0.0,0,0.0,SUB_2,Urban Stay Suites,2,180.0,0.12,1,0.029312230751356333
mobile,iOS,Safari,"39.5889,-75.5212","26.4821,-64.3841",0.0,0,0.0,SUB_3,Grand Horizon Resorts,3,450.0,0.15,0,0.013386917827664779
mobile,iOS,Safari,"39.5889,-75.5212","26.4821,-64.3841",0.0,0,0.0,SUB_4,EcoLodge Boutique,2,220.0,0.14,1,0.029312230751356333
mobile,iOS,Safari,"39.5889,-75.5212","26.4821,-64.3841",0.0,0,0.0,SUB_5,Express Stop Motel,1,-99.0,0.08,0,0.013386917827664779
desktop,Linux,Chrome,"38.1439,-72.8036","32.8822,-85.9821",1.0,0,0.0,SUB_1,BudgetInns Global,1,85.0,0.1,1,0.06913842034334684
desktop,Linux,Chrome,"38.1439,-72.8036","32.8822,-85.9821",1.0,0,0.0,SUB_2,Urban Stay Suites,2,180.0,0.12,1,0.06913842034334684
desktop,Linux,Chrome,"38.1439,-72.8036","32.8822,-85.9821",1.0,0,0.0,SUB_3,Grand Horizon Resorts,3,450.0,0.15,0,0.06913842034334684
desktop,Linux,Chrome,"38.1439,-72.8036","32.8822,-85.9821",1.0,0,0.0,SUB_4,EcoLodge Boutique,2,220.0,0.14,1,0.06913842034334684
desktop,Linux,Chrome,"38.1439,-72.8036","32.8822,-85.9821",1.0,1,0.0,SUB_5,Express Stop Motel,1,-99.0,0.08,0,0.06913842034334684
mobile,iOS,Chrome,"31.2381,-81.7085","36.4208,-83.8145",0.0,0,0.0,SUB_1,BudgetInns Global,1,85.0,0.1,1,0.016302499371440946
mobile,iOS,Chrome,"31.2381,-81.7085","36.4208,-83.8145",0.0,0,0.0,SUB_2,Urban Stay Suites,2,180.0,0.12,1,0.016302499371440946
mobile,iOS,Chrome,"31.2381,-81.7085","36.4208,-83.8145",0.0,0,0.0,SUB_3,Grand Horizon Resorts,3,450.0,0.15,0,0.007391541344281977
mobile,iOS,Chrome,"31.2381,-81.7085","36.4208,-83.8145",0.0,0,0.0,SUB_4,EcoLodge Boutique,2,220.0,0.14,1,0.016302499371440946
mobile,iOS,Chrome,"31.2381,-81.7085","36.4208,-83.8145",0.0,0,0.0,SUB_5,Express Stop Motel,1,-99.0,0.08,0,0.007391541344281977
mobile,Android,Chrome,"25.0505,-119.7298","20.1685,-131.3114",1.0,0,0.0,SUB_1,BudgetInns Global,1,85.0,0.1,1,0.06913842034334684
mobile,Android,Chrome,"25.0505,-119.7298","20.1685,-131.3114",1.0,0,0.0,SUB_2,Urban Stay Suites,2,180.0,0.12,1,0.06913842034334684
mobile,Android,Chrome,"25.0505,-119.7298","20.1685,-131.3114",1.0,0,0.0,SUB_3,Grand Horizon Resorts,3,450.0,0.15,0,0.03229546469845053
mobile,Android,Chrome,"25.0505,-119.7298","20.1685,-131.3114",1.0,0,0.0,SUB_4,EcoLodge Boutique,2,220.0,0.14,1,0.06913842034334684
mobile,Android,Chrome,"25.0505,-119.7298","20.1685,-131.3114",1.0,0,0.0,SUB_5,Express Stop Motel,1,-99.0,0.08,0,0.03229546469845053
desktop,Windows,CHROME_v118,"29.352,-119.9327","19.74,-112.3494",0.0,0,0.0,SUB_1,BudgetInns Global,1,85.0,0.1,1,0.029312230751356333
desktop,Windows,CHROME_v118,"29.352,-119.9327","19.74,-112.3494",0.0,0,0.0,SUB_2,Urban Stay Suites,2,180.0,0.12,1,0.029312230751356333
desktop,Windows,CHROME_v118,"29.352,-119.9327","19.74,-112.3494",0.0,1,0.0,SUB_3,Grand Horizon Resorts,3,450.0,0.15,0,0.029312230751356333
desktop,Windows,CHROME_v118,"29.352,-119.9327","19.74,-112.3494",0.0,0,0.0,SUB_4,EcoLodge Boutique,2,220.0,0.14,1,0.029312230751356333
desktop,Windows,CHROME_v118,"29.352,-119.9327","19.74,-112.3494",0.0,0,0.0,SUB_5,Express Stop Motel,1,-99.0,0.08,0,0.029312230751356333
mobile,Android,Samsung Internet,"27.9267,-101.095","21.3672,-86.0026",1.0,0,0.0,SUB_1,BudgetInns Global,1,85.0,0.1,1,0.06913842034334684
mobile,Android,Samsung Internet,"27.9267,-101.095","21.3672,-86.0026",1.0,0,0.0,SUB_2,Urban Stay Suites,2,180.0,0.12,1,0.06913842034334684
mobile,Android,Samsung Internet,"27.9267,-101.095","21.3672,-86.0026",1.0,0,0.0,SUB_3,Grand Horizon Resorts,3,450.0,0.15,0,0.03229546469845053
mobile,Android,Samsung Internet,"27.9267,-101.095","21.3672,-86.0026",1.0,0,0.0,SUB_4,EcoLodge Boutique,2,220.0,0.14,1,0.06913842034334684
mobile,Android,Samsung Internet,"27.9267,-101.095","21.3672,-86.0026",1.0,1,0.0,SUB_5,Express Stop Motel,1,-99.0,0.08,0,0.03229546469845053
desktop,Windows,Firefox,"36.2271,-112.8302","34.9544,-121.2157",1.0,0,0.0,SUB_1,BudgetInns Global,1,85.0,0.1,1,0.03916572279676437
desktop,Windows,Firefox,"36.2271,-112.8302","34.9544,-121.2157",1.0,0,0.0,SUB_2,Urban Stay Suites,2,180.0,0.12,1,0.03916572279676437
desktop,Windows,Firefox,"36.2271,-112.8302","34.9544,-121.2157",1.0,0,0.0,SUB_3,Grand Horizon Resorts,3,450.0,0.15,0,0.03916572279676437
desktop,Windows,Firefox,"36.2271,-112.8302","34.9544,-121.2157",1.0,0,0.0,SUB_4,EcoLodge Boutique,2,220.0,0.14,1,0.03916572279676437
desktop,Windows,Firefox,"36.2271,-112.8302","34.9544,-121.2157",1.0,0,0.0,SUB_5,Express Stop Motel,1,-99.0,0.08,0,0.03916572279676437
mobile,Android,Samsung Internet,"40.3065,-119.0807","39.5681,-135.8003",0.0,0,1.0,SUB_1,BudgetInns Global,1,85.0,0.1,1,0.045217473483287515
mobile,Android,Samsung Internet,"40.3065,-119.0807","39.5681,-135.8003",0.0,0,1.0,SUB_2,Urban Stay Suites,2,180.0,0.12,1,0.045217473483287515
mobile,Android,Samsung Internet,"40.3065,-119.0807","39.5681,-135.8003",0.0,0,1.0,SUB_3,Grand Horizon Resorts,3,450.0,0.15,0,0.02083634451868043
mobile,Android,Samsung Internet,"40.3065,-119.0807","39.5681,-135.8003",0.0,0,1.0,SUB_4,EcoLodge Boutique,2,220.0,0.14,1,0.045217473483287515
mobile,Android,Samsung Internet,"40.3065,-119.0807","39.5681,-135.8003",0.0,0,1.0,SUB_5,Express Stop Motel,1,-99.0,0.08,0,0.02083634451868043
mobile,Android,Chrome,"30.3271,-96.7967","38.8171,-104.857",0.0,0,1.0,SUB_1,BudgetInns Global,1,85.0,0.1,1,0.045217473483287515
mobile,Android,Chrome,"30.3271,-96.7967","38.8171,-104.857",0.0,0,1.0,SUB_2,Urban Stay Suites,2,180.0,0.12,1,0.045217473483287515
mobile,Android,Chrome,"30.3271,-96.7967","38.8171,-104.857",0.0,0,1.0,SUB_3,Grand Horizon Resorts,3,450.0,0.15,0,0.02083634451868043
mobile,Android,Chrome,"30.3271,-96.7967","38.8171,-104.857",0.0,0,1.0,SUB_4,EcoLodge Boutique,2,220.0,0.14,1,0.045217473483287515
mobile,Android,Chrome,"30.3271,-96.7967","38.8171,-104.857",0.0,0,1.0,SUB_5,Express Stop Motel,1,-99.0,0.08,0,0.02083634451868043
desktop,macOS,Firefox,"48.4764,-72.8469","55.981,-65.9524",0.0,0,,SUB_1,BudgetInns Global,1,85.0,0.1,1,0.016302499371440946
desktop,macOS,Firefox,"48.4764,-72.8469","55.981,-65.9524",0.0,0,,SUB_2,Urban Stay Suites,2,180.0,0.12,1,0.016302499371440946
desktop,macOS,Firefox,"48.4764,-72.8469","55.981,-65.9524",0.0,0,,SUB_3,Grand Horizon Resorts,3,450.0,0.15,0,0.03229546469845053
desktop,macOS,Firefox,"48.4764,-72.8469","55.981,-65.9524",0.0,0,,SUB_4,EcoLodge Boutique,2,220.0,0.14,1,0.016302499371440946
desktop,macOS,Firefox,"48.4764,-72.8469","55.981,-65.9524",0.0,1,,SUB_5,Express Stop Motel,1,-99.0,0.08,0,0.016302499371440946
mobile,iOS,Safari,"25.1671,-103.809","23.8716,-110.6586",0.0,0,0.0,SUB_1,BudgetInns Global,1,85.0,0.1,1,0.016302499371440946
mobile,iOS,Safari,"25.1671,-103.809","23.8716,-110.6586",0.0,0,0.0,SUB_2,Urban Stay Suites,2,180.0,0.12,1,0.016302499371440946
mobile,iOS,Safari,"25.1671,-103.809","23.8716,-110.6586",0.0,0,0.0,SUB_3,Grand Horizon Resorts,3,450.0,0.15,0,0.007391541344281977
mobile,iOS,Safari,"25.1671,-103.809","23.8716,-110.6586",0.0,0,0.0,SUB_4,EcoLodge Boutique,2,220.0,0.14,1,0.016302499371440946
mobile,iOS,Safari,"25.1671,-103.809","23.8716,-110.6586",0.0,0,0.0,SUB_5,Express Stop Motel,1,-99.0,0.08,0,0.007391541344281977
desktop,macOS,Firefox,"44.3075,-86.943","54.6775,-95.8185",0.0,0,0.0,SUB_1,BudgetInns Global,1,85.0,0.1,1,0.029312230751356333
desktop,macOS,Firefox,"44.3075,-86.943","54.6775,-95.8185",0.0,0,0.0,SUB_2,Urban Stay Suites,2,180.0,0.12,1,0.029312230751356333
desktop,macOS,Firefox,"44.3075,-86.943","54.6775,-95.8185",0.0,0,0.0,SUB_3,Grand Horizon Resorts,3,450.0,0.15,0,0.057324175898868755
desktop,macOS,Firefox,"44.3075,-86.943","54.6775,-95.8185",0.0,0,0.0,SUB_4,EcoLodge Boutique,2,220.0,0.14,1,0.029312230751356333
desktop,macOS,Firefox,"44.3075,-86.943","54.6775,-95.8185",0.0,0,0.0,SUB_5,Express Stop Motel,1,-99.0,0.08,0,0.029312230751356333
mobile,iOS,Chrome,"40.6301,-87.3882","29.0572,-100.0108",0.0,0,1.0,SUB_1,BudgetInns Global,1,85.0,0.1,1,0.045217473483287515
mobile,iOS,Chrome,"40.6301,-87.3882","29.0572,-100.0108",0.0,0,1.0,SUB_2,Urban Stay Suites,2,180.0,0.12,1,0.045217473483287515
mobile,iOS,Chrome,"40.6301,-87.3882","29.0572,-100.0108",0.0,0,1.0,SUB_3,Grand Horizon Resorts,3,450.0,0.15,0,0.02083634451868043
mobile,iOS,Chrome,"40.6301,-87.3882","29.0572,-100.0108",0.0,0,1.0,SUB_4,EcoLodge Boutique,2,220.0,0.14,1,0.045217473483287515
mobile,iOS,Chrome,"40.6301,-87.3882","29.0572,-100.0108",0.0,0,1.0,SUB_5,Express Stop Motel,1,-99.0,0.08,0,0.02083634451868043
mobile,Android,Chrome,"34.3389,-107.446","26.9995,-107.5453",0.0,0,0.0,SUB_1,BudgetInns Global,1,85.0,0.1,1,0.016302499371440946
mobile,Android,Chrome,"34.3389,-107.446","26.9995,-107.5453",0.0,0,0.0,SUB_2,Urban Stay Suites,2,180.0,0.12,1,0.016302499371440946
mobile,Android,Chrome,"34.3389,-107.446","26.9995,-107.5453",0.0,0,0.0,SUB_3,Grand Horizon Resorts,3,450.0,0.15,0,0.007391541344281977
mobile,Android,Chrome,"34.3389,-107.446","26.9995,-107.5453",0.0,0,0.0,SUB_4,EcoLodge Boutique,2,220.0,0.14,1,0.016302499371440946
mobile,Android,Chrome,"34.3389,-107.446","26.9995,-107.5453",0.0,0,0.0,SUB_5,Express Stop Motel,1,-99.0,0.08,0,0.007391541344281977
desktop,Windows,Firefox,"26.2622,-87.4787","36.1015,-96.4407",0.0,0,,SUB_1,BudgetInns Global,1,85.0,0.1,1,0.029312230751356333
desktop,Windows,Firefox,"26.2622,-87.4787","36.1015,-96.4407",0.0,0,,SUB_2,Urban Stay Suites,2,180.0,0.12,1,0.029312230751356333
desktop,Windows,Firefox,"26.2622,-87.4787","36.1015,-96.4407",0.0,0,,SUB_3,Grand Horizon Resorts,3,450.0,0.15,0,0.029312230751356333
desktop,Windows,Firefox,"26.2622,-87.4787","36.1015,-96.4407",0.0,0,,SUB_4,EcoLodge Boutique,2,220.0,0.14,1,0.029312230751356333
desktop,Windows,Firefox,"26.2622,-87.4787","36.1015,-96.4407",0.0,0,,SUB_5,Express Stop Motel,1,-99.0,0.08,0,0.029312230751356333
desktop,macOS,Safari,"40.6872,-109.3833","37.027,-100.1429",0.0,0,0.0,SUB_1,BudgetInns Global,1,85.0,0.1,1,0.016302499371440946
desktop,macOS,Safari,"40.6872,-109.3833","37.027,-100.1429",0.0,0,0.0,SUB_2,Urban Stay Suites,2,180.0,0.12,1,0.016302499371440946
desktop,macOS,Safari,"40.6872,-109.3833","37.027,-100.1429",0.0,0,0.0,SUB_3,Grand Horizon Resorts,3,450.0,0.15,0,0.03229546469845053
desktop,macOS,Safari,"40.6872,-109.3833","37.027,-100.1429",0.0,0,0.0,SUB_4,EcoLodge Boutique,2,220.0,0.14,1,0.016302499371440946
desktop,macOS,Safari,"40.6872,-109.3833","37.027,-100.1429",0.0,0,0.0,SUB_5,Express Stop Motel,1,-99.0,0.08,0,0.016302499371440946
desktop,Linux,Firefox,"34.6403,-113.8996","49.0757,-130.8347",0.0,0,0.0,SUB_1,BudgetInns Global,1,85.0,0.1,1,0.029312230751356333
desktop,Linux,Firefox,"34.6403,-113.8996","49.0757,-130.8347",0.0,0,0.0,SUB_2,Urban Stay Suites,2,180.0,0.12,1,0.029312230751356333
desktop,Linux,Firefox,"34.6403,-113.8996","49.0757,-130.8347",0.0,0,0.0,SUB_3,Grand Horizon Resorts,3,450.0,0.15,0,0.029312230751356333
desktop,Linux,Firefox,"34.6403,-113.8996","49.0757,-130.8347",0.0,0,0.0,SUB_4,EcoLodge Boutique,2,220.0,0.14,1,0.029312230751356333
desktop,Linux,Firefox,"34.6403,-113.8996","49.0757,-130.8347",0.0,0,0.0,SUB_5,Express Stop Motel,1,-99.0,0.08,0,0.029312230751356333
mobile,iOS,Safari,"48.4067,-84.9308","47.3943,-78.3695",0.0,0,0.0,SUB_1,BudgetInns Global,1,85.0,0.1,1,0.016302499371440946
mobile,iOS,Safari,"48.4067,-84.9308","47.3943,-78.3695",0.0,0,0.0,SUB_2,Urban Stay Suites,2,180.0,0.12,1,0.016302499371440946
mobile,iOS,Safari,"48.4067,-84.9308","47.3943,-78.3695",0.0,0,0.0,SUB_3,Grand Horizon Resorts,3,450.0,0.15,0,0.007391541344281977
mobile,iOS,Safari,"48.4067,-84.9308","47.3943,-78.3695",0.0,0,0.0,SUB_4,EcoLodge Boutique,2,220.0,0.14,1,0.016302499371440946
mobile,iOS,Safari,"48.4067,-84.9308","47.3943,-78.3695",0.0,0,0.0,SUB_5,Express Stop Motel,1,-99.0,0.08,0,0.007391541344281977
desktop,Windows,Edge,"38.5498,-114.328","47.3079,-124.8256",1.0,0,0.0,SUB_1,BudgetInns Global,1,85.0,0.1,1,0.06913842034334684
desktop,Windows,Edge,"38.5498,-114.328","47.3079,-124.8256",1.0,0,0.0,SUB_2,Urban Stay Suites,2,180.0,0.12,1,0.06913842034334684
desktop,Windows,Edge,"38.5498,-114.328","47.3079,-124.8256",1.0,0,0.0,SUB_3,Grand Horizon Resorts,3,450.0,0.15,0,0.06913842034334684
desktop,Windows,Edge,"38.5498,-114.328","47.3079,-124.8256",1.0,0,0.0,SUB_4,EcoLodge Boutique,2,220.0,0.14,1,0.06913842034334684
desktop,Windows,Edge,"38.5498,-114.328","47.3079,-124.8256",1.0,0,0.0,SUB_5,Express Stop Motel,1,-99.0,0.08,0,0.06913842034334684
mobile,iOS,,"48.4913,-70.1545","45.5605,-70.5833",0.0,0,0.0,SUB_1,BudgetInns Global,1,85.0,0.1,1,0.016302499371440946
mobile,iOS,,"48.4913,-70.1545","45.5605,-70.5833",0.0,0,0.0,SUB_2,Urban Stay Suites,2,180.0,0.12,1,0.016302499371440946
mobile,iOS,,"48.4913,-70.1545","45.5605,-70.5833",0.0,0,0.0,SUB_3,Grand Horizon Resorts,3,450.0,0.15,0,0.007391541344281977
mobile,iOS,,"48.4913,-70.1545","45.5605,-70.5833",0.0,0,0.0,SUB_4,EcoLodge Boutique,2,220.0,0.14,1,0.016302499371440946
mobile,iOS,,"48.4913,-70.1545","45.5605,-70.5833",0.0,0,0.0,SUB_5,Express Stop Motel,1,-99.0,0.08,0,0.007391541344281977
mobile,Android,Samsung Internet,"30.5121,-110.8274","28.2607,-119.3838",1.0,1,0.0,SUB_1,BudgetInns Global,1,85.0,0.1,1,0.03916572279676437
mobile,Android,Samsung Internet,"30.5121,-110.8274","28.2607,-119.3838",1.0,0,0.0,SUB_2,Urban Stay Suites,2,180.0,0.12,1,0.03916572279676437
mobile,Android,Samsung Internet,"30.5121,-110.8274","28.2607,-119.3838",1.0,0,0.0,SUB_3,Grand Horizon Resorts,3,450.0,0.15,0,0.01798620996209156
mobile,Android,Samsung Internet,"30.5121,-110.8274","28.2607,-119.3838",1.0,0,0.0,SUB_4,EcoLodge Boutique,2,220.0,0.14,1,0.03916572279676437
mobile,Android,Samsung Internet,"30.5121,-110.8274","28.2607,-119.3838",1.0,0,0.0,SUB_5,Express Stop Motel,1,-99.0,0.08,0,0.01798620996209156
tablet,Android,Samsung Internet,"43.1431,-90.2929","39.6296,-81.3822",0.0,0,0.0,SUB_1,BudgetInns Global,1,85.0,0.1,1,0.016302499371440946
tablet,Android,Samsung Internet,"43.1431,-90.2929","39.6296,-81.3822",0.0,0,0.0,SUB_2,Urban Stay Suites,2,180.0,0.12,1,0.016302499371440946
tablet,Android,Samsung Internet,"43.1431,-90.2929","39.6296,-81.3822",0.0,0,0.0,SUB_3,Grand Horizon Resorts,3,450.0,0.15,0,0.016302499371440946
tablet,Android,Samsung Internet,"43.1431,-90.2929","39.6296,-81.3822",0.0,0,0.0,SUB_4,EcoLodge Boutique,2,220.0,0.14,1,0.016302499371440946
tablet,Android,Samsung Internet,"43.1431,-90.2929","39.6296,-81.3822",0.0,0,0.0,SUB_5,Express Stop Motel,1,-99.0,0.08,0,0.016302499371440946
mobile,iOS,Chrome,"40.4312,-99.4313","47.0035,-81.619",0.0,0,0.0,SUB_1,BudgetInns Global,1,85.0,0.1,1,0.029312230751356333
mobile,iOS,Chrome,"40.4312,-99.4313","47.0035,-81.619",0.0,0,0.0,SUB_2,Urban Stay Suites,2,180.0,0.12,1,0.029312230751356333
mobile,iOS,Chrome,"40.4312,-99.4313","47.0035,-81.619",0.0,0,0.0,SUB_3,Grand Horizon Resorts,3,450.0,0.15,0,0.013386917827664779
mobile,iOS,Chrome,"40.4312,-99.4313","47.0035,-81.619",0.0,0,0.0,SUB_4,EcoLodge Boutique,2,220.0,0.14,1,0.029312230751356333
mobile,iOS,Chrome,"40.4312,-99.4313","47.0035,-81.619",0.0,0,0.0,SUB_5,Express Stop Motel,1,-99.0,0.08,0,0.013386917827664779
tablet,Android,Chrome,"43.4852,-113.6807","44.9107,-96.9976",0.0,0,0.0,SUB_1,BudgetInns Global,1,85.0,0.1,1,0.029312230751356333
tablet,Android,Chrome,"43.4852,-113.6807","44.9107,-96.9976",0.0,0,0.0,SUB_2,Urban Stay Suites,2,180.0,0.12,1,0.029312230751356333
tablet,Android,Chrome,"43.4852,-113.6807","44.9107,-96.9976",0.0,0,0.0,SUB_3,Grand Horizon Resorts,3,450.0,0.15,0,0.029312230751356333
tablet,Android,Chrome,"43.4852,-113.6807","44.9107,-96.9976",0.0,0,0.0,SUB_4,EcoLodge Boutique,2,220.0,0.14,1,0.029312230751356333
tablet,Android,Chrome,"43.4852,-113.6807","44.9107,-96.9976",0.0,0,0.0,SUB_5,Express Stop Motel,1,-99.0,0.08,0,0.029312230751356333
mobile,Android,Samsung Internet,"30.3667,-118.6078","43.68,-115.2708",0.0,0,1.0,SUB_1,BudgetInns Global,1,85.0,0.1,1,0.045217473483287515
mobile,Android,Samsung Internet,"30.3667,-118.6078","43.68,-115.2708",0.0,0,1.0,SUB_2,Urban Stay Suites,2,180.0,0.12,1,0.045217473483287515
mobile,Android,Samsung Internet,"30.3667,-118.6078","43.68,-115.2708",0.0,0,1.0,SUB_3,Grand Horizon Resorts,3,450.0,0.15,0,0.02083634451868043
mobile,Android,Samsung Internet,"30.3667,-118.6078","43.68,-115.2708",0.0,0,1.0,SUB_4,EcoLodge Boutique,2,220.0,0.14,1,0.045217473483287515
mobile,Android,Samsung Internet,"30.3667,-118.6078","43.68,-115.2708",0.0,0,1.0,SUB_5,Express Stop Motel,1,-99.0,0.08,0,0.02083634451868043
